OrderID,OrderDate,ShipDate,ShipMode,CustomerID,CustomerState,Region,ProductID,Quantity,UnitPrice,Discount,SalesAmount,Profit
ORD-2025-00001,2025-05-31,2025-06-07,Standard Class,C-027,OH,North,P-018,4,8.99,0,35.96,21.56
ORD-2024-00002,2024-01-31,2024-02-06,First Class,C-029,TX,South,P-001,6,1299,0,7794,3234
ORD-2024-00003,2024-10-07,2024-10-10,Standard Class,C-026,IN,North,P-003,10,849,0.05,8065.5,2665.5
ORD-2024-00004,2024-08-29,2024-09-04,Same Day,C-029,TX,South,P-008,10,89.99,0.2,719.92,339.92
ORD-2025-00005,2025-09-26,2025-09-29,First Class,C-028,WI,North,P-008,4,89.99,0,359.96,207.96
ORD-2025-00006,2025-10-17,2025-10-20,Second Class,C-009,MA,East,P-016,9,6.99,0.15,53.47,24.67
ORD-2025-00007,2025-04-06,2025-04-09,Same Day,C-014,CA,West,P-007,7,119,0.1,749.7,301.7
ORD-2024-00008,2024-06-07,2024-06-09,Second Class,C-034,CA,West,P-017,4,12.49,0.15,42.47,22.07
ORD-2024-00009,2024-09-05,2024-09-09,Same Day,C-037,OH,North,P-012,5,249,0,1245,545
ORD-2025-00010,2025-01-08,2025-01-13,Standard Class,C-005,AZ,West,P-019,5,68,0.05,323,153
ORD-2025-00011,2025-06-26,2025-06-30,Standard Class,C-005,AZ,West,P-020,12,34.99,0.15,356.9,188.9
ORD-2025-00012,2025-07-13,2025-07-18,First Class,C-004,TX,South,P-009,4,199,0.2,636.8,252.8
ORD-2025-00013,2025-06-11,2025-06-14,First Class,C-022,UT,West,P-007,6,119,0.05,678.3,294.3
ORD-2024-00014,2024-09-10,2024-09-11,Second Class,C-001,NY,East,P-007,1,119,0.15,101.15,37.15
ORD-2025-00015,2025-12-21,2025-12-22,First Class,C-040,KY,South,P-001,10,1299,0.15,11041.5,3441.5
ORD-2025-00016,2025-02-16,2025-02-18,Second Class,C-032,AB,North,P-003,4,849,0.2,2716.8,556.8
ORD-2024-00017,2024-06-21,2024-06-24,Standard Class,C-024,NC,South,P-013,7,179,0,1253,588
ORD-2025-00018,2025-09-06,2025-09-09,Second Class,C-017,TN,South,P-005,6,329,0.05,1875.3,705.3
ORD-2024-00019,2024-08-28,2024-08-31,Second Class,C-040,KY,South,P-015,9,289,0.05,2470.95,985.95
ORD-2025-00020,2025-04-14,2025-04-18,Same Day,C-002,CA,West,P-002,2,999,0.1,1798.2,578.2
ORD-2024-00021,2024-08-22,2024-08-23,Second Class,C-003,IL,North,P-015,6,289,0,1734,744
ORD-2025-00022,2025-03-25,2025-03-26,Same Day,C-032,AB,North,P-009,10,199,0.1,1791,831
ORD-2024-00023,2024-10-05,2024-10-10,First Class,C-023,FL,South,P-005,9,329,0,2961,1206
ORD-2025-00024,2025-01-23,2025-01-25,Second Class,C-011,TX,South,P-016,1,6.99,0.15,5.94,2.74
ORD-2025-00025,2025-04-06,2025-04-12,First Class,C-033,TX,South,P-020,2,34.99,0.05,66.48,38.48
ORD-2025-00026,2025-11-12,2025-11-17,Standard Class,C-009,MA,East,P-008,12,89.99,0,1079.88,623.88
ORD-2025-00027,2025-07-02,2025-07-04,Same Day,C-030,MD,East,P-018,11,8.99,0.05,93.95,54.35
ORD-2024-00028,2024-06-28,2024-07-02,Second Class,C-037,OH,North,P-019,9,68,0.05,581.4,275.4
ORD-2024-00029,2024-04-06,2024-04-09,First Class,C-021,FL,South,P-003,9,849,0.15,6494.85,1634.85
ORD-2025-00030,2025-02-25,2025-03-01,Same Day,C-014,CA,West,P-020,4,34.99,0.05,132.96,76.96
ORD-2025-00031,2025-07-14,2025-07-18,Same Day,C-030,MD,East,P-008,9,89.99,0.1,728.92,386.92
ORD-2024-00032,2024-01-16,2024-01-20,First Class,C-017,TN,South,P-015,11,289,0.1,2861.1,1046.1
ORD-2024-00033,2024-03-25,2024-03-29,Standard Class,C-006,WA,West,P-018,1,8.99,0.15,7.64,4.04
ORD-2025-00034,2025-10-22,2025-10-27,First Class,C-004,TX,South,P-008,2,89.99,0,179.98,103.98
ORD-2024-00035,2024-01-10,2024-01-14,Same Day,C-002,CA,West,P-019,8,68,0.1,489.6,217.6
ORD-2024-00036,2024-05-13,2024-05-17,Same Day,C-037,OH,North,P-013,11,179,0,1969,924
ORD-2025-00037,2025-04-16,2025-04-19,First Class,C-038,LA,South,P-020,10,34.99,0.2,279.92,139.92
ORD-2025-00038,2025-11-17,2025-11-20,Standard Class,C-025,TN,South,P-004,8,499,0.15,3393.2,913.2
ORD-2024-00039,2024-08-07,2024-08-13,First Class,C-016,OH,North,P-010,7,429,0.1,2702.7,1022.7
ORD-2024-00040,2024-02-28,2024-03-05,Same Day,C-025,TN,South,P-001,8,1299,0.15,8833.2,2753.2
ORD-2025-00041,2025-10-15,2025-10-18,Second Class,C-007,GA,South,P-003,12,849,0.1,9169.2,2689.2
ORD-2024-00042,2024-12-09,2024-12-15,Second Class,C-007,GA,South,P-002,3,999,0,2997,1167
ORD-2025-00043,2025-12-21,2025-12-22,Same Day,C-001,NY,East,P-006,7,49.99,0.1,314.94,167.94
ORD-2025-00044,2025-03-30,2025-04-06,Second Class,C-018,NC,South,P-015,6,289,0.2,1387.2,397.2
ORD-2024-00045,2024-01-05,2024-01-06,First Class,C-026,IN,North,P-013,5,179,0.1,805.5,330.5
ORD-2024-00046,2024-07-25,2024-07-31,First Class,C-031,BC,North,P-008,2,89.99,0.1,161.98,85.98
ORD-2024-00047,2024-08-30,2024-09-03,Standard Class,C-037,OH,North,P-010,3,429,0.15,1093.95,373.95
ORD-2025-00048,2025-03-18,2025-03-24,Standard Class,C-033,TX,South,P-006,9,49.99,0,449.91,260.91
ORD-2024-00049,2024-10-11,2024-10-12,Second Class,C-017,TN,South,P-009,11,199,0.2,1751.2,695.2
ORD-2025-00050,2025-03-16,2025-03-18,First Class,C-009,MA,East,P-015,7,289,0.15,1719.55,564.55
ORD-2025-00051,2025-12-31,2026-01-02,First Class,C-019,NV,West,P-017,11,12.49,0,137.39,81.29
ORD-2024-00052,2024-07-17,2024-07-24,Second Class,C-040,KY,South,P-013,4,179,0.05,680.2,300.2
ORD-2024-00053,2024-03-04,2024-03-08,Standard Class,C-008,MI,North,P-019,7,68,0.2,380.8,142.8
ORD-2024-00054,2024-08-20,2024-08-23,Standard Class,C-021,FL,South,P-019,5,68,0.1,306,136
ORD-2024-00055,2024-11-08,2024-11-15,Standard Class,C-026,IN,North,P-004,5,499,0.05,2370.25,820.25
ORD-2024-00056,2024-11-21,2024-11-25,First Class,C-010,CO,West,P-018,5,8.99,0.05,42.7,24.7
ORD-2025-00057,2025-05-29,2025-06-04,Second Class,C-001,NY,East,P-010,7,429,0,3003,1323
ORD-2025-00058,2025-09-14,2025-09-15,Standard Class,C-007,GA,South,P-005,6,329,0.05,1875.3,705.3
ORD-2024-00059,2024-06-02,2024-06-06,Second Class,C-027,OH,North,P-017,6,12.49,0.1,67.45,36.85
ORD-2024-00060,2024-10-03,2024-10-06,Second Class,C-029,TX,South,P-004,2,499,0.2,798.4,178.4
ORD-2025-00061,2025-05-16,2025-05-18,Second Class,C-025,TN,South,P-009,8,199,0.1,1432.8,664.8
ORD-2025-00062,2025-06-26,2025-06-30,Second Class,C-003,IL,North,P-016,10,6.99,0.2,55.92,23.92
ORD-2024-00063,2024-04-03,2024-04-05,Same Day,C-036,PA,East,P-007,3,119,0.1,321.3,129.3
ORD-2024-00064,2024-03-07,2024-03-13,Same Day,C-037,OH,North,P-005,5,329,0,1645,670
ORD-2025-00065,2025-11-03,2025-11-06,Standard Class,C-029,TX,South,P-020,12,34.99,0.2,335.9,167.9
ORD-2025-00066,2025-09-16,2025-09-17,First Class,C-030,MD,East,P-016,11,6.99,0.15,65.36,30.16
ORD-2025-00067,2025-08-12,2025-08-17,Same Day,C-008,MI,North,P-018,4,8.99,0.05,34.16,19.76
ORD-2024-00068,2024-02-18,2024-02-25,Second Class,C-037,OH,North,P-020,10,34.99,0.2,279.92,139.92
ORD-2025-00069,2025-11-07,2025-11-10,Second Class,C-003,IL,North,P-019,7,68,0.05,452.2,214.2
ORD-2024-00070,2024-02-17,2024-02-21,Same Day,C-040,KY,South,P-001,5,1299,0.15,5520.75,1720.75
ORD-2025-00071,2025-05-30,2025-06-06,First Class,C-032,AB,North,P-006,7,49.99,0.1,314.94,167.94
ORD-2024-00072,2024-11-14,2024-11-19,Standard Class,C-031,BC,North,P-017,12,12.49,0.2,119.9,58.7
ORD-2025-00073,2025-06-10,2025-06-13,First Class,C-014,CA,West,P-016,8,6.99,0,55.92,30.32
ORD-2025-00074,2025-12-07,2025-12-12,Same Day,C-038,LA,South,P-003,3,849,0.05,2419.65,799.65
ORD-2025-00075,2025-12-11,2025-12-15,Standard Class,C-030,MD,East,P-006,7,49.99,0.1,314.94,167.94
ORD-2024-00076,2024-08-01,2024-08-07,First Class,C-039,OK,Central,P-020,6,34.99,0.2,167.95,83.95
ORD-2024-00077,2024-05-21,2024-05-26,Standard Class,C-036,PA,East,P-012,5,249,0.05,1182.75,482.75
ORD-2025-00078,2025-09-29,2025-10-03,Second Class,C-034,CA,West,P-006,11,49.99,0,549.89,318.89
ORD-2025-00079,2025-03-13,2025-03-17,Standard Class,C-006,WA,West,P-013,9,179,0,1611,756
ORD-2024-00080,2024-01-11,2024-01-13,First Class,C-020,MO,North,P-001,8,1299,0.15,8833.2,2753.2
ORD-2025-00081,2025-04-24,2025-04-28,Same Day,C-028,WI,North,P-005,9,329,0.15,2516.85,761.85
ORD-2025-00082,2025-06-06,2025-06-08,First Class,C-031,BC,North,P-019,5,68,0,340,170
ORD-2024-00083,2024-11-11,2024-11-15,Standard Class,C-016,OH,North,P-018,6,8.99,0.05,51.24,29.64
ORD-2024-00084,2024-04-03,2024-04-07,Second Class,C-034,CA,West,P-020,6,34.99,0.1,188.95,104.95
ORD-2024-00085,2024-02-10,2024-02-15,Second Class,C-012,FL,South,P-007,11,119,0,1309,605
ORD-2025-00086,2025-12-18,2025-12-22,Second Class,C-012,FL,South,P-005,7,329,0.1,2072.7,707.7
ORD-2024-00087,2024-04-10,2024-04-13,First Class,C-017,TN,South,P-007,1,119,0.05,113.05,49.05
ORD-2025-00088,2025-04-01,2025-04-04,Standard Class,C-001,NY,East,P-004,8,499,0,3992,1512
ORD-2025-00089,2025-10-18,2025-10-19,Standard Class,C-007,GA,South,P-004,1,499,0.05,474.05,164.05
ORD-2025-00090,2025-08-31,2025-09-06,Standard Class,C-038,LA,South,P-003,6,849,0,5094,1854
ORD-2024-00091,2024-11-18,2024-11-25,Second Class,C-013,ON,North,P-018,8,8.99,0.05,68.32,39.52
ORD-2024-00092,2024-06-23,2024-06-27,Second Class,C-027,OH,North,P-002,4,999,0.1,3596.4,1156.4
ORD-2024-00093,2024-06-03,2024-06-05,Standard Class,C-022,UT,West,P-019,7,68,0.05,452.2,214.2
ORD-2024-00094,2024-11-04,2024-11-05,Standard Class,C-029,TX,South,P-017,12,12.49,0.15,127.4,66.2
ORD-2025-00095,2025-01-13,2025-01-15,Standard Class,C-024,NC,South,P-013,12,179,0.05,2040.6,900.6
ORD-2025-00096,2025-03-08,2025-03-11,First Class,C-035,MO,North,P-004,12,499,0,5988,2268
ORD-2024-00097,2024-02-19,2024-02-20,Same Day,C-033,TX,South,P-019,6,68,0.1,367.2,163.2
ORD-2024-00098,2024-02-09,2024-02-10,First Class,C-019,NV,West,P-018,6,8.99,0,53.94,32.34
ORD-2024-00099,2024-11-08,2024-11-12,First Class,C-013,ON,North,P-020,3,34.99,0,104.97,62.97
ORD-2024-00100,2024-02-06,2024-02-08,Same Day,C-011,TX,South,P-014,9,59,0.15,451.35,199.35
ORD-2024-00101,2024-08-01,2024-08-06,Second Class,C-031,BC,North,P-018,4,8.99,0.15,30.57,16.17
ORD-2024-00102,2024-09-16,2024-09-22,Second Class,C-011,TX,South,P-011,11,559,0,6149,2519
ORD-2025-00103,2025-08-19,2025-08-22,Standard Class,C-032,AB,North,P-010,9,429,0,3861,1701
ORD-2025-00104,2025-02-07,2025-02-08,Second Class,C-001,NY,East,P-013,9,179,0.15,1369.35,514.35
ORD-2024-00105,2024-09-17,2024-09-21,First Class,C-011,TX,South,P-011,9,559,0.05,4779.45,1809.45
ORD-2025-00106,2025-05-21,2025-05-28,First Class,C-003,IL,North,P-004,11,499,0,5489,2079
ORD-2024-00107,2024-11-17,2024-11-19,Standard Class,C-025,TN,South,P-009,5,199,0,995,515
ORD-2025-00108,2025-03-12,2025-03-16,Standard Class,C-030,MD,East,P-008,3,89.99,0,269.97,155.97
ORD-2025-00109,2025-04-29,2025-05-02,Same Day,C-013,ON,North,P-007,9,119,0.05,1017.45,441.45
ORD-2025-00110,2025-08-14,2025-08-16,Same Day,C-021,FL,South,P-018,6,8.99,0.15,45.85,24.25
ORD-2024-00111,2024-01-19,2024-01-26,Standard Class,C-013,ON,North,P-003,12,849,0.05,9678.6,3198.6
ORD-2024-00112,2024-04-08,2024-04-15,First Class,C-020,MO,North,P-020,9,34.99,0.05,299.16,173.16
ORD-2024-00113,2024-11-02,2024-11-04,Same Day,C-019,NV,West,P-006,10,49.99,0.1,449.91,239.91
ORD-2025-00114,2025-05-13,2025-05-20,First Class,C-029,TX,South,P-018,1,8.99,0,8.99,5.39
ORD-2025-00115,2025-07-09,2025-07-14,Standard Class,C-035,MO,North,P-017,3,12.49,0.05,35.6,20.3
ORD-2024-00116,2024-10-04,2024-10-11,Standard Class,C-006,WA,West,P-020,9,34.99,0.1,283.42,157.42
ORD-2025-00117,2025-02-03,2025-02-04,First Class,C-011,TX,South,P-012,6,249,0.05,1419.3,579.3
ORD-2024-00118,2024-03-23,2024-03-27,Standard Class,C-018,NC,South,P-006,6,49.99,0,299.94,173.94
ORD-2024-00119,2024-07-20,2024-07-22,Second Class,C-030,MD,East,P-003,2,849,0,1698,618
ORD-2025-00120,2025-10-07,2025-10-09,Same Day,C-036,PA,East,P-003,1,849,0.2,679.2,139.2
ORD-2024-00121,2024-05-28,2024-05-29,Standard Class,C-032,AB,North,P-007,10,119,0.2,952,312
ORD-2025-00122,2025-07-24,2025-07-29,First Class,C-030,MD,East,P-001,9,1299,0,11691,4851
ORD-2025-00123,2025-08-23,2025-08-26,Standard Class,C-022,UT,West,P-006,12,49.99,0.1,539.89,287.89
ORD-2024-00124,2024-10-11,2024-10-17,Second Class,C-038,LA,South,P-010,3,429,0,1287,567
ORD-2024-00125,2024-03-16,2024-03-22,Same Day,C-024,NC,South,P-016,6,6.99,0.1,37.75,18.55
ORD-2024-00126,2024-11-03,2024-11-07,Standard Class,C-006,WA,West,P-014,2,59,0.05,112.1,56.1
ORD-2024-00127,2024-09-10,2024-09-13,Same Day,C-003,IL,North,P-003,1,849,0.2,679.2,139.2
ORD-2025-00128,2025-10-05,2025-10-11,Standard Class,C-019,NV,West,P-014,10,59,0.05,560.5,280.5
ORD-2025-00129,2025-02-22,2025-02-23,First Class,C-023,FL,South,P-020,12,34.99,0,419.88,251.88
ORD-2025-00130,2025-11-17,2025-11-19,Standard Class,C-011,TX,South,P-011,3,559,0.05,1593.15,603.15
ORD-2025-00131,2025-11-15,2025-11-19,First Class,C-035,MO,North,P-012,2,249,0.1,448.2,168.2
ORD-2024-00132,2024-06-21,2024-06-26,Same Day,C-019,NV,West,P-013,1,179,0,179,84
ORD-2025-00133,2025-02-04,2025-02-10,Second Class,C-031,BC,North,P-020,7,34.99,0,244.93,146.93
ORD-2024-00134,2024-05-21,2024-05-28,Second Class,C-001,NY,East,P-020,11,34.99,0.15,327.16,173.16
ORD-2024-00135,2024-04-12,2024-04-19,First Class,C-019,NV,West,P-018,7,8.99,0.05,59.78,34.58
ORD-2024-00136,2024-12-01,2024-12-02,First Class,C-006,WA,West,P-005,10,329,0,3290,1340
ORD-2024-00137,2024-12-17,2024-12-22,Second Class,C-009,MA,East,P-014,2,59,0.1,106.2,50.2
ORD-2024-00138,2024-07-06,2024-07-11,First Class,C-037,OH,North,P-012,7,249,0.1,1568.7,588.7
ORD-2025-00139,2025-10-19,2025-10-24,Same Day,C-031,BC,North,P-006,7,49.99,0.1,314.94,167.94
ORD-2024-00140,2024-05-26,2024-05-30,First Class,C-019,NV,West,P-019,8,68,0.2,435.2,163.2
ORD-2024-00141,2024-05-26,2024-05-28,Standard Class,C-015,OR,West,P-015,11,289,0,3179,1364
ORD-2024-00142,2024-09-08,2024-09-09,First Class,C-002,CA,West,P-009,8,199,0,1592,824
ORD-2025-00143,2025-09-04,2025-09-10,Second Class,C-036,PA,East,P-013,7,179,0.15,1065.05,400.05
ORD-2025-00144,2025-07-27,2025-08-01,First Class,C-004,TX,South,P-001,3,1299,0,3897,1617
ORD-2025-00145,2025-06-17,2025-06-19,Same Day,C-001,NY,East,P-015,12,289,0.15,2947.8,967.8
ORD-2024-00146,2024-01-25,2024-01-31,Standard Class,C-003,IL,North,P-009,5,199,0.15,845.75,365.75
ORD-2025-00147,2025-07-29,2025-08-05,First Class,C-028,WI,North,P-011,10,559,0.05,5310.5,2010.5
ORD-2024-00148,2024-08-31,2024-09-02,Standard Class,C-012,FL,South,P-017,6,12.49,0,74.94,44.34
ORD-2024-00149,2024-04-24,2024-04-25,Standard Class,C-021,FL,South,P-001,4,1299,0.05,4936.2,1896.2
ORD-2024-00150,2024-02-12,2024-02-18,Second Class,C-014,CA,West,P-005,3,329,0.1,888.3,303.3
ORD-2024-00151,2024-01-29,2024-02-05,First Class,C-006,WA,West,P-014,7,59,0,413,217
ORD-2025-00152,2025-02-28,2025-03-04,Same Day,C-026,IN,North,P-019,12,68,0,816,408
ORD-2024-00153,2024-09-15,2024-09-18,Same Day,C-011,TX,South,P-005,7,329,0.1,2072.7,707.7
ORD-2025-00154,2025-05-11,2025-05-16,Same Day,C-034,CA,West,P-013,7,179,0.05,1190.35,525.35
ORD-2024-00155,2024-08-20,2024-08-25,Second Class,C-023,FL,South,P-005,2,329,0,658,268
ORD-2025-00156,2025-07-06,2025-07-12,Same Day,C-015,OR,West,P-005,2,329,0.1,592.2,202.2
ORD-2024-00157,2024-11-04,2024-11-09,First Class,C-007,GA,South,P-010,9,429,0,3861,1701
ORD-2025-00158,2025-03-06,2025-03-07,Same Day,C-019,NV,West,P-004,9,499,0,4491,1701
ORD-2024-00159,2024-05-07,2024-05-14,Standard Class,C-030,MD,East,P-003,9,849,0,7641,2781
ORD-2024-00160,2024-03-17,2024-03-24,Second Class,C-033,TX,South,P-006,6,49.99,0.1,269.95,143.95
ORD-2024-00161,2024-07-31,2024-08-04,Standard Class,C-030,MD,East,P-010,4,429,0.2,1372.8,412.8
ORD-2025-00162,2025-05-20,2025-05-25,First Class,C-005,AZ,West,P-002,10,999,0.1,8991,2891
ORD-2024-00163,2024-04-23,2024-04-26,First Class,C-039,OK,Central,P-004,1,499,0.05,474.05,164.05
ORD-2025-00164,2025-12-27,2025-12-30,Same Day,C-018,NC,South,P-018,10,8.99,0,89.9,53.9
ORD-2024-00165,2024-01-07,2024-01-11,Second Class,C-035,MO,North,P-017,2,12.49,0,24.98,14.78
ORD-2024-00166,2024-10-18,2024-10-21,Same Day,C-026,IN,North,P-002,11,999,0,10989,4279
ORD-2025-00167,2025-01-31,2025-02-01,Second Class,C-008,MI,North,P-005,11,329,0.05,3438.05,1293.05
ORD-2024-00168,2024-08-16,2024-08-18,Same Day,C-034,CA,West,P-019,10,68,0.1,612,272
ORD-2025-00169,2025-11-25,2025-12-02,First Class,C-018,NC,South,P-014,10,59,0,590,310
ORD-2025-00170,2025-02-01,2025-02-03,Second Class,C-039,OK,Central,P-006,1,49.99,0.1,44.99,23.99
ORD-2024-00171,2024-04-21,2024-04-22,Second Class,C-023,FL,South,P-011,10,559,0.05,5310.5,2010.5
ORD-2025-00172,2025-03-31,2025-04-05,Second Class,C-007,GA,South,P-018,7,8.99,0,62.93,37.73
ORD-2024-00173,2024-12-16,2024-12-20,Second Class,C-022,UT,West,P-020,3,34.99,0.1,94.47,52.47
ORD-2024-00174,2024-11-11,2024-11-15,Same Day,C-031,BC,North,P-002,9,999,0.05,8541.45,3051.45
ORD-2024-00175,2024-07-20,2024-07-22,Second Class,C-030,MD,East,P-020,11,34.99,0.1,346.4,192.4
ORD-2024-00176,2024-04-20,2024-04-27,Second Class,C-031,BC,North,P-019,11,68,0,748,374
ORD-2024-00177,2024-08-28,2024-08-30,Standard Class,C-002,CA,West,P-017,3,12.49,0.2,29.98,14.68
ORD-2024-00178,2024-03-09,2024-03-11,First Class,C-032,AB,North,P-014,11,59,0,649,341
ORD-2024-00179,2024-02-16,2024-02-22,First Class,C-021,FL,South,P-019,9,68,0.2,489.6,183.6
ORD-2024-00180,2024-06-17,2024-06-22,First Class,C-003,IL,North,P-013,10,179,0,1790,840
ORD-2025-00181,2025-11-14,2025-11-19,Second Class,C-008,MI,North,P-017,11,12.49,0.1,123.65,67.55
ORD-2024-00182,2024-01-20,2024-01-27,Standard Class,C-019,NV,West,P-016,7,6.99,0.1,44.04,21.64
ORD-2025-00183,2025-07-02,2025-07-05,Standard Class,C-014,CA,West,P-002,9,999,0.1,8091.9,2601.9
ORD-2024-00184,2024-07-20,2024-07-22,First Class,C-034,CA,West,P-014,1,59,0.2,47.2,19.2
ORD-2025-00185,2025-10-22,2025-10-25,Same Day,C-030,MD,East,P-019,8,68,0.1,489.6,217.6
ORD-2024-00186,2024-03-08,2024-03-09,Same Day,C-002,CA,West,P-007,1,119,0,119,55
ORD-2024-00187,2024-03-21,2024-03-22,First Class,C-029,TX,South,P-009,6,199,0,1194,618
ORD-2025-00188,2025-02-12,2025-02-18,Standard Class,C-006,WA,West,P-011,3,559,0.15,1425.45,435.45
ORD-2024-00189,2024-04-19,2024-04-22,Second Class,C-025,TN,South,P-013,10,179,0.05,1700.5,750.5
ORD-2025-00190,2025-04-21,2025-04-26,Same Day,C-024,NC,South,P-012,8,249,0.15,1693.2,573.2
ORD-2024-00191,2024-06-08,2024-06-15,Same Day,C-017,TN,South,P-009,12,199,0.05,2268.6,1116.6
ORD-2024-00192,2024-07-02,2024-07-03,First Class,C-026,IN,North,P-005,4,329,0.1,1184.4,404.4
ORD-2025-00193,2025-10-24,2025-10-25,Second Class,C-031,BC,North,P-005,11,329,0,3619,1474
ORD-2025-00194,2025-05-08,2025-05-14,Standard Class,C-022,UT,West,P-007,3,119,0.1,321.3,129.3
ORD-2025-00195,2025-01-11,2025-01-13,Same Day,C-022,UT,West,P-003,5,849,0,4245,1545
ORD-2024-00196,2024-06-21,2024-06-22,Second Class,C-024,NC,South,P-018,12,8.99,0.2,86.3,43.1
ORD-2024-00197,2024-03-31,2024-04-04,Same Day,C-001,NY,East,P-004,10,499,0.05,4740.5,1640.5
ORD-2024-00198,2024-06-09,2024-06-13,Same Day,C-014,CA,West,P-018,9,8.99,0,80.91,48.51
ORD-2024-00199,2024-06-27,2024-06-29,Same Day,C-005,AZ,West,P-011,10,559,0.05,5310.5,2010.5
ORD-2025-00200,2025-08-02,2025-08-07,Same Day,C-013,ON,North,P-013,3,179,0,537,252
ORD-2025-00201,2025-01-08,2025-01-11,Standard Class,C-004,TX,South,P-001,11,1299,0.2,11431.2,3071.2
ORD-2025-00202,2025-12-21,2025-12-24,Standard Class,C-027,OH,North,P-007,6,119,0.05,678.3,294.3
ORD-2024-00203,2024-11-10,2024-11-17,Same Day,C-001,NY,East,P-011,8,559,0,4472,1832
ORD-2024-00204,2024-07-15,2024-07-22,Same Day,C-023,FL,South,P-007,2,119,0.1,214.2,86.2
ORD-2024-00205,2024-01-13,2024-01-19,Standard Class,C-001,NY,East,P-004,7,499,0.15,2969.05,799.05
ORD-2025-00206,2025-03-14,2025-03-17,Second Class,C-021,FL,South,P-017,8,12.49,0,99.92,59.12
ORD-2025-00207,2025-11-04,2025-11-06,Same Day,C-017,TN,South,P-018,7,8.99,0,62.93,37.73
ORD-2024-00208,2024-01-01,2024-01-02,Standard Class,C-003,IL,North,P-001,4,1299,0.05,4936.2,1896.2
ORD-2024-00209,2024-03-22,2024-03-25,First Class,C-018,NC,South,P-004,9,499,0.05,4266.45,1476.45
ORD-2025-00210,2025-02-07,2025-02-14,Standard Class,C-012,FL,South,P-005,8,329,0,2632,1072
ORD-2025-00211,2025-10-08,2025-10-15,Same Day,C-027,OH,North,P-014,9,59,0.05,504.45,252.45
ORD-2025-00212,2025-09-06,2025-09-09,Second Class,C-002,CA,West,P-002,10,999,0.05,9490.5,3390.5
ORD-2025-00213,2025-05-08,2025-05-13,Standard Class,C-003,IL,North,P-001,2,1299,0.05,2468.1,948.1
ORD-2024-00214,2024-06-27,2024-07-03,Same Day,C-018,NC,South,P-018,7,8.99,0.05,59.78,34.58
ORD-2024-00215,2024-02-08,2024-02-09,First Class,C-038,LA,South,P-019,5,68,0,340,170
ORD-2024-00216,2024-06-23,2024-06-25,Same Day,C-015,OR,West,P-018,8,8.99,0,71.92,43.12
ORD-2025-00217,2025-11-21,2025-11-23,Same Day,C-034,CA,West,P-006,7,49.99,0,349.93,202.93
ORD-2025-00218,2025-01-26,2025-02-01,Second Class,C-034,CA,West,P-010,11,429,0.1,4247.1,1607.1
ORD-2024-00219,2024-08-25,2024-08-27,First Class,C-031,BC,North,P-001,10,1299,0.1,11691,4091
ORD-2025-00220,2025-11-18,2025-11-22,Same Day,C-012,FL,South,P-006,11,49.99,0.1,494.9,263.9
ORD-2025-00221,2025-01-05,2025-01-09,Same Day,C-002,CA,West,P-014,4,59,0,236,124
ORD-2024-00222,2024-06-28,2024-07-05,First Class,C-040,KY,South,P-014,10,59,0.2,472,192
ORD-2024-00223,2024-09-04,2024-09-11,Standard Class,C-007,GA,South,P-004,7,499,0.1,3143.7,973.7
ORD-2025-00224,2025-02-06,2025-02-10,Second Class,C-024,NC,South,P-003,8,849,0.15,5773.2,1453.2
ORD-2025-00225,2025-09-26,2025-10-02,First Class,C-016,OH,North,P-010,10,429,0,4290,1890
ORD-2025-00226,2025-10-06,2025-10-11,Same Day,C-005,AZ,West,P-007,11,119,0,1309,605
ORD-2025-00227,2025-12-28,2026-01-04,Second Class,C-008,MI,North,P-007,12,119,0,1428,660
ORD-2024-00228,2024-09-01,2024-09-04,Same Day,C-003,IL,North,P-003,2,849,0,1698,618
ORD-2024-00229,2024-08-02,2024-08-08,Second Class,C-015,OR,West,P-018,6,8.99,0.15,45.85,24.25
ORD-2025-00230,2025-01-09,2025-01-10,Standard Class,C-026,IN,North,P-007,8,119,0.1,856.8,344.8
ORD-2025-00231,2025-07-14,2025-07-19,Second Class,C-025,TN,South,P-004,6,499,0,2994,1134
ORD-2024-00232,2024-05-31,2024-06-01,Second Class,C-027,OH,North,P-002,3,999,0,2997,1167
ORD-2024-00233,2024-10-16,2024-10-20,Standard Class,C-033,TX,South,P-008,10,89.99,0.2,719.92,339.92
ORD-2025-00234,2025-12-15,2025-12-18,Standard Class,C-008,MI,North,P-008,2,89.99,0.1,161.98,85.98
ORD-2025-00235,2025-06-09,2025-06-13,First Class,C-040,KY,South,P-006,7,49.99,0,349.93,202.93
ORD-2025-00236,2025-06-19,2025-06-24,Standard Class,C-003,IL,North,P-009,3,199,0.15,507.45,219.45
ORD-2024-00237,2024-06-15,2024-06-20,Second Class,C-024,NC,South,P-014,3,59,0.05,168.15,84.15
ORD-2025-00238,2025-11-12,2025-11-18,First Class,C-013,ON,North,P-002,6,999,0.1,5394.6,1734.6
ORD-2025-00239,2025-09-07,2025-09-11,Standard Class,C-021,FL,South,P-016,7,6.99,0.05,46.48,24.08
ORD-2024-00240,2024-05-30,2024-06-02,Same Day,C-034,CA,West,P-009,2,199,0.1,358.2,166.2
ORD-2024-00241,2024-12-07,2024-12-12,First Class,C-017,TN,South,P-011,8,559,0.1,4024.8,1384.8
ORD-2025-00242,2025-01-22,2025-01-25,First Class,C-023,FL,South,P-008,7,89.99,0.05,598.43,332.43
ORD-2025-00243,2025-09-07,2025-09-14,Same Day,C-030,MD,East,P-005,5,329,0.15,1398.25,423.25
ORD-2025-00244,2025-03-30,2025-04-03,Second Class,C-025,TN,South,P-012,12,249,0.05,2838.6,1158.6
ORD-2024-00245,2024-03-31,2024-04-06,Same Day,C-025,TN,South,P-017,2,12.49,0.05,23.73,13.53
ORD-2025-00246,2025-01-27,2025-01-30,Standard Class,C-017,TN,South,P-008,11,89.99,0.05,940.4,522.4
ORD-2024-00247,2024-02-05,2024-02-09,Second Class,C-015,OR,West,P-013,1,179,0.05,170.05,75.05
ORD-2025-00248,2025-02-18,2025-02-19,First Class,C-021,FL,South,P-003,11,849,0,9339,3399
ORD-2024-00249,2024-10-22,2024-10-27,Standard Class,C-030,MD,East,P-005,7,329,0.05,2187.85,822.85
ORD-2025-00250,2025-02-06,2025-02-10,Standard Class,C-023,FL,South,P-004,2,499,0.15,848.3,228.3
ORD-2024-00251,2024-01-23,2024-01-28,Standard Class,C-039,OK,Central,P-005,2,329,0.2,526.4,136.4
ORD-2025-00252,2025-08-10,2025-08-13,Second Class,C-007,GA,South,P-003,11,849,0,9339,3399
ORD-2025-00253,2025-11-01,2025-11-04,Standard Class,C-040,KY,South,P-020,8,34.99,0.2,223.94,111.94
ORD-2024-00254,2024-03-30,2024-03-31,Same Day,C-025,TN,South,P-014,10,59,0.15,501.5,221.5
ORD-2025-00255,2025-11-17,2025-11-23,Second Class,C-040,KY,South,P-016,5,6.99,0.2,27.96,11.96
ORD-2024-00256,2024-08-26,2024-08-27,Second Class,C-011,TX,South,P-010,5,429,0,2145,945
ORD-2025-00257,2025-11-24,2025-11-30,First Class,C-023,FL,South,P-002,1,999,0.2,799.2,189.2
ORD-2024-00258,2024-10-22,2024-10-27,First Class,C-020,MO,North,P-007,7,119,0,833,385
ORD-2025-00259,2025-01-16,2025-01-17,First Class,C-036,PA,East,P-002,11,999,0,10989,4279
ORD-2024-00260,2024-02-22,2024-02-27,First Class,C-021,FL,South,P-009,11,199,0.2,1751.2,695.2
ORD-2024-00261,2024-10-07,2024-10-14,First Class,C-015,OR,West,P-001,9,1299,0.1,10521.9,3681.9
ORD-2024-00262,2024-06-29,2024-07-02,First Class,C-037,OH,North,P-004,12,499,0.05,5688.6,1968.6
ORD-2025-00263,2025-10-08,2025-10-15,First Class,C-032,AB,North,P-011,12,559,0.2,5366.4,1406.4
ORD-2024-00264,2024-04-06,2024-04-08,Second Class,C-032,AB,North,P-012,3,249,0.1,672.3,252.3
ORD-2025-00265,2025-07-12,2025-07-14,Same Day,C-038,LA,South,P-007,11,119,0.05,1243.55,539.55
ORD-2024-00266,2024-09-12,2024-09-18,First Class,C-028,WI,North,P-003,9,849,0,7641,2781
ORD-2025-00267,2025-03-06,2025-03-09,Second Class,C-028,WI,North,P-010,11,429,0.05,4483.05,1843.05
ORD-2024-00268,2024-01-05,2024-01-07,Same Day,C-021,FL,South,P-005,5,329,0.05,1562.75,587.75
ORD-2024-00269,2024-07-25,2024-07-28,First Class,C-032,AB,North,P-007,5,119,0,595,275
ORD-2025-00270,2025-05-26,2025-05-30,Standard Class,C-023,FL,South,P-014,11,59,0,649,341
ORD-2025-00271,2025-06-03,2025-06-08,First Class,C-006,WA,West,P-011,12,559,0.15,5701.8,1741.8
ORD-2024-00272,2024-12-31,2025-01-07,First Class,C-007,GA,South,P-007,2,119,0,238,110
ORD-2024-00273,2024-05-19,2024-05-22,Standard Class,C-003,IL,North,P-010,12,429,0.05,4890.6,2010.6
ORD-2025-00274,2025-11-30,2025-12-04,Second Class,C-036,PA,East,P-010,9,429,0.2,3088.8,928.8
ORD-2024-00275,2024-05-28,2024-06-02,First Class,C-027,OH,North,P-019,1,68,0.05,64.6,30.6
ORD-2024-00276,2024-08-22,2024-08-27,Standard Class,C-038,LA,South,P-009,5,199,0.05,945.25,465.25
ORD-2024-00277,2024-02-11,2024-02-12,Standard Class,C-029,TX,South,P-013,12,179,0,2148,1008
ORD-2025-00278,2025-09-14,2025-09-15,Second Class,C-039,OK,Central,P-006,1,49.99,0.1,44.99,23.99
ORD-2024-00279,2024-09-20,2024-09-27,Second Class,C-002,CA,West,P-012,3,249,0.05,709.65,289.65
ORD-2025-00280,2025-11-21,2025-11-22,Standard Class,C-005,AZ,West,P-008,1,89.99,0.05,85.49,47.49
ORD-2025-00281,2025-04-06,2025-04-08,Standard Class,C-031,BC,North,P-013,1,179,0,179,84
ORD-2024-00282,2024-02-07,2024-02-13,Second Class,C-008,MI,North,P-005,2,329,0.1,592.2,202.2
ORD-2025-00283,2025-06-22,2025-06-25,Second Class,C-039,OK,Central,P-008,10,89.99,0,899.9,519.9
ORD-2024-00284,2024-11-19,2024-11-22,First Class,C-016,OH,North,P-010,9,429,0.1,3474.9,1314.9
ORD-2025-00285,2025-02-19,2025-02-26,Second Class,C-015,OR,West,P-016,7,6.99,0,48.93,26.53
ORD-2024-00286,2024-01-16,2024-01-20,Same Day,C-040,KY,South,P-009,7,199,0.05,1323.35,651.35
ORD-2025-00287,2025-03-27,2025-03-29,Same Day,C-008,MI,North,P-014,4,59,0,236,124
ORD-2025-00288,2025-09-14,2025-09-20,Second Class,C-027,OH,North,P-009,8,199,0,1592,824
ORD-2024-00289,2024-12-05,2024-12-08,First Class,C-035,MO,North,P-018,4,8.99,0.1,32.36,17.96
ORD-2025-00290,2025-11-01,2025-11-06,Same Day,C-008,MI,North,P-017,8,12.49,0.1,89.93,49.13
ORD-2025-00291,2025-04-10,2025-04-14,Standard Class,C-004,TX,South,P-003,1,849,0.15,721.65,181.65
ORD-2025-00292,2025-04-24,2025-04-30,Standard Class,C-007,GA,South,P-019,5,68,0.05,323,153
ORD-2024-00293,2024-06-18,2024-06-25,Second Class,C-021,FL,South,P-009,1,199,0.05,189.05,93.05
ORD-2024-00294,2024-01-25,2024-01-27,Standard Class,C-026,IN,North,P-002,7,999,0.05,6643.35,2373.35
ORD-2025-00295,2025-07-24,2025-07-25,Standard Class,C-021,FL,South,P-001,4,1299,0,5196,2156
ORD-2025-00296,2025-10-24,2025-10-30,First Class,C-022,UT,West,P-013,6,179,0,1074,504
ORD-2025-00297,2025-11-30,2025-12-06,Standard Class,C-006,WA,West,P-014,12,59,0,708,372
ORD-2024-00298,2024-05-08,2024-05-10,First Class,C-021,FL,South,P-017,3,12.49,0.15,31.85,16.55
ORD-2025-00299,2025-04-09,2025-04-10,Same Day,C-004,TX,South,P-011,6,559,0,3354,1374
ORD-2025-00300,2025-05-12,2025-05-14,First Class,C-021,FL,South,P-010,2,429,0.1,772.2,292.2
ORD-2024-00301,2024-12-18,2024-12-23,Second Class,C-011,TX,South,P-011,12,559,0.2,5366.4,1406.4
ORD-2025-00302,2025-11-01,2025-11-03,Standard Class,C-021,FL,South,P-015,11,289,0,3179,1364
ORD-2025-00303,2025-11-28,2025-12-05,Second Class,C-024,NC,South,P-017,1,12.49,0.1,11.24,6.14
ORD-2025-00304,2025-11-22,2025-11-28,First Class,C-025,TN,South,P-017,6,12.49,0,74.94,44.34
ORD-2024-00305,2024-03-28,2024-04-04,First Class,C-002,CA,West,P-004,9,499,0.1,4041.9,1251.9
ORD-2024-00306,2024-05-11,2024-05-18,Second Class,C-032,AB,North,P-007,7,119,0,833,385
ORD-2025-00307,2025-06-21,2025-06-28,Same Day,C-015,OR,West,P-015,11,289,0,3179,1364
ORD-2024-00308,2024-01-05,2024-01-08,Second Class,C-023,FL,South,P-007,6,119,0.1,642.6,258.6
ORD-2024-00309,2024-11-10,2024-11-17,First Class,C-023,FL,South,P-020,7,34.99,0.1,220.44,122.44
ORD-2024-00310,2024-10-12,2024-10-19,Second Class,C-006,WA,West,P-008,2,89.99,0,179.98,103.98
ORD-2025-00311,2025-04-13,2025-04-17,Second Class,C-028,WI,North,P-020,1,34.99,0.1,31.49,17.49
ORD-2024-00312,2024-11-29,2024-12-05,First Class,C-040,KY,South,P-003,1,849,0.1,764.1,224.1
ORD-2025-00313,2025-11-23,2025-11-24,Standard Class,C-008,MI,North,P-015,6,289,0,1734,744
ORD-2025-00314,2025-04-20,2025-04-21,Standard Class,C-014,CA,West,P-012,10,249,0,2490,1090
ORD-2024-00315,2024-10-20,2024-10-25,Same Day,C-029,TX,South,P-018,7,8.99,0.1,56.64,31.44
ORD-2025-00316,2025-06-06,2025-06-09,Same Day,C-015,OR,West,P-011,6,559,0,3354,1374
ORD-2024-00317,2024-05-09,2024-05-11,Same Day,C-034,CA,West,P-012,3,249,0.1,672.3,252.3
ORD-2024-00318,2024-06-27,2024-07-02,Standard Class,C-032,AB,North,P-016,11,6.99,0,76.89,41.69
ORD-2024-00319,2024-04-28,2024-04-29,Second Class,C-021,FL,South,P-011,1,559,0,559,229
ORD-2025-00320,2025-05-15,2025-05-18,First Class,C-021,FL,South,P-002,4,999,0.05,3796.2,1356.2
ORD-2025-00321,2025-01-29,2025-02-04,Standard Class,C-029,TX,South,P-020,11,34.99,0,384.89,230.89
ORD-2025-00322,2025-01-08,2025-01-11,First Class,C-037,OH,North,P-002,6,999,0,5994,2334
ORD-2024-00323,2024-03-04,2024-03-10,First Class,C-034,CA,West,P-017,8,12.49,0.15,84.93,44.13
ORD-2024-00324,2024-09-29,2024-10-02,First Class,C-038,LA,South,P-008,11,89.99,0.15,841.41,423.41
ORD-2024-00325,2024-03-08,2024-03-10,Standard Class,C-017,TN,South,P-010,9,429,0.2,3088.8,928.8
ORD-2025-00326,2025-07-25,2025-07-29,Standard Class,C-001,NY,East,P-007,10,119,0,1190,550
ORD-2024-00327,2024-03-10,2024-03-11,Same Day,C-016,OH,North,P-017,9,12.49,0,112.41,66.51
ORD-2024-00328,2024-06-17,2024-06-20,Standard Class,C-030,MD,East,P-001,9,1299,0,11691,4851
ORD-2025-00329,2025-02-04,2025-02-09,Second Class,C-001,NY,East,P-018,1,8.99,0,8.99,5.39
ORD-2024-00330,2024-09-16,2024-09-23,Standard Class,C-030,MD,East,P-017,1,12.49,0.1,11.24,6.14
ORD-2025-00331,2025-04-09,2025-04-16,Second Class,C-017,TN,South,P-007,5,119,0,595,275
ORD-2024-00332,2024-06-15,2024-06-16,First Class,C-021,FL,South,P-015,5,289,0.1,1300.5,475.5
ORD-2025-00333,2025-08-27,2025-08-29,Standard Class,C-036,PA,East,P-005,10,329,0.2,2632,682
ORD-2025-00334,2025-02-12,2025-02-18,Second Class,C-039,OK,Central,P-002,6,999,0.05,5694.3,2034.3
ORD-2025-00335,2025-02-20,2025-02-26,Second Class,C-039,OK,Central,P-016,7,6.99,0.1,44.04,21.64
ORD-2025-00336,2025-01-07,2025-01-14,Standard Class,C-027,OH,North,P-001,11,1299,0.05,13574.55,5214.55
ORD-2025-00337,2025-04-03,2025-04-06,First Class,C-025,TN,South,P-009,9,199,0,1791,927
ORD-2025-00338,2025-07-31,2025-08-04,Same Day,C-003,IL,North,P-002,10,999,0,9990,3890
ORD-2024-00339,2024-03-08,2024-03-15,First Class,C-028,WI,North,P-006,7,49.99,0.1,314.94,167.94
ORD-2025-00340,2025-08-31,2025-09-06,Same Day,C-023,FL,South,P-010,4,429,0,1716,756
ORD-2024-00341,2024-08-14,2024-08-15,Second Class,C-027,OH,North,P-016,12,6.99,0.2,67.1,28.7
ORD-2025-00342,2025-02-02,2025-02-03,Same Day,C-018,NC,South,P-008,1,89.99,0.1,80.99,42.99
ORD-2024-00343,2024-11-24,2024-11-27,Standard Class,C-004,TX,South,P-018,9,8.99,0,80.91,48.51
ORD-2024-00344,2024-01-25,2024-01-28,Standard Class,C-028,WI,North,P-018,10,8.99,0,89.9,53.9
ORD-2025-00345,2025-11-28,2025-12-03,Standard Class,C-023,FL,South,P-015,8,289,0.05,2196.4,876.4
ORD-2025-00346,2025-08-23,2025-08-27,Second Class,C-030,MD,East,P-018,4,8.99,0.05,34.16,19.76
ORD-2024-00347,2024-12-16,2024-12-19,Standard Class,C-025,TN,South,P-012,7,249,0.15,1481.55,501.55
ORD-2024-00348,2024-03-04,2024-03-07,Second Class,C-006,WA,West,P-007,7,119,0,833,385
ORD-2025-00349,2025-08-23,2025-08-25,First Class,C-019,NV,West,P-014,2,59,0,118,62
ORD-2024-00350,2024-09-21,2024-09-22,First Class,C-031,BC,North,P-007,6,119,0.15,606.9,222.9
ORD-2025-00351,2025-06-20,2025-06-23,Standard Class,C-026,IN,North,P-014,8,59,0.05,448.4,224.4
ORD-2024-00352,2024-05-12,2024-05-17,Standard Class,C-035,MO,North,P-013,2,179,0.1,322.2,132.2
ORD-2025-00353,2025-02-08,2025-02-09,First Class,C-004,TX,South,P-012,3,249,0.15,634.95,214.95
ORD-2024-00354,2024-02-21,2024-02-24,Standard Class,C-032,AB,North,P-007,9,119,0,1071,495
ORD-2024-00355,2024-06-19,2024-06-20,First Class,C-003,IL,North,P-002,5,999,0.15,4245.75,1195.75
ORD-2025-00356,2025-10-15,2025-10-21,Second Class,C-016,OH,North,P-003,9,849,0,7641,2781
ORD-2025-00357,2025-07-25,2025-07-29,First Class,C-033,TX,South,P-017,7,12.49,0.05,83.06,47.36
ORD-2025-00358,2025-11-10,2025-11-15,Second Class,C-022,UT,West,P-016,2,6.99,0.1,12.58,6.18
ORD-2024-00359,2024-07-19,2024-07-21,Same Day,C-012,FL,South,P-006,11,49.99,0.05,522.4,291.4
ORD-2024-00360,2024-05-21,2024-05-24,Standard Class,C-014,CA,West,P-010,10,429,0,4290,1890
ORD-2024-00361,2024-11-21,2024-11-27,Second Class,C-002,CA,West,P-011,5,559,0.05,2655.25,1005.25
ORD-2024-00362,2024-02-15,2024-02-22,Standard Class,C-012,FL,South,P-014,2,59,0,118,62
ORD-2025-00363,2025-05-19,2025-05-23,Second Class,C-035,MO,North,P-008,6,89.99,0,539.94,311.94
ORD-2025-00364,2025-05-21,2025-05-28,Standard Class,C-021,FL,South,P-009,7,199,0,1393,721
ORD-2024-00365,2024-03-09,2024-03-13,First Class,C-026,IN,North,P-017,10,12.49,0.15,106.16,55.16
ORD-2025-00366,2025-05-10,2025-05-13,First Class,C-007,GA,South,P-004,9,499,0.05,4266.45,1476.45
ORD-2025-00367,2025-10-19,2025-10-25,Second Class,C-032,AB,North,P-018,9,8.99,0.2,64.73,32.33
ORD-2025-00368,2025-07-31,2025-08-07,First Class,C-021,FL,South,P-001,9,1299,0.15,9937.35,3097.35
ORD-2025-00369,2025-02-20,2025-02-27,First Class,C-021,FL,South,P-002,6,999,0,5994,2334
ORD-2025-00370,2025-06-24,2025-06-28,Same Day,C-015,OR,West,P-002,11,999,0.1,9890.1,3180.1
ORD-2025-00371,2025-03-26,2025-03-30,First Class,C-040,KY,South,P-015,12,289,0,3468,1488
ORD-2025-00372,2025-12-27,2026-01-02,Second Class,C-038,LA,South,P-006,4,49.99,0.1,179.96,95.96
ORD-2025-00373,2025-07-04,2025-07-05,Same Day,C-038,LA,South,P-014,1,59,0,59,31
ORD-2024-00374,2024-04-23,2024-04-28,Same Day,C-026,IN,North,P-016,5,6.99,0.05,33.2,17.2
ORD-2024-00375,2024-05-15,2024-05-20,Standard Class,C-029,TX,South,P-006,4,49.99,0.05,189.96,105.96
ORD-2024-00376,2024-02-04,2024-02-10,Standard Class,C-019,NV,West,P-016,5,6.99,0,34.95,18.95
ORD-2025-00377,2025-07-13,2025-07-20,Same Day,C-027,OH,North,P-016,7,6.99,0.1,44.04,21.64
ORD-2025-00378,2025-03-01,2025-03-03,Same Day,C-039,OK,Central,P-009,3,199,0.2,477.6,189.6
ORD-2024-00379,2024-01-11,2024-01-14,Same Day,C-020,MO,North,P-009,5,199,0.2,796,316
ORD-2024-00380,2024-04-03,2024-04-05,Same Day,C-022,UT,West,P-007,2,119,0.15,202.3,74.3
ORD-2024-00381,2024-03-19,2024-03-25,Same Day,C-027,OH,North,P-001,9,1299,0,11691,4851
ORD-2025-00382,2025-01-04,2025-01-06,Second Class,C-001,NY,East,P-012,8,249,0.05,1892.4,772.4
ORD-2025-00383,2025-03-23,2025-03-30,Second Class,C-017,TN,South,P-016,9,6.99,0,62.91,34.11
ORD-2025-00384,2025-03-12,2025-03-16,Same Day,C-034,CA,West,P-003,5,849,0,4245,1545
ORD-2024-00385,2024-04-03,2024-04-08,Second Class,C-004,TX,South,P-009,11,199,0.05,2079.55,1023.55
ORD-2025-00386,2025-11-28,2025-11-29,First Class,C-008,MI,North,P-004,4,499,0.2,1596.8,356.8
ORD-2024-00387,2024-03-24,2024-03-26,Standard Class,C-009,MA,East,P-008,6,89.99,0.05,512.94,284.94
ORD-2025-00388,2025-01-04,2025-01-06,Standard Class,C-002,CA,West,P-001,3,1299,0,3897,1617
ORD-2024-00389,2024-04-27,2024-05-02,Second Class,C-023,FL,South,P-001,12,1299,0.15,13249.8,4129.8
ORD-2024-00390,2024-07-17,2024-07-19,Second Class,C-024,NC,South,P-019,1,68,0,68,34
ORD-2024-00391,2024-02-09,2024-02-16,Second Class,C-037,OH,North,P-013,9,179,0.15,1369.35,514.35
ORD-2024-00392,2024-06-28,2024-07-04,Standard Class,C-020,MO,North,P-018,12,8.99,0,107.88,64.68
ORD-2024-00393,2024-06-21,2024-06-23,Standard Class,C-002,CA,West,P-009,1,199,0.2,159.2,63.2
ORD-2025-00394,2025-07-23,2025-07-27,Second Class,C-039,OK,Central,P-018,10,8.99,0,89.9,53.9
ORD-2024-00395,2024-05-01,2024-05-08,Standard Class,C-032,AB,North,P-014,9,59,0.05,504.45,252.45
ORD-2025-00396,2025-07-15,2025-07-16,Second Class,C-015,OR,West,P-012,11,249,0.1,2465.1,925.1
ORD-2025-00397,2025-01-31,2025-02-02,Second Class,C-010,CO,West,P-001,8,1299,0,10392,4312
ORD-2024-00398,2024-10-05,2024-10-12,Same Day,C-012,FL,South,P-009,10,199,0.1,1791,831
ORD-2024-00399,2024-01-14,2024-01-21,First Class,C-017,TN,South,P-011,7,559,0.05,3717.35,1407.35
ORD-2024-00400,2024-12-07,2024-12-10,Same Day,C-018,NC,South,P-008,5,89.99,0.1,404.96,214.96
ORD-2024-00401,2024-10-28,2024-11-03,Same Day,C-015,OR,West,P-013,7,179,0.2,1002.4,337.4
ORD-2024-00402,2024-12-16,2024-12-18,First Class,C-021,FL,South,P-017,7,12.49,0.15,74.32,38.62
ORD-2024-00403,2024-08-17,2024-08-21,First Class,C-040,KY,South,P-015,7,289,0.1,1820.7,665.7
ORD-2025-00404,2025-10-26,2025-11-01,First Class,C-027,OH,North,P-012,4,249,0,996,436
ORD-2025-00405,2025-03-04,2025-03-05,Second Class,C-039,OK,Central,P-010,3,429,0.05,1222.65,502.65
ORD-2024-00406,2024-03-10,2024-03-15,First Class,C-016,OH,North,P-012,3,249,0.1,672.3,252.3
ORD-2024-00407,2024-07-03,2024-07-10,Standard Class,C-015,OR,West,P-013,8,179,0.1,1288.8,528.8
ORD-2024-00408,2024-08-12,2024-08-18,First Class,C-012,FL,South,P-010,2,429,0,858,378
ORD-2025-00409,2025-02-11,2025-02-15,Standard Class,C-021,FL,South,P-009,9,199,0.05,1701.45,837.45
ORD-2024-00410,2024-04-07,2024-04-11,Standard Class,C-017,TN,South,P-020,5,34.99,0.15,148.71,78.71
ORD-2025-00411,2025-10-06,2025-10-12,Second Class,C-027,OH,North,P-005,4,329,0.1,1184.4,404.4
ORD-2024-00412,2024-02-18,2024-02-19,Standard Class,C-018,NC,South,P-002,11,999,0,10989,4279
ORD-2024-00413,2024-08-14,2024-08-18,Second Class,C-015,OR,West,P-001,3,1299,0,3897,1617
ORD-2025-00414,2025-09-15,2025-09-22,Same Day,C-010,CO,West,P-010,7,429,0.05,2852.85,1172.85
ORD-2024-00415,2024-12-21,2024-12-26,Second Class,C-032,AB,North,P-019,3,68,0.05,193.8,91.8
ORD-2025-00416,2025-05-04,2025-05-10,Second Class,C-011,TX,South,P-007,8,119,0.1,856.8,344.8
ORD-2024-00417,2024-05-09,2024-05-15,First Class,C-008,MI,North,P-007,9,119,0.1,963.9,387.9
ORD-2024-00418,2024-03-09,2024-03-12,First Class,C-027,OH,North,P-002,12,999,0.2,9590.4,2270.4
ORD-2024-00419,2024-08-09,2024-08-14,First Class,C-010,CO,West,P-017,4,12.49,0.15,42.47,22.07
ORD-2024-00420,2024-09-11,2024-09-13,First Class,C-012,FL,South,P-010,2,429,0,858,378
ORD-2024-00421,2024-05-07,2024-05-11,Second Class,C-028,WI,North,P-004,10,499,0,4990,1890
ORD-2024-00422,2024-05-27,2024-05-31,First Class,C-018,NC,South,P-007,11,119,0.2,1047.2,343.2
ORD-2025-00423,2025-09-24,2025-09-25,Same Day,C-017,TN,South,P-008,2,89.99,0.2,143.98,67.98
ORD-2024-00424,2024-11-18,2024-11-25,Same Day,C-018,NC,South,P-012,12,249,0.1,2689.2,1009.2
ORD-2025-00425,2025-12-09,2025-12-14,Second Class,C-034,CA,West,P-005,7,329,0.2,1842.4,477.4
ORD-2025-00426,2025-10-31,2025-11-07,Same Day,C-031,BC,North,P-007,12,119,0.05,1356.6,588.6
ORD-2024-00427,2024-01-12,2024-01-18,Standard Class,C-010,CO,West,P-016,11,6.99,0.2,61.51,26.31
ORD-2024-00428,2024-04-14,2024-04-18,Same Day,C-032,AB,North,P-017,8,12.49,0.2,79.94,39.14
ORD-2025-00429,2025-12-09,2025-12-16,Same Day,C-016,OH,North,P-010,5,429,0.05,2037.75,837.75
ORD-2025-00430,2025-05-31,2025-06-06,First Class,C-038,LA,South,P-002,3,999,0.15,2547.45,717.45
ORD-2024-00431,2024-11-25,2024-11-26,Same Day,C-023,FL,South,P-019,11,68,0,748,374
ORD-2025-00432,2025-07-28,2025-07-30,Standard Class,C-012,FL,South,P-017,8,12.49,0,99.92,59.12
ORD-2024-00433,2024-05-10,2024-05-17,Second Class,C-031,BC,North,P-018,10,8.99,0.05,85.4,49.4
ORD-2025-00434,2025-07-20,2025-07-24,Second Class,C-027,OH,North,P-019,8,68,0.1,489.6,217.6
ORD-2024-00435,2024-08-04,2024-08-09,Standard Class,C-038,LA,South,P-003,12,849,0.15,8659.8,2179.8
ORD-2024-00436,2024-09-10,2024-09-15,Standard Class,C-001,NY,East,P-019,12,68,0.15,693.6,285.6
ORD-2025-00437,2025-03-19,2025-03-20,Standard Class,C-040,KY,South,P-002,12,999,0,11988,4668
ORD-2025-00438,2025-01-06,2025-01-08,Second Class,C-018,NC,South,P-012,9,249,0.2,1792.8,532.8
ORD-2025-00439,2025-05-12,2025-05-15,Same Day,C-015,OR,West,P-019,6,68,0,408,204
ORD-2024-00440,2024-03-17,2024-03-22,First Class,C-017,TN,South,P-018,4,8.99,0.05,34.16,19.76
ORD-2024-00441,2024-01-15,2024-01-16,First Class,C-002,CA,West,P-014,6,59,0.2,283.2,115.2
ORD-2025-00442,2025-03-13,2025-03-20,Standard Class,C-014,CA,West,P-001,12,1299,0.1,14029.2,4909.2
ORD-2024-00443,2024-03-12,2024-03-14,Standard Class,C-030,MD,East,P-018,11,8.99,0.1,89,49.4
ORD-2025-00444,2025-01-13,2025-01-19,Second Class,C-039,OK,Central,P-002,6,999,0.1,5394.6,1734.6
ORD-2025-00445,2025-10-24,2025-10-27,First Class,C-017,TN,South,P-009,4,199,0,796,412
ORD-2025-00446,2025-05-04,2025-05-06,First Class,C-026,IN,North,P-017,5,12.49,0,62.45,36.95
ORD-2025-00447,2025-11-29,2025-12-05,Standard Class,C-033,TX,South,P-006,12,49.99,0.05,569.89,317.89
ORD-2025-00448,2025-11-27,2025-12-01,Same Day,C-025,TN,South,P-015,6,289,0,1734,744
ORD-2025-00449,2025-02-15,2025-02-22,Same Day,C-034,CA,West,P-012,3,249,0.05,709.65,289.65
ORD-2025-00450,2025-07-13,2025-07-19,Same Day,C-038,LA,South,P-018,1,8.99,0.1,8.09,4.49
ORD-2025-00451,2025-10-19,2025-10-26,Standard Class,C-030,MD,East,P-020,11,34.99,0.05,365.65,211.65
ORD-2024-00452,2024-04-16,2024-04-20,Second Class,C-005,AZ,West,P-010,12,429,0,5148,2268
ORD-2025-00453,2025-01-03,2025-01-04,Standard Class,C-003,IL,North,P-007,8,119,0.05,904.4,392.4
ORD-2024-00454,2024-09-29,2024-10-06,First Class,C-030,MD,East,P-020,2,34.99,0.1,62.98,34.98
ORD-2025-00455,2025-11-02,2025-11-08,Same Day,C-037,OH,North,P-009,4,199,0.2,636.8,252.8
ORD-2025-00456,2025-02-02,2025-02-04,Second Class,C-038,LA,South,P-014,4,59,0,236,124
ORD-2025-00457,2025-07-20,2025-07-24,First Class,C-017,TN,South,P-007,12,119,0,1428,660
ORD-2024-00458,2024-05-22,2024-05-28,First Class,C-015,OR,West,P-009,12,199,0,2388,1236
ORD-2024-00459,2024-10-02,2024-10-04,First Class,C-037,OH,North,P-003,4,849,0.05,3226.2,1066.2
ORD-2024-00460,2024-10-14,2024-10-21,Second Class,C-013,ON,North,P-015,6,289,0.1,1560.6,570.6
ORD-2024-00461,2024-12-09,2024-12-14,Second Class,C-003,IL,North,P-015,12,289,0.15,2947.8,967.8
ORD-2024-00462,2024-03-20,2024-03-25,Same Day,C-015,OR,West,P-017,5,12.49,0.05,59.33,33.83
ORD-2025-00463,2025-05-28,2025-06-03,Second Class,C-012,FL,South,P-019,12,68,0,816,408
ORD-2025-00464,2025-06-04,2025-06-07,Standard Class,C-003,IL,North,P-017,5,12.49,0.2,49.96,24.46
ORD-2025-00465,2025-08-10,2025-08-17,Second Class,C-027,OH,North,P-001,12,1299,0,15588,6468
ORD-2025-00466,2025-09-28,2025-09-29,Standard Class,C-035,MO,North,P-017,9,12.49,0,112.41,66.51
ORD-2025-00467,2025-05-19,2025-05-26,First Class,C-023,FL,South,P-018,1,8.99,0.05,8.54,4.94
ORD-2025-00468,2025-11-04,2025-11-08,Same Day,C-021,FL,South,P-009,1,199,0.15,169.15,73.15
ORD-2024-00469,2024-01-30,2024-02-01,First Class,C-019,NV,West,P-003,1,849,0,849,309
ORD-2024-00470,2024-08-10,2024-08-12,First Class,C-015,OR,West,P-020,2,34.99,0.2,55.98,27.98
ORD-2024-00471,2024-11-26,2024-12-02,Standard Class,C-017,TN,South,P-003,4,849,0,3396,1236
ORD-2024-00472,2024-05-26,2024-05-29,First Class,C-005,AZ,West,P-001,8,1299,0.1,9352.8,3272.8
ORD-2024-00473,2024-06-20,2024-06-21,Same Day,C-028,WI,North,P-008,8,89.99,0.05,683.92,379.92
ORD-2024-00474,2024-07-09,2024-07-15,First Class,C-030,MD,East,P-011,1,559,0,559,229
ORD-2025-00475,2025-06-28,2025-07-02,Standard Class,C-018,NC,South,P-008,2,89.99,0.1,161.98,85.98
ORD-2024-00476,2024-11-30,2024-12-02,Standard Class,C-037,OH,North,P-013,11,179,0.1,1772.1,727.1
ORD-2024-00477,2024-03-01,2024-03-03,Second Class,C-019,NV,West,P-001,12,1299,0.1,14029.2,4909.2
ORD-2025-00478,2025-04-23,2025-04-24,Same Day,C-026,IN,North,P-020,1,34.99,0,34.99,20.99
ORD-2025-00479,2025-08-14,2025-08-16,First Class,C-029,TX,South,P-001,12,1299,0.1,14029.2,4909.2
ORD-2024-00480,2024-01-11,2024-01-14,Standard Class,C-030,MD,East,P-002,3,999,0.15,2547.45,717.45
ORD-2024-00481,2024-10-03,2024-10-07,First Class,C-005,AZ,West,P-015,8,289,0.15,1965.2,645.2
ORD-2025-00482,2025-04-30,2025-05-03,Standard Class,C-006,WA,West,P-015,11,289,0,3179,1364
ORD-2024-00483,2024-02-15,2024-02-18,Standard Class,C-017,TN,South,P-015,8,289,0.2,1849.6,529.6
ORD-2024-00484,2024-06-06,2024-06-07,Same Day,C-028,WI,North,P-016,10,6.99,0,69.9,37.9
ORD-2024-00485,2024-05-03,2024-05-06,Second Class,C-005,AZ,West,P-019,1,68,0.1,61.2,27.2
ORD-2025-00486,2025-01-25,2025-01-27,First Class,C-011,TX,South,P-010,11,429,0,4719,2079
ORD-2024-00487,2024-10-20,2024-10-25,First Class,C-035,MO,North,P-004,5,499,0,2495,945
ORD-2025-00488,2025-11-09,2025-11-12,First Class,C-017,TN,South,P-017,8,12.49,0.05,94.92,54.12
ORD-2024-00489,2024-11-19,2024-11-22,Second Class,C-004,TX,South,P-015,12,289,0.1,3121.2,1141.2
ORD-2024-00490,2024-02-24,2024-03-02,First Class,C-005,AZ,West,P-013,6,179,0.2,859.2,289.2
ORD-2025-00491,2025-06-19,2025-06-21,Standard Class,C-006,WA,West,P-019,4,68,0,272,136
ORD-2024-00492,2024-06-16,2024-06-19,Second Class,C-001,NY,East,P-015,5,289,0.2,1156,331
ORD-2024-00493,2024-12-13,2024-12-17,Same Day,C-030,MD,East,P-006,1,49.99,0,49.99,28.99
ORD-2024-00494,2024-09-12,2024-09-14,First Class,C-004,TX,South,P-009,3,199,0,597,309
ORD-2025-00495,2025-11-24,2025-11-28,Second Class,C-006,WA,West,P-019,5,68,0.05,323,153
ORD-2024-00496,2024-10-25,2024-10-31,Standard Class,C-007,GA,South,P-003,2,849,0.05,1613.1,533.1
ORD-2025-00497,2025-01-17,2025-01-24,Same Day,C-004,TX,South,P-019,7,68,0.1,428.4,190.4
ORD-2025-00498,2025-03-24,2025-03-27,Same Day,C-007,GA,South,P-017,10,12.49,0.05,118.66,67.66
ORD-2024-00499,2024-12-17,2024-12-19,First Class,C-024,NC,South,P-005,3,329,0,987,402
ORD-2024-00500,2024-08-17,2024-08-19,Standard Class,C-021,FL,South,P-013,11,179,0,1969,924
ORD-2025-00501,2025-01-30,2025-02-04,First Class,C-037,OH,North,P-012,2,249,0,498,218
ORD-2025-00502,2025-08-28,2025-09-02,Same Day,C-015,OR,West,P-015,11,289,0,3179,1364
ORD-2025-00503,2025-04-13,2025-04-20,First Class,C-031,BC,North,P-017,7,12.49,0.2,69.94,34.24
ORD-2024-00504,2024-07-06,2024-07-08,Same Day,C-003,IL,North,P-001,3,1299,0.15,3312.45,1032.45
ORD-2024-00505,2024-07-15,2024-07-20,First Class,C-020,MO,North,P-010,6,429,0.05,2445.3,1005.3
ORD-2024-00506,2024-10-20,2024-10-22,Second Class,C-006,WA,West,P-007,8,119,0.1,856.8,344.8
ORD-2025-00507,2025-09-12,2025-09-14,Same Day,C-001,NY,East,P-020,7,34.99,0.1,220.44,122.44
ORD-2025-00508,2025-07-27,2025-08-02,First Class,C-032,AB,North,P-012,3,249,0.05,709.65,289.65
ORD-2025-00509,2025-04-18,2025-04-25,Second Class,C-010,CO,West,P-005,6,329,0.1,1776.6,606.6
ORD-2024-00510,2024-11-02,2024-11-03,Same Day,C-007,GA,South,P-010,4,429,0.05,1630.2,670.2
ORD-2024-00511,2024-04-20,2024-04-24,First Class,C-008,MI,North,P-018,7,8.99,0.2,50.34,25.14
ORD-2025-00512,2025-07-05,2025-07-11,First Class,C-011,TX,South,P-015,8,289,0,2312,992
ORD-2025-00513,2025-10-09,2025-10-11,Same Day,C-017,TN,South,P-006,8,49.99,0.1,359.93,191.93
ORD-2025-00514,2025-12-19,2025-12-24,Second Class,C-015,OR,West,P-008,3,89.99,0.2,215.98,101.98
ORD-2025-00515,2025-04-20,2025-04-23,Standard Class,C-038,LA,South,P-007,7,119,0.2,666.4,218.4
ORD-2025-00516,2025-06-09,2025-06-15,Second Class,C-011,TX,South,P-017,7,12.49,0.05,83.06,47.36
ORD-2024-00517,2024-03-12,2024-03-14,Standard Class,C-001,NY,East,P-011,4,559,0.1,2012.4,692.4
ORD-2024-00518,2024-01-07,2024-01-13,Second Class,C-017,TN,South,P-007,12,119,0.05,1356.6,588.6
ORD-2025-00519,2025-07-23,2025-07-26,Same Day,C-017,TN,South,P-010,8,429,0,3432,1512
ORD-2024-00520,2024-10-20,2024-10-23,Same Day,C-033,TX,South,P-017,3,12.49,0.2,29.98,14.68
ORD-2025-00521,2025-07-02,2025-07-07,Same Day,C-030,MD,East,P-008,1,89.99,0.05,85.49,47.49
ORD-2025-00522,2025-11-30,2025-12-07,Second Class,C-013,ON,North,P-018,3,8.99,0.2,21.58,10.78
ORD-2025-00523,2025-10-12,2025-10-19,Same Day,C-023,FL,South,P-017,3,12.49,0.1,33.72,18.42
ORD-2025-00524,2025-12-06,2025-12-09,Same Day,C-011,TX,South,P-009,10,199,0.05,1890.5,930.5
ORD-2024-00525,2024-01-23,2024-01-30,Same Day,C-034,CA,West,P-019,10,68,0.15,578,238
ORD-2024-00526,2024-06-10,2024-06-13,Second Class,C-026,IN,North,P-018,1,8.99,0.05,8.54,4.94
ORD-2025-00527,2025-08-24,2025-08-28,Same Day,C-027,OH,North,P-004,5,499,0,2495,945
ORD-2024-00528,2024-04-28,2024-05-04,Second Class,C-026,IN,North,P-017,7,12.49,0,87.43,51.73
ORD-2024-00529,2024-10-26,2024-10-30,Standard Class,C-039,OK,Central,P-016,8,6.99,0.1,50.33,24.73
ORD-2024-00530,2024-08-17,2024-08-21,First Class,C-035,MO,North,P-018,11,8.99,0,98.89,59.29
ORD-2025-00531,2025-11-06,2025-11-07,Same Day,C-024,NC,South,P-017,7,12.49,0.05,83.06,47.36
ORD-2025-00532,2025-06-01,2025-06-06,Second Class,C-035,MO,North,P-009,9,199,0,1791,927
ORD-2025-00533,2025-01-17,2025-01-23,First Class,C-008,MI,North,P-019,12,68,0.15,693.6,285.6
ORD-2025-00534,2025-10-25,2025-10-26,Same Day,C-024,NC,South,P-009,2,199,0.1,358.2,166.2
ORD-2024-00535,2024-02-28,2024-03-01,First Class,C-019,NV,West,P-010,11,429,0,4719,2079
ORD-2025-00536,2025-07-04,2025-07-09,Standard Class,C-033,TX,South,P-012,4,249,0.15,846.6,286.6
ORD-2025-00537,2025-12-05,2025-12-12,Standard Class,C-037,OH,North,P-016,4,6.99,0.15,23.77,10.97
ORD-2025-00538,2025-11-19,2025-11-22,Second Class,C-015,OR,West,P-003,6,849,0.05,4839.3,1599.3
ORD-2024-00539,2024-05-12,2024-05-13,Second Class,C-032,AB,North,P-001,3,1299,0.05,3702.15,1422.15
ORD-2025-00540,2025-11-20,2025-11-27,Second Class,C-023,FL,South,P-017,10,12.49,0,124.9,73.9
ORD-2025-00541,2025-01-01,2025-01-02,Second Class,C-016,OH,North,P-014,10,59,0,590,310
ORD-2025-00542,2025-04-10,2025-04-16,First Class,C-028,WI,North,P-006,4,49.99,0.2,159.97,75.97
ORD-2024-00543,2024-08-20,2024-08-23,Same Day,C-037,OH,North,P-011,2,559,0.05,1062.1,402.1
ORD-2024-00544,2024-09-12,2024-09-13,First Class,C-020,MO,North,P-004,7,499,0.05,3318.35,1148.35
ORD-2025-00545,2025-04-28,2025-05-05,Second Class,C-020,MO,North,P-015,6,289,0.2,1387.2,397.2
ORD-2024-00546,2024-12-11,2024-12-18,First Class,C-008,MI,North,P-013,5,179,0,895,420
ORD-2025-00547,2025-04-03,2025-04-04,Second Class,C-014,CA,West,P-019,6,68,0,408,204
ORD-2025-00548,2025-06-21,2025-06-27,First Class,C-039,OK,Central,P-006,9,49.99,0.2,359.93,170.93
ORD-2024-00549,2024-06-06,2024-06-07,First Class,C-019,NV,West,P-001,6,1299,0,7794,3234
ORD-2024-00550,2024-03-30,2024-04-01,Second Class,C-009,MA,East,P-007,8,119,0,952,440
ORD-2024-00551,2024-06-24,2024-06-28,Standard Class,C-037,OH,North,P-008,1,89.99,0.2,71.99,33.99
ORD-2024-00552,2024-03-11,2024-03-14,First Class,C-001,NY,East,P-005,8,329,0.2,2105.6,545.6
ORD-2025-00553,2025-06-20,2025-06-25,Standard Class,C-001,NY,East,P-004,10,499,0,4990,1890
ORD-2024-00554,2024-06-03,2024-06-07,First Class,C-039,OK,Central,P-014,12,59,0,708,372
ORD-2024-00555,2024-06-13,2024-06-15,Same Day,C-022,UT,West,P-010,10,429,0,4290,1890
ORD-2025-00556,2025-10-15,2025-10-22,Same Day,C-032,AB,North,P-006,4,49.99,0,199.96,115.96
ORD-2025-00557,2025-09-11,2025-09-17,Second Class,C-010,CO,West,P-012,3,249,0.1,672.3,252.3
ORD-2025-00558,2025-10-23,2025-10-26,First Class,C-030,MD,East,P-015,1,289,0,289,124
ORD-2025-00559,2025-09-20,2025-09-21,Standard Class,C-013,ON,North,P-016,4,6.99,0,27.96,15.16
ORD-2025-00560,2025-03-15,2025-03-18,Standard Class,C-008,MI,North,P-016,1,6.99,0,6.99,3.79
ORD-2025-00561,2025-05-03,2025-05-05,First Class,C-023,FL,South,P-019,8,68,0.2,435.2,163.2
ORD-2025-00562,2025-06-03,2025-06-09,Standard Class,C-039,OK,Central,P-014,10,59,0.1,531,251
ORD-2025-00563,2025-07-18,2025-07-19,Standard Class,C-004,TX,South,P-005,9,329,0.2,2368.8,613.8
ORD-2024-00564,2024-08-19,2024-08-23,First Class,C-027,OH,North,P-010,11,429,0.1,4247.1,1607.1
ORD-2024-00565,2024-05-02,2024-05-03,Standard Class,C-023,FL,South,P-007,3,119,0.15,303.45,111.45
ORD-2025-00566,2025-02-02,2025-02-06,First Class,C-017,TN,South,P-012,4,249,0.05,946.2,386.2
ORD-2025-00567,2025-11-12,2025-11-13,Same Day,C-038,LA,South,P-012,10,249,0.2,1992,592
ORD-2024-00568,2024-12-29,2025-01-02,Second Class,C-014,CA,West,P-007,8,119,0.05,904.4,392.4
ORD-2025-00569,2025-05-10,2025-05-11,First Class,C-032,AB,North,P-006,4,49.99,0.1,179.96,95.96
ORD-2025-00570,2025-08-31,2025-09-02,Same Day,C-014,CA,West,P-003,10,849,0.2,6792,1392
ORD-2024-00571,2024-01-13,2024-01-14,First Class,C-017,TN,South,P-012,12,249,0,2988,1308
ORD-2025-00572,2025-06-26,2025-07-02,Standard Class,C-001,NY,East,P-020,1,34.99,0.15,29.74,15.74
ORD-2024-00573,2024-09-05,2024-09-10,Same Day,C-026,IN,North,P-006,9,49.99,0,449.91,260.91
ORD-2025-00574,2025-03-01,2025-03-06,Second Class,C-020,MO,North,P-008,2,89.99,0.1,161.98,85.98
ORD-2024-00575,2024-06-27,2024-07-04,Second Class,C-032,AB,North,P-011,5,559,0.15,2375.75,725.75
ORD-2025-00576,2025-03-14,2025-03-21,Standard Class,C-038,LA,South,P-010,11,429,0,4719,2079
ORD-2025-00577,2025-08-09,2025-08-15,Same Day,C-034,CA,West,P-005,7,329,0.1,2072.7,707.7
ORD-2024-00578,2024-05-05,2024-05-08,Second Class,C-003,IL,North,P-009,12,199,0.1,2149.2,997.2
ORD-2025-00579,2025-05-08,2025-05-11,Standard Class,C-017,TN,South,P-016,7,6.99,0.05,46.48,24.08
ORD-2025-00580,2025-01-31,2025-02-01,Standard Class,C-018,NC,South,P-008,7,89.99,0.05,598.43,332.43
ORD-2024-00581,2024-03-19,2024-03-20,First Class,C-035,MO,North,P-001,4,1299,0,5196,2156
ORD-2025-00582,2025-06-26,2025-06-29,First Class,C-010,CO,West,P-007,7,119,0.05,791.35,343.35
ORD-2025-00583,2025-06-17,2025-06-24,Same Day,C-014,CA,West,P-007,7,119,0.05,791.35,343.35
ORD-2025-00584,2025-03-08,2025-03-14,Same Day,C-032,AB,North,P-012,2,249,0.1,448.2,168.2
ORD-2025-00585,2025-11-22,2025-11-25,Second Class,C-033,TX,South,P-008,2,89.99,0,179.98,103.98
ORD-2025-00586,2025-05-15,2025-05-21,First Class,C-022,UT,West,P-019,7,68,0,476,238
ORD-2025-00587,2025-06-08,2025-06-10,First Class,C-006,WA,West,P-007,4,119,0,476,220
ORD-2025-00588,2025-12-14,2025-12-15,Same Day,C-018,NC,South,P-010,5,429,0.1,1930.5,730.5
ORD-2025-00589,2025-06-05,2025-06-11,Second Class,C-036,PA,East,P-005,9,329,0,2961,1206
ORD-2024-00590,2024-01-14,2024-01-19,Same Day,C-018,NC,South,P-014,8,59,0.1,424.8,200.8
ORD-2024-00591,2024-09-07,2024-09-12,Standard Class,C-002,CA,West,P-015,8,289,0,2312,992
ORD-2025-00592,2025-08-17,2025-08-18,Second Class,C-016,OH,North,P-019,2,68,0,136,68
ORD-2025-00593,2025-03-30,2025-04-02,Standard Class,C-001,NY,East,P-020,3,34.99,0,104.97,62.97
ORD-2025-00594,2025-01-05,2025-01-06,Second Class,C-007,GA,South,P-016,12,6.99,0.1,75.49,37.09
ORD-2024-00595,2024-03-12,2024-03-13,Same Day,C-034,CA,West,P-015,8,289,0,2312,992
ORD-2025-00596,2025-01-24,2025-01-25,Same Day,C-029,TX,South,P-007,9,119,0.05,1017.45,441.45
ORD-2025-00597,2025-02-19,2025-02-21,First Class,C-035,MO,North,P-016,2,6.99,0.1,12.58,6.18
ORD-2024-00598,2024-08-08,2024-08-11,Second Class,C-011,TX,South,P-015,7,289,0.15,1719.55,564.55
ORD-2025-00599,2025-11-07,2025-11-08,First Class,C-018,NC,South,P-019,4,68,0,272,136
ORD-2025-00600,2025-07-08,2025-07-12,First Class,C-025,TN,South,P-015,1,289,0.15,245.65,80.65
ORD-2024-00601,2024-03-20,2024-03-24,Second Class,C-036,PA,East,P-005,9,329,0.2,2368.8,613.8
ORD-2025-00602,2025-04-24,2025-04-28,Second Class,C-012,FL,South,P-018,7,8.99,0.15,53.49,28.29
ORD-2024-00603,2024-08-16,2024-08-18,Second Class,C-012,FL,South,P-014,3,59,0.05,168.15,84.15
ORD-2024-00604,2024-07-30,2024-08-04,First Class,C-008,MI,North,P-009,9,199,0,1791,927
ORD-2024-00605,2024-04-16,2024-04-19,Same Day,C-038,LA,South,P-010,1,429,0,429,189
ORD-2024-00606,2024-01-07,2024-01-14,First Class,C-005,AZ,West,P-015,6,289,0.05,1647.3,657.3
ORD-2024-00607,2024-10-28,2024-10-31,Same Day,C-005,AZ,West,P-008,11,89.99,0,989.89,571.89
ORD-2024-00608,2024-03-21,2024-03-26,Standard Class,C-026,IN,North,P-020,8,34.99,0,279.92,167.92
ORD-2024-00609,2024-12-22,2024-12-26,Same Day,C-011,TX,South,P-006,4,49.99,0,199.96,115.96
ORD-2024-00610,2024-05-01,2024-05-07,Same Day,C-007,GA,South,P-015,1,289,0.2,231.2,66.2
ORD-2024-00611,2024-11-14,2024-11-17,Same Day,C-040,KY,South,P-016,5,6.99,0.15,29.71,13.71
ORD-2024-00612,2024-10-31,2024-11-04,Same Day,C-039,OK,Central,P-016,5,6.99,0.05,33.2,17.2
ORD-2025-00613,2025-10-01,2025-10-06,Standard Class,C-020,MO,North,P-019,1,68,0.05,64.6,30.6
ORD-2024-00614,2024-03-12,2024-03-16,Same Day,C-002,CA,West,P-015,7,289,0.1,1820.7,665.7
ORD-2025-00615,2025-12-31,2026-01-05,Same Day,C-015,OR,West,P-010,12,429,0.05,4890.6,2010.6
ORD-2024-00616,2024-10-14,2024-10-15,Standard Class,C-020,MO,North,P-013,12,179,0,2148,1008
ORD-2025-00617,2025-10-27,2025-11-03,Second Class,C-038,LA,South,P-011,8,559,0,4472,1832
ORD-2024-00618,2024-10-29,2024-11-05,Same Day,C-018,NC,South,P-006,11,49.99,0.05,522.4,291.4
ORD-2025-00619,2025-01-02,2025-01-07,Standard Class,C-005,AZ,West,P-020,9,34.99,0,314.91,188.91
ORD-2024-00620,2024-02-04,2024-02-11,Same Day,C-038,LA,South,P-017,10,12.49,0.1,112.41,61.41
ORD-2025-00621,2025-11-13,2025-11-14,Standard Class,C-005,AZ,West,P-003,1,849,0,849,309
ORD-2025-00622,2025-03-28,2025-04-04,Same Day,C-007,GA,South,P-001,1,1299,0.15,1104.15,344.15
ORD-2024-00623,2024-04-20,2024-04-26,Same Day,C-031,BC,North,P-014,6,59,0.1,318.6,150.6
ORD-2024-00624,2024-07-29,2024-08-05,Standard Class,C-004,TX,South,P-015,6,289,0.2,1387.2,397.2
ORD-2024-00625,2024-07-28,2024-08-04,First Class,C-007,GA,South,P-001,5,1299,0.05,6170.25,2370.25
ORD-2024-00626,2024-01-09,2024-01-16,Same Day,C-036,PA,East,P-002,9,999,0.05,8541.45,3051.45
ORD-2024-00627,2024-01-30,2024-02-04,Second Class,C-030,MD,East,P-011,1,559,0.05,531.05,201.05
ORD-2024-00628,2024-08-05,2024-08-11,Second Class,C-016,OH,North,P-004,12,499,0.05,5688.6,1968.6
ORD-2025-00629,2025-03-25,2025-03-29,First Class,C-025,TN,South,P-006,4,49.99,0.05,189.96,105.96
ORD-2024-00630,2024-02-21,2024-02-22,Same Day,C-018,NC,South,P-013,8,179,0.05,1360.4,600.4
ORD-2024-00631,2024-05-06,2024-05-08,Second Class,C-020,MO,North,P-015,11,289,0.1,2861.1,1046.1
ORD-2024-00632,2024-07-24,2024-07-31,Same Day,C-036,PA,East,P-008,2,89.99,0.05,170.98,94.98
ORD-2025-00633,2025-08-11,2025-08-14,Second Class,C-002,CA,West,P-007,4,119,0.15,404.6,148.6
ORD-2025-00634,2025-02-22,2025-02-27,Standard Class,C-028,WI,North,P-001,2,1299,0.1,2338.2,818.2
ORD-2024-00635,2024-10-26,2024-10-29,Same Day,C-036,PA,East,P-018,12,8.99,0.1,97.09,53.89
ORD-2025-00636,2025-05-13,2025-05-19,First Class,C-032,AB,North,P-020,11,34.99,0,384.89,230.89
ORD-2025-00637,2025-09-30,2025-10-02,Same Day,C-006,WA,West,P-013,12,179,0.1,1933.2,793.2
ORD-2025-00638,2025-08-12,2025-08-13,Same Day,C-025,TN,South,P-006,2,49.99,0,99.98,57.98
ORD-2025-00639,2025-05-26,2025-05-30,Second Class,C-019,NV,West,P-006,9,49.99,0.15,382.42,193.42
ORD-2024-00640,2024-12-16,2024-12-23,First Class,C-012,FL,South,P-014,1,59,0.05,56.05,28.05
ORD-2025-00641,2025-02-28,2025-03-05,First Class,C-034,CA,West,P-004,12,499,0,5988,2268
ORD-2024-00642,2024-07-17,2024-07-23,First Class,C-022,UT,West,P-010,5,429,0.05,2037.75,837.75
ORD-2024-00643,2024-07-08,2024-07-12,Same Day,C-006,WA,West,P-005,2,329,0.2,526.4,136.4
ORD-2024-00644,2024-12-30,2024-12-31,Second Class,C-033,TX,South,P-004,9,499,0.2,3592.8,802.8
ORD-2024-00645,2024-11-22,2024-11-29,Second Class,C-022,UT,West,P-004,11,499,0,5489,2079
ORD-2024-00646,2024-09-13,2024-09-20,Second Class,C-013,ON,North,P-016,6,6.99,0.05,39.84,20.64
ORD-2024-00647,2024-01-10,2024-01-16,Second Class,C-022,UT,West,P-018,12,8.99,0.2,86.3,43.1
ORD-2024-00648,2024-04-04,2024-04-10,First Class,C-035,MO,North,P-013,3,179,0.05,510.15,225.15
ORD-2025-00649,2025-03-07,2025-03-12,Second Class,C-038,LA,South,P-001,11,1299,0.05,13574.55,5214.55
ORD-2025-00650,2025-04-15,2025-04-20,Second Class,C-039,OK,Central,P-006,1,49.99,0.1,44.99,23.99
ORD-2025-00651,2025-06-14,2025-06-16,Standard Class,C-013,ON,North,P-012,11,249,0.1,2465.1,925.1
ORD-2024-00652,2024-08-04,2024-08-09,Second Class,C-012,FL,South,P-018,1,8.99,0,8.99,5.39
ORD-2024-00653,2024-06-23,2024-06-26,Same Day,C-024,NC,South,P-002,4,999,0.1,3596.4,1156.4
ORD-2024-00654,2024-09-02,2024-09-04,Second Class,C-024,NC,South,P-006,12,49.99,0.1,539.89,287.89
ORD-2024-00655,2024-08-04,2024-08-11,Standard Class,C-019,NV,West,P-008,1,89.99,0,89.99,51.99
ORD-2024-00656,2024-12-29,2024-12-31,Same Day,C-011,TX,South,P-015,12,289,0.05,3294.6,1314.6
ORD-2025-00657,2025-04-19,2025-04-26,Standard Class,C-033,TX,South,P-012,2,249,0,498,218
ORD-2025-00658,2025-10-06,2025-10-10,Second Class,C-015,OR,West,P-011,11,559,0.05,5841.55,2211.55
ORD-2024-00659,2024-05-12,2024-05-14,Standard Class,C-034,CA,West,P-007,10,119,0,1190,550
ORD-2025-00660,2025-04-28,2025-05-04,Second Class,C-021,FL,South,P-002,5,999,0.1,4495.5,1445.5
ORD-2024-00661,2024-02-15,2024-02-18,Second Class,C-040,KY,South,P-006,11,49.99,0,549.89,318.89
ORD-2024-00662,2024-10-21,2024-10-25,First Class,C-038,LA,South,P-017,8,12.49,0.05,94.92,54.12
ORD-2024-00663,2024-07-09,2024-07-15,First Class,C-014,CA,West,P-011,10,559,0.15,4751.5,1451.5
ORD-2024-00664,2024-09-12,2024-09-17,Second Class,C-037,OH,North,P-014,5,59,0.1,265.5,125.5
ORD-2025-00665,2025-10-03,2025-10-06,Same Day,C-007,GA,South,P-014,4,59,0.2,188.8,76.8
ORD-2025-00666,2025-04-19,2025-04-26,Same Day,C-033,TX,South,P-020,11,34.99,0.15,327.16,173.16
ORD-2024-00667,2024-05-19,2024-05-21,Same Day,C-022,UT,West,P-004,1,499,0,499,189
ORD-2025-00668,2025-05-10,2025-05-16,Same Day,C-013,ON,North,P-005,11,329,0.15,3076.15,931.15
ORD-2024-00669,2024-10-19,2024-10-20,Standard Class,C-011,TX,South,P-008,11,89.99,0.05,940.4,522.4
ORD-2024-00670,2024-04-24,2024-04-28,First Class,C-024,NC,South,P-002,3,999,0.2,2397.6,567.6
ORD-2024-00671,2024-10-31,2024-11-04,Standard Class,C-038,LA,South,P-002,11,999,0.15,9340.65,2630.65
ORD-2025-00672,2025-11-11,2025-11-14,First Class,C-004,TX,South,P-020,7,34.99,0,244.93,146.93
ORD-2024-00673,2024-05-09,2024-05-12,Same Day,C-037,OH,North,P-001,12,1299,0.1,14029.2,4909.2
ORD-2024-00674,2024-03-23,2024-03-29,First Class,C-028,WI,North,P-007,2,119,0,238,110
ORD-2025-00675,2025-11-18,2025-11-23,Standard Class,C-011,TX,South,P-008,9,89.99,0,809.91,467.91
ORD-2024-00676,2024-12-17,2024-12-22,First Class,C-005,AZ,West,P-010,11,429,0.15,4011.15,1371.15
ORD-2025-00677,2025-09-01,2025-09-02,First Class,C-011,TX,South,P-004,9,499,0.1,4041.9,1251.9
ORD-2024-00678,2024-12-07,2024-12-12,Same Day,C-024,NC,South,P-020,2,34.99,0.1,62.98,34.98
ORD-2025-00679,2025-07-11,2025-07-12,Same Day,C-004,TX,South,P-019,11,68,0,748,374
ORD-2024-00680,2024-08-21,2024-08-26,Second Class,C-033,TX,South,P-017,8,12.49,0.05,94.92,54.12
ORD-2024-00681,2024-10-11,2024-10-14,Second Class,C-012,FL,South,P-013,3,179,0.1,483.3,198.3
ORD-2025-00682,2025-06-30,2025-07-07,First Class,C-018,NC,South,P-010,11,429,0,4719,2079
ORD-2025-00683,2025-09-23,2025-09-30,Standard Class,C-029,TX,South,P-006,12,49.99,0,599.88,347.88
ORD-2025-00684,2025-07-21,2025-07-24,Same Day,C-012,FL,South,P-004,12,499,0.05,5688.6,1968.6
ORD-2024-00685,2024-04-02,2024-04-03,Second Class,C-031,BC,North,P-007,2,119,0.05,226.1,98.1
ORD-2024-00686,2024-04-29,2024-05-01,Standard Class,C-016,OH,North,P-011,4,559,0.2,1788.8,468.8
ORD-2025-00687,2025-02-17,2025-02-22,Standard Class,C-023,FL,South,P-004,9,499,0.1,4041.9,1251.9
ORD-2024-00688,2024-06-21,2024-06-26,Same Day,C-031,BC,North,P-002,2,999,0.1,1798.2,578.2
ORD-2024-00689,2024-06-09,2024-06-16,First Class,C-003,IL,North,P-008,4,89.99,0.1,323.96,171.96
ORD-2024-00690,2024-09-13,2024-09-15,Same Day,C-021,FL,South,P-007,7,119,0.15,708.05,260.05
ORD-2025-00691,2025-09-07,2025-09-11,Same Day,C-028,WI,North,P-003,3,849,0.1,2292.3,672.3
ORD-2025-00692,2025-04-17,2025-04-19,Standard Class,C-039,OK,Central,P-015,4,289,0.15,982.6,322.6
ORD-2025-00693,2025-08-17,2025-08-21,Second Class,C-032,AB,North,P-019,1,68,0.2,54.4,20.4
ORD-2024-00694,2024-10-18,2024-10-20,Second Class,C-010,CO,West,P-020,4,34.99,0.05,132.96,76.96
ORD-2024-00695,2024-09-19,2024-09-24,Same Day,C-014,CA,West,P-008,9,89.99,0.2,647.93,305.93
ORD-2024-00696,2024-12-18,2024-12-22,First Class,C-024,NC,South,P-013,8,179,0.15,1217.2,457.2
ORD-2024-00697,2024-03-13,2024-03-17,First Class,C-034,CA,West,P-015,11,289,0.05,3020.05,1205.05
ORD-2024-00698,2024-06-28,2024-07-01,Standard Class,C-035,MO,North,P-010,4,429,0.1,1544.4,584.4
ORD-2024-00699,2024-02-23,2024-02-25,Standard Class,C-024,NC,South,P-017,10,12.49,0,124.9,73.9
ORD-2024-00700,2024-10-09,2024-10-16,First Class,C-031,BC,North,P-008,9,89.99,0,809.91,467.91
ORD-2024-00701,2024-12-05,2024-12-11,Same Day,C-001,NY,East,P-019,4,68,0,272,136
ORD-2024-00702,2024-10-23,2024-10-29,Same Day,C-009,MA,East,P-001,5,1299,0.05,6170.25,2370.25
ORD-2024-00703,2024-01-03,2024-01-09,First Class,C-032,AB,North,P-016,5,6.99,0,34.95,18.95
ORD-2024-00704,2024-02-29,2024-03-02,Same Day,C-022,UT,West,P-016,5,6.99,0.05,33.2,17.2
ORD-2024-00705,2024-06-08,2024-06-14,Second Class,C-036,PA,East,P-008,11,89.99,0,989.89,571.89
ORD-2024-00706,2024-08-26,2024-08-27,Same Day,C-006,WA,West,P-005,4,329,0.1,1184.4,404.4
ORD-2025-00707,2025-04-12,2025-04-15,Same Day,C-019,NV,West,P-019,9,68,0,612,306
ORD-2024-00708,2024-11-26,2024-11-28,Same Day,C-024,NC,South,P-017,8,12.49,0.2,79.94,39.14
ORD-2024-00709,2024-04-25,2024-04-27,Second Class,C-030,MD,East,P-016,6,6.99,0.1,37.75,18.55
ORD-2024-00710,2024-02-05,2024-02-11,Same Day,C-027,OH,North,P-019,10,68,0,680,340
ORD-2025-00711,2025-01-16,2025-01-22,Same Day,C-022,UT,West,P-015,3,289,0,867,372
ORD-2024-00712,2024-02-21,2024-02-23,Standard Class,C-015,OR,West,P-005,12,329,0.2,3158.4,818.4
ORD-2025-00713,2025-10-28,2025-11-02,First Class,C-023,FL,South,P-015,9,289,0.1,2340.9,855.9
ORD-2025-00714,2025-05-29,2025-05-31,Second Class,C-005,AZ,West,P-011,11,559,0.05,5841.55,2211.55
ORD-2024-00715,2024-06-15,2024-06-17,Second Class,C-011,TX,South,P-015,7,289,0,2023,868
ORD-2024-00716,2024-01-28,2024-02-03,First Class,C-038,LA,South,P-014,2,59,0,118,62
ORD-2024-00717,2024-05-15,2024-05-22,Standard Class,C-005,AZ,West,P-018,10,8.99,0.15,76.42,40.42
ORD-2024-00718,2024-12-27,2025-01-01,First Class,C-014,CA,West,P-017,10,12.49,0.05,118.66,67.66
ORD-2025-00719,2025-07-09,2025-07-14,Same Day,C-001,NY,East,P-005,9,329,0.1,2664.9,909.9
ORD-2025-00720,2025-02-22,2025-03-01,First Class,C-006,WA,West,P-001,4,1299,0.05,4936.2,1896.2
ORD-2024-00721,2024-06-14,2024-06-17,Second Class,C-029,TX,South,P-010,9,429,0.1,3474.9,1314.9
ORD-2024-00722,2024-05-10,2024-05-14,Same Day,C-032,AB,North,P-009,2,199,0.1,358.2,166.2
ORD-2025-00723,2025-07-15,2025-07-19,First Class,C-013,ON,North,P-009,2,199,0.1,358.2,166.2
ORD-2024-00724,2024-01-15,2024-01-21,First Class,C-016,OH,North,P-017,10,12.49,0,124.9,73.9
ORD-2024-00725,2024-02-06,2024-02-10,Standard Class,C-009,MA,East,P-009,10,199,0,1990,1030
ORD-2024-00726,2024-03-07,2024-03-14,First Class,C-015,OR,West,P-012,3,249,0.1,672.3,252.3
ORD-2024-00727,2024-07-26,2024-07-27,Same Day,C-009,MA,East,P-003,6,849,0.1,4584.6,1344.6
ORD-2024-00728,2024-09-25,2024-10-02,First Class,C-007,GA,South,P-010,5,429,0,2145,945
ORD-2024-00729,2024-03-14,2024-03-16,Standard Class,C-036,PA,East,P-020,1,34.99,0.2,27.99,13.99
ORD-2024-00730,2024-01-17,2024-01-18,Standard Class,C-013,ON,North,P-013,10,179,0,1790,840
ORD-2025-00731,2025-11-07,2025-11-14,Second Class,C-029,TX,South,P-013,4,179,0,716,336
ORD-2024-00732,2024-06-16,2024-06-17,First Class,C-006,WA,West,P-008,2,89.99,0,179.98,103.98
ORD-2024-00733,2024-10-17,2024-10-24,Standard Class,C-037,OH,North,P-006,9,49.99,0.05,427.41,238.41
ORD-2024-00734,2024-01-18,2024-01-22,Second Class,C-037,OH,North,P-019,12,68,0.05,775.2,367.2
ORD-2025-00735,2025-06-24,2025-06-30,First Class,C-031,BC,North,P-017,6,12.49,0.1,67.45,36.85
ORD-2024-00736,2024-05-17,2024-05-20,First Class,C-001,NY,East,P-006,5,49.99,0,249.95,144.95
ORD-2025-00737,2025-07-24,2025-07-27,First Class,C-030,MD,East,P-006,7,49.99,0,349.93,202.93
ORD-2025-00738,2025-12-07,2025-12-12,Standard Class,C-023,FL,South,P-013,7,179,0.1,1127.7,462.7
ORD-2024-00739,2024-08-05,2024-08-11,Standard Class,C-027,OH,North,P-007,10,119,0.05,1130.5,490.5
ORD-2025-00740,2025-09-11,2025-09-15,Standard Class,C-038,LA,South,P-018,3,8.99,0.05,25.62,14.82
ORD-2025-00741,2025-06-23,2025-06-24,Second Class,C-004,TX,South,P-011,4,559,0.05,2124.2,804.2
ORD-2024-00742,2024-11-08,2024-11-15,Same Day,C-006,WA,West,P-007,1,119,0.1,107.1,43.1
ORD-2025-00743,2025-12-15,2025-12-16,Same Day,C-035,MO,North,P-009,5,199,0.15,845.75,365.75
ORD-2025-00744,2025-12-25,2025-12-27,First Class,C-037,OH,North,P-004,11,499,0,5489,2079
ORD-2025-00745,2025-03-05,2025-03-06,Standard Class,C-034,CA,West,P-004,12,499,0.2,4790.4,1070.4
ORD-2024-00746,2024-11-29,2024-12-01,Standard Class,C-007,GA,South,P-004,1,499,0,499,189
ORD-2025-00747,2025-08-16,2025-08-23,First Class,C-001,NY,East,P-005,8,329,0,2632,1072
ORD-2025-00748,2025-02-04,2025-02-07,Same Day,C-035,MO,North,P-002,5,999,0.15,4245.75,1195.75
ORD-2025-00749,2025-10-22,2025-10-27,Same Day,C-001,NY,East,P-019,4,68,0.05,258.4,122.4
ORD-2025-00750,2025-09-23,2025-09-28,Standard Class,C-028,WI,North,P-014,4,59,0,236,124
ORD-2025-00751,2025-01-18,2025-01-19,Same Day,C-025,TN,South,P-011,6,559,0.15,2850.9,870.9
ORD-2025-00752,2025-10-04,2025-10-05,Standard Class,C-033,TX,South,P-007,8,119,0,952,440
ORD-2025-00753,2025-04-22,2025-04-26,Same Day,C-014,CA,West,P-011,4,559,0.2,1788.8,468.8
ORD-2025-00754,2025-02-02,2025-02-06,First Class,C-022,UT,West,P-013,6,179,0.05,1020.3,450.3
ORD-2024-00755,2024-06-29,2024-06-30,Standard Class,C-021,FL,South,P-004,1,499,0.05,474.05,164.05
ORD-2024-00756,2024-11-18,2024-11-25,Second Class,C-019,NV,West,P-010,1,429,0.2,343.2,103.2
ORD-2025-00757,2025-02-02,2025-02-04,First Class,C-023,FL,South,P-015,12,289,0,3468,1488
ORD-2025-00758,2025-05-04,2025-05-09,Second Class,C-027,OH,North,P-010,1,429,0,429,189
ORD-2024-00759,2024-07-07,2024-07-09,Second Class,C-037,OH,North,P-017,2,12.49,0.05,23.73,13.53
ORD-2024-00760,2024-08-25,2024-08-29,Same Day,C-024,NC,South,P-012,2,249,0.05,473.1,193.1
ORD-2024-00761,2024-01-27,2024-01-30,Second Class,C-005,AZ,West,P-004,5,499,0.1,2245.5,695.5
ORD-2024-00762,2024-10-14,2024-10-21,Second Class,C-011,TX,South,P-007,3,119,0.1,321.3,129.3
ORD-2025-00763,2025-05-24,2025-05-25,Second Class,C-020,MO,North,P-003,5,849,0.05,4032.75,1332.75
ORD-2025-00764,2025-03-13,2025-03-17,Same Day,C-012,FL,South,P-007,2,119,0,238,110
ORD-2024-00765,2024-11-05,2024-11-06,Same Day,C-040,KY,South,P-005,5,329,0,1645,670
ORD-2025-00766,2025-05-05,2025-05-09,Standard Class,C-033,TX,South,P-001,11,1299,0.15,12145.65,3785.65
ORD-2025-00767,2025-03-18,2025-03-21,Standard Class,C-039,OK,Central,P-016,8,6.99,0,55.92,30.32
ORD-2024-00768,2024-11-25,2024-11-27,First Class,C-013,ON,North,P-005,1,329,0,329,134
ORD-2024-00769,2024-08-11,2024-08-17,Same Day,C-003,IL,North,P-004,2,499,0.2,798.4,178.4
ORD-2024-00770,2024-01-01,2024-01-06,Second Class,C-007,GA,South,P-010,9,429,0.2,3088.8,928.8
ORD-2024-00771,2024-12-21,2024-12-23,Second Class,C-014,CA,West,P-018,12,8.99,0.05,102.49,59.29
ORD-2024-00772,2024-10-26,2024-11-01,Second Class,C-008,MI,North,P-011,8,559,0,4472,1832
ORD-2024-00773,2024-10-09,2024-10-13,Standard Class,C-003,IL,North,P-020,7,34.99,0.1,220.44,122.44
ORD-2024-00774,2024-08-13,2024-08-18,First Class,C-036,PA,East,P-007,10,119,0,1190,550
ORD-2025-00775,2025-03-09,2025-03-16,Same Day,C-037,OH,North,P-013,9,179,0.05,1530.45,675.45
ORD-2024-00776,2024-05-25,2024-05-31,Standard Class,C-037,OH,North,P-019,1,68,0.2,54.4,20.4
ORD-2025-00777,2025-12-23,2025-12-28,Standard Class,C-033,TX,South,P-015,10,289,0,2890,1240
ORD-2024-00778,2024-10-05,2024-10-12,Second Class,C-019,NV,West,P-002,12,999,0.05,11388.6,4068.6
ORD-2025-00779,2025-06-28,2025-07-01,Same Day,C-021,FL,South,P-015,11,289,0,3179,1364
ORD-2025-00780,2025-03-18,2025-03-22,First Class,C-026,IN,North,P-019,8,68,0.15,462.4,190.4
ORD-2024-00781,2024-12-02,2024-12-06,Second Class,C-004,TX,South,P-013,7,179,0.15,1065.05,400.05
ORD-2024-00782,2024-03-29,2024-04-01,Same Day,C-006,WA,West,P-011,12,559,0.1,6037.2,2077.2
ORD-2024-00783,2024-05-02,2024-05-04,Same Day,C-015,OR,West,P-014,12,59,0.1,637.2,301.2
ORD-2025-00784,2025-07-03,2025-07-07,Same Day,C-035,MO,North,P-013,8,179,0.2,1145.6,385.6
ORD-2024-00785,2024-07-06,2024-07-12,First Class,C-014,CA,West,P-014,6,59,0.1,318.6,150.6
ORD-2024-00786,2024-07-14,2024-07-18,Same Day,C-032,AB,North,P-002,12,999,0,11988,4668
ORD-2025-00787,2025-03-04,2025-03-09,First Class,C-014,CA,West,P-010,11,429,0,4719,2079
ORD-2025-00788,2025-09-08,2025-09-09,First Class,C-006,WA,West,P-005,3,329,0.05,937.65,352.65
ORD-2024-00789,2024-03-20,2024-03-25,First Class,C-016,OH,North,P-016,6,6.99,0.05,39.84,20.64
ORD-2024-00790,2024-04-18,2024-04-21,Second Class,C-003,IL,North,P-013,10,179,0.05,1700.5,750.5
ORD-2025-00791,2025-08-25,2025-08-31,Second Class,C-035,MO,North,P-007,12,119,0.1,1285.2,517.2
ORD-2024-00792,2024-03-25,2024-03-28,Standard Class,C-030,MD,East,P-008,8,89.99,0.1,647.93,343.93
ORD-2025-00793,2025-02-19,2025-02-25,Same Day,C-012,FL,South,P-019,5,68,0.1,306,136
ORD-2024-00794,2024-06-09,2024-06-11,Second Class,C-036,PA,East,P-014,5,59,0.1,265.5,125.5
ORD-2025-00795,2025-07-27,2025-08-02,Second Class,C-024,NC,South,P-013,5,179,0,895,420
ORD-2025-00796,2025-10-03,2025-10-09,Same Day,C-032,AB,North,P-007,12,119,0.1,1285.2,517.2
ORD-2025-00797,2025-02-20,2025-02-24,Same Day,C-040,KY,South,P-007,11,119,0.05,1243.55,539.55
ORD-2024-00798,2024-03-25,2024-04-01,First Class,C-034,CA,West,P-003,9,849,0,7641,2781
ORD-2025-00799,2025-11-22,2025-11-23,Standard Class,C-023,FL,South,P-001,4,1299,0.05,4936.2,1896.2
ORD-2024-00800,2024-08-16,2024-08-20,Same Day,C-017,TN,South,P-004,11,499,0,5489,2079
ORD-2025-00801,2025-02-18,2025-02-25,Second Class,C-021,FL,South,P-003,2,849,0,1698,618
ORD-2024-00802,2024-09-06,2024-09-08,First Class,C-010,CO,West,P-014,6,59,0,354,186
ORD-2024-00803,2024-09-30,2024-10-01,Second Class,C-025,TN,South,P-009,10,199,0,1990,1030
ORD-2025-00804,2025-12-10,2025-12-13,Same Day,C-030,MD,East,P-011,3,559,0.1,1509.3,519.3
ORD-2024-00805,2024-01-13,2024-01-15,Same Day,C-038,LA,South,P-007,7,119,0.1,749.7,301.7
ORD-2024-00806,2024-03-28,2024-03-30,Same Day,C-018,NC,South,P-006,2,49.99,0,99.98,57.98
ORD-2024-00807,2024-10-22,2024-10-23,Second Class,C-025,TN,South,P-006,2,49.99,0,99.98,57.98
ORD-2025-00808,2025-02-27,2025-03-03,First Class,C-022,UT,West,P-014,2,59,0.05,112.1,56.1
ORD-2025-00809,2025-10-24,2025-10-25,Same Day,C-036,PA,East,P-020,2,34.99,0.1,62.98,34.98
ORD-2024-00810,2024-09-03,2024-09-10,Standard Class,C-025,TN,South,P-012,3,249,0.05,709.65,289.65
ORD-2025-00811,2025-06-18,2025-06-24,Same Day,C-033,TX,South,P-015,6,289,0.05,1647.3,657.3
ORD-2025-00812,2025-11-16,2025-11-19,First Class,C-028,WI,North,P-001,7,1299,0.05,8638.35,3318.35
ORD-2024-00813,2024-04-01,2024-04-07,Standard Class,C-013,ON,North,P-001,11,1299,0.05,13574.55,5214.55
ORD-2024-00814,2024-01-01,2024-01-04,Same Day,C-022,UT,West,P-003,10,849,0.1,7641,2241
ORD-2025-00815,2025-11-26,2025-12-03,Second Class,C-014,CA,West,P-009,4,199,0,796,412
ORD-2024-00816,2024-01-05,2024-01-08,Same Day,C-021,FL,South,P-006,2,49.99,0.2,79.98,37.98
ORD-2024-00817,2024-01-15,2024-01-17,Same Day,C-003,IL,North,P-008,8,89.99,0.05,683.92,379.92
ORD-2024-00818,2024-05-31,2024-06-07,Standard Class,C-031,BC,North,P-001,3,1299,0.1,3507.3,1227.3
ORD-2024-00819,2024-06-01,2024-06-06,Second Class,C-029,TX,South,P-002,12,999,0.15,10189.8,2869.8
ORD-2024-00820,2024-09-07,2024-09-11,Standard Class,C-031,BC,North,P-013,10,179,0.15,1521.5,571.5
ORD-2024-00821,2024-07-05,2024-07-11,First Class,C-027,OH,North,P-019,12,68,0.2,652.8,244.8
ORD-2024-00822,2024-02-24,2024-02-27,Second Class,C-026,IN,North,P-018,10,8.99,0.1,80.91,44.91
ORD-2025-00823,2025-09-20,2025-09-26,Standard Class,C-035,MO,North,P-005,1,329,0.2,263.2,68.2
ORD-2024-00824,2024-12-10,2024-12-12,Second Class,C-019,NV,West,P-020,10,34.99,0.1,314.91,174.91
ORD-2025-00825,2025-09-27,2025-09-30,First Class,C-017,TN,South,P-015,10,289,0.15,2456.5,806.5
ORD-2024-00826,2024-12-10,2024-12-14,First Class,C-011,TX,South,P-003,9,849,0,7641,2781
ORD-2024-00827,2024-06-11,2024-06-13,First Class,C-021,FL,South,P-016,10,6.99,0,69.9,37.9
ORD-2025-00828,2025-01-25,2025-01-28,Second Class,C-025,TN,South,P-001,5,1299,0,6495,2695
ORD-2025-00829,2025-07-01,2025-07-03,Standard Class,C-018,NC,South,P-002,2,999,0,1998,778
ORD-2025-00830,2025-08-11,2025-08-12,Standard Class,C-025,TN,South,P-009,10,199,0,1990,1030
ORD-2024-00831,2024-04-04,2024-04-07,First Class,C-039,OK,Central,P-008,1,89.99,0.1,80.99,42.99
ORD-2024-00832,2024-09-16,2024-09-21,First Class,C-011,TX,South,P-004,5,499,0,2495,945
ORD-2025-00833,2025-12-15,2025-12-22,Standard Class,C-018,NC,South,P-008,2,89.99,0,179.98,103.98
ORD-2025-00834,2025-08-31,2025-09-02,Same Day,C-024,NC,South,P-007,9,119,0,1071,495
ORD-2025-00835,2025-05-31,2025-06-01,Same Day,C-038,LA,South,P-015,1,289,0.05,274.55,109.55
ORD-2025-00836,2025-11-02,2025-11-03,Same Day,C-031,BC,North,P-009,6,199,0.2,955.2,379.2
ORD-2025-00837,2025-05-03,2025-05-08,Standard Class,C-017,TN,South,P-017,8,12.49,0.05,94.92,54.12
ORD-2025-00838,2025-11-24,2025-12-01,Second Class,C-035,MO,North,P-004,3,499,0.2,1197.6,267.6
ORD-2024-00839,2024-12-03,2024-12-07,Standard Class,C-006,WA,West,P-020,10,34.99,0,349.9,209.9
ORD-2024-00840,2024-08-26,2024-08-28,First Class,C-020,MO,North,P-014,6,59,0,354,186
ORD-2024-00841,2024-04-11,2024-04-15,Standard Class,C-008,MI,North,P-011,1,559,0,559,229
ORD-2025-00842,2025-08-16,2025-08-18,Same Day,C-025,TN,South,P-016,4,6.99,0.05,26.56,13.76
ORD-2025-00843,2025-04-07,2025-04-14,First Class,C-011,TX,South,P-004,10,499,0,4990,1890
ORD-2025-00844,2025-07-05,2025-07-08,Second Class,C-038,LA,South,P-011,2,559,0.2,894.4,234.4
ORD-2025-00845,2025-08-22,2025-08-29,Standard Class,C-007,GA,South,P-019,4,68,0,272,136
ORD-2025-00846,2025-11-23,2025-11-25,Second Class,C-019,NV,West,P-020,11,34.99,0,384.89,230.89
ORD-2024-00847,2024-02-17,2024-02-18,Second Class,C-020,MO,North,P-004,12,499,0.05,5688.6,1968.6
ORD-2024-00848,2024-05-13,2024-05-18,First Class,C-031,BC,North,P-014,2,59,0.1,106.2,50.2
ORD-2025-00849,2025-12-10,2025-12-11,Standard Class,C-017,TN,South,P-004,5,499,0.15,2120.75,570.75
ORD-2024-00850,2024-05-03,2024-05-08,Second Class,C-016,OH,North,P-016,6,6.99,0,41.94,22.74
ORD-2024-00851,2024-07-08,2024-07-10,First Class,C-004,TX,South,P-014,11,59,0.2,519.2,211.2
ORD-2025-00852,2025-03-08,2025-03-15,First Class,C-013,ON,North,P-017,2,12.49,0.2,19.98,9.78
ORD-2025-00853,2025-01-02,2025-01-03,Same Day,C-040,KY,South,P-013,12,179,0.05,2040.6,900.6
ORD-2024-00854,2024-05-03,2024-05-04,Same Day,C-010,CO,West,P-015,4,289,0.1,1040.4,380.4
ORD-2024-00855,2024-08-09,2024-08-11,Second Class,C-008,MI,North,P-011,6,559,0,3354,1374
ORD-2025-00856,2025-04-26,2025-05-02,Same Day,C-007,GA,South,P-010,11,429,0.05,4483.05,1843.05
ORD-2025-00857,2025-04-21,2025-04-23,First Class,C-031,BC,North,P-012,3,249,0.05,709.65,289.65
ORD-2025-00858,2025-09-12,2025-09-19,Second Class,C-012,FL,South,P-015,5,289,0.05,1372.75,547.75
ORD-2025-00859,2025-08-23,2025-08-30,First Class,C-017,TN,South,P-016,12,6.99,0.1,75.49,37.09
ORD-2025-00860,2025-09-16,2025-09-23,First Class,C-036,PA,East,P-018,9,8.99,0.2,64.73,32.33
ORD-2025-00861,2025-03-02,2025-03-06,First Class,C-006,WA,West,P-015,9,289,0.15,2210.85,725.85
ORD-2025-00862,2025-08-01,2025-08-06,Standard Class,C-019,NV,West,P-014,11,59,0,649,341
ORD-2025-00863,2025-02-19,2025-02-21,Second Class,C-024,NC,South,P-003,11,849,0.1,8405.1,2465.1
ORD-2025-00864,2025-12-04,2025-12-08,Standard Class,C-022,UT,West,P-006,11,49.99,0,549.89,318.89
ORD-2024-00865,2024-02-28,2024-03-04,Standard Class,C-037,OH,North,P-013,12,179,0.05,2040.6,900.6
ORD-2025-00866,2025-02-19,2025-02-20,Standard Class,C-029,TX,South,P-013,4,179,0.1,644.4,264.4
ORD-2024-00867,2024-08-23,2024-08-27,Second Class,C-032,AB,North,P-012,10,249,0.15,2116.5,716.5
ORD-2025-00868,2025-05-17,2025-05-21,Second Class,C-006,WA,West,P-005,3,329,0.1,888.3,303.3
ORD-2024-00869,2024-01-30,2024-02-05,First Class,C-019,NV,West,P-005,7,329,0.15,1957.55,592.55
ORD-2025-00870,2025-11-21,2025-11-24,Same Day,C-034,CA,West,P-019,12,68,0,816,408
ORD-2024-00871,2024-12-23,2024-12-25,Standard Class,C-016,OH,North,P-003,11,849,0.1,8405.1,2465.1
ORD-2025-00872,2025-02-23,2025-02-27,Same Day,C-002,CA,West,P-020,4,34.99,0,139.96,83.96
ORD-2025-00873,2025-08-30,2025-09-01,Standard Class,C-035,MO,North,P-001,8,1299,0.2,8313.6,2233.6
ORD-2024-00874,2024-04-14,2024-04-19,First Class,C-014,CA,West,P-018,9,8.99,0,80.91,48.51
ORD-2025-00875,2025-02-02,2025-02-06,First Class,C-030,MD,East,P-017,5,12.49,0.05,59.33,33.83
ORD-2025-00876,2025-05-02,2025-05-07,Second Class,C-024,NC,South,P-013,4,179,0.05,680.2,300.2
ORD-2024-00877,2024-03-23,2024-03-30,Standard Class,C-015,OR,West,P-010,1,429,0.1,386.1,146.1
ORD-2024-00878,2024-02-18,2024-02-22,First Class,C-004,TX,South,P-016,1,6.99,0,6.99,3.79
ORD-2024-00879,2024-02-28,2024-03-01,Second Class,C-034,CA,West,P-010,1,429,0,429,189
ORD-2025-00880,2025-06-27,2025-07-04,Standard Class,C-011,TX,South,P-020,7,34.99,0.05,232.68,134.68
ORD-2025-00881,2025-02-01,2025-02-06,Standard Class,C-025,TN,South,P-003,8,849,0,6792,2472
ORD-2025-00882,2025-07-25,2025-08-01,Same Day,C-016,OH,North,P-010,6,429,0,2574,1134
ORD-2024-00883,2024-02-24,2024-03-02,Second Class,C-006,WA,West,P-003,8,849,0.1,6112.8,1792.8
ORD-2025-00884,2025-04-03,2025-04-06,Second Class,C-004,TX,South,P-012,4,249,0.2,796.8,236.8
ORD-2024-00885,2024-06-30,2024-07-03,Standard Class,C-031,BC,North,P-011,9,559,0.05,4779.45,1809.45
ORD-2024-00886,2024-11-18,2024-11-22,Second Class,C-024,NC,South,P-002,7,999,0.05,6643.35,2373.35
ORD-2025-00887,2025-08-23,2025-08-30,First Class,C-020,MO,North,P-001,5,1299,0.05,6170.25,2370.25
ORD-2024-00888,2024-06-01,2024-06-06,Second Class,C-025,TN,South,P-010,5,429,0.2,1716,516
ORD-2024-00889,2024-01-03,2024-01-04,Second Class,C-028,WI,North,P-013,8,179,0.1,1288.8,528.8
ORD-2025-00890,2025-04-28,2025-05-02,Standard Class,C-037,OH,North,P-014,11,59,0.1,584.1,276.1
ORD-2024-00891,2024-04-28,2024-05-02,Second Class,C-029,TX,South,P-009,5,199,0,995,515
ORD-2024-00892,2024-10-15,2024-10-22,Same Day,C-002,CA,West,P-013,11,179,0.05,1870.55,825.55
ORD-2024-00893,2024-08-10,2024-08-11,Standard Class,C-039,OK,Central,P-015,1,289,0,289,124
ORD-2024-00894,2024-09-07,2024-09-08,Standard Class,C-022,UT,West,P-020,4,34.99,0,139.96,83.96
ORD-2024-00895,2024-09-23,2024-09-26,First Class,C-040,KY,South,P-009,2,199,0.15,338.3,146.3
ORD-2024-00896,2024-01-09,2024-01-16,Same Day,C-014,CA,West,P-008,5,89.99,0,449.95,259.95
ORD-2024-00897,2024-02-01,2024-02-08,Same Day,C-012,FL,South,P-013,12,179,0.1,1933.2,793.2
ORD-2024-00898,2024-05-25,2024-06-01,Standard Class,C-028,WI,North,P-019,7,68,0,476,238
ORD-2025-00899,2025-12-01,2025-12-04,First Class,C-005,AZ,West,P-003,6,849,0,5094,1854
ORD-2025-00900,2025-07-27,2025-08-03,First Class,C-027,OH,North,P-007,8,119,0,952,440
ORD-2024-00901,2024-02-26,2024-03-01,First Class,C-027,OH,North,P-008,5,89.99,0.1,404.96,214.96
ORD-2024-00902,2024-04-01,2024-04-06,Same Day,C-013,ON,North,P-003,8,849,0.05,6452.4,2132.4
ORD-2024-00903,2024-01-17,2024-01-24,Same Day,C-012,FL,South,P-006,11,49.99,0.05,522.4,291.4
ORD-2025-00904,2025-02-18,2025-02-19,First Class,C-015,OR,West,P-012,10,249,0.05,2365.5,965.5
ORD-2024-00905,2024-05-09,2024-05-12,Same Day,C-010,CO,West,P-007,1,119,0,119,55
ORD-2024-00906,2024-03-18,2024-03-22,Same Day,C-006,WA,West,P-007,2,119,0.1,214.2,86.2
ORD-2025-00907,2025-03-09,2025-03-14,Standard Class,C-036,PA,East,P-005,8,329,0,2632,1072
ORD-2024-00908,2024-12-22,2024-12-27,Standard Class,C-007,GA,South,P-018,10,8.99,0,89.9,53.9
ORD-2024-00909,2024-10-04,2024-10-07,First Class,C-032,AB,North,P-003,4,849,0.1,3056.4,896.4
ORD-2025-00910,2025-04-12,2025-04-16,Same Day,C-019,NV,West,P-016,12,6.99,0.1,75.49,37.09
ORD-2024-00911,2024-09-05,2024-09-08,Standard Class,C-014,CA,West,P-001,3,1299,0,3897,1617
ORD-2024-00912,2024-05-06,2024-05-09,First Class,C-001,NY,East,P-018,3,8.99,0,26.97,16.17
ORD-2024-00913,2024-04-19,2024-04-23,Second Class,C-037,OH,North,P-006,5,49.99,0,249.95,144.95
ORD-2025-00914,2025-08-06,2025-08-08,Same Day,C-004,TX,South,P-011,9,559,0,5031,2061
ORD-2024-00915,2024-09-21,2024-09-27,Second Class,C-015,OR,West,P-014,8,59,0.2,377.6,153.6
ORD-2024-00916,2024-06-18,2024-06-21,First Class,C-023,FL,South,P-003,4,849,0.1,3056.4,896.4
ORD-2024-00917,2024-09-08,2024-09-10,Standard Class,C-032,AB,North,P-001,2,1299,0.1,2338.2,818.2
ORD-2025-00918,2025-03-16,2025-03-17,Same Day,C-040,KY,South,P-020,10,34.99,0.05,332.4,192.4
ORD-2025-00919,2025-09-01,2025-09-03,Same Day,C-035,MO,North,P-020,10,34.99,0.15,297.42,157.42
ORD-2025-00920,2025-06-01,2025-06-06,Standard Class,C-023,FL,South,P-009,7,199,0.2,1114.4,442.4
ORD-2025-00921,2025-11-19,2025-11-26,Same Day,C-006,WA,West,P-017,10,12.49,0.05,118.66,67.66
ORD-2024-00922,2024-05-18,2024-05-23,Second Class,C-035,MO,North,P-002,7,999,0.1,6293.7,2023.7
ORD-2025-00923,2025-10-29,2025-11-01,Second Class,C-012,FL,South,P-019,4,68,0.1,244.8,108.8
ORD-2025-00924,2025-04-05,2025-04-12,First Class,C-015,OR,West,P-001,3,1299,0.2,3117.6,837.6
ORD-2025-00925,2025-09-29,2025-10-06,Second Class,C-001,NY,East,P-010,8,429,0.05,3260.4,1340.4
ORD-2024-00926,2024-02-04,2024-02-06,First Class,C-024,NC,South,P-020,10,34.99,0.1,314.91,174.91
ORD-2024-00927,2024-06-18,2024-06-21,Same Day,C-019,NV,West,P-010,4,429,0.05,1630.2,670.2
ORD-2024-00928,2024-06-22,2024-06-24,First Class,C-007,GA,South,P-019,2,68,0.15,115.6,47.6
ORD-2025-00929,2025-09-10,2025-09-17,Same Day,C-028,WI,North,P-017,8,12.49,0,99.92,59.12
ORD-2025-00930,2025-05-24,2025-05-28,Same Day,C-033,TX,South,P-013,12,179,0.15,1825.8,685.8
ORD-2024-00931,2024-07-23,2024-07-27,Second Class,C-007,GA,South,P-011,4,559,0,2236,916
ORD-2025-00932,2025-02-15,2025-02-22,Standard Class,C-016,OH,North,P-016,4,6.99,0,27.96,15.16
ORD-2024-00933,2024-02-17,2024-02-24,Second Class,C-016,OH,North,P-007,12,119,0.15,1213.8,445.8
ORD-2025-00934,2025-08-18,2025-08-25,First Class,C-025,TN,South,P-008,8,89.99,0.1,647.93,343.93
ORD-2024-00935,2024-03-12,2024-03-14,Second Class,C-024,NC,South,P-012,2,249,0.05,473.1,193.1
ORD-2025-00936,2025-07-07,2025-07-10,Same Day,C-026,IN,North,P-015,2,289,0.15,491.3,161.3
ORD-2024-00937,2024-06-04,2024-06-07,Standard Class,C-018,NC,South,P-007,10,119,0.1,1071,431
ORD-2025-00938,2025-11-15,2025-11-22,First Class,C-025,TN,South,P-017,9,12.49,0,112.41,66.51
ORD-2025-00939,2025-04-24,2025-05-01,Second Class,C-015,OR,West,P-018,8,8.99,0.05,68.32,39.52
ORD-2025-00940,2025-05-28,2025-06-04,Standard Class,C-018,NC,South,P-016,2,6.99,0,13.98,7.58
ORD-2024-00941,2024-09-02,2024-09-09,Same Day,C-022,UT,West,P-020,1,34.99,0,34.99,20.99
ORD-2024-00942,2024-09-29,2024-10-04,First Class,C-002,CA,West,P-011,12,559,0.15,5701.8,1741.8
ORD-2024-00943,2024-04-04,2024-04-10,Second Class,C-020,MO,North,P-001,9,1299,0.05,11106.45,4266.45
ORD-2025-00944,2025-08-21,2025-08-22,Standard Class,C-019,NV,West,P-010,5,429,0,2145,945
ORD-2024-00945,2024-10-15,2024-10-17,Same Day,C-011,TX,South,P-003,11,849,0.2,7471.2,1531.2
ORD-2024-00946,2024-01-27,2024-02-03,Second Class,C-008,MI,North,P-012,9,249,0.15,1904.85,644.85
ORD-2024-00947,2024-09-08,2024-09-12,Same Day,C-007,GA,South,P-002,4,999,0.05,3796.2,1356.2
ORD-2025-00948,2025-12-17,2025-12-21,Standard Class,C-008,MI,North,P-020,6,34.99,0,209.94,125.94
ORD-2024-00949,2024-10-10,2024-10-17,First Class,C-024,NC,South,P-011,7,559,0.1,3521.7,1211.7
ORD-2025-00950,2025-11-06,2025-11-10,Second Class,C-019,NV,West,P-012,6,249,0.1,1344.6,504.6
ORD-2025-00951,2025-07-28,2025-07-31,Standard Class,C-029,TX,South,P-017,7,12.49,0.2,69.94,34.24
ORD-2024-00952,2024-12-31,2025-01-05,Same Day,C-040,KY,South,P-001,2,1299,0.2,2078.4,558.4
ORD-2025-00953,2025-02-03,2025-02-08,Standard Class,C-014,CA,West,P-012,6,249,0.05,1419.3,579.3
ORD-2024-00954,2024-02-15,2024-02-16,Same Day,C-026,IN,North,P-012,3,249,0.2,597.6,177.6
ORD-2024-00955,2024-02-19,2024-02-24,Standard Class,C-005,AZ,West,P-014,2,59,0.1,106.2,50.2
ORD-2025-00956,2025-12-31,2026-01-02,Second Class,C-013,ON,North,P-012,12,249,0,2988,1308
ORD-2025-00957,2025-02-15,2025-02-19,Same Day,C-028,WI,North,P-006,7,49.99,0.05,332.43,185.43
ORD-2024-00958,2024-04-30,2024-05-03,Standard Class,C-027,OH,North,P-002,9,999,0,8991,3501
ORD-2024-00959,2024-12-04,2024-12-11,Standard Class,C-035,MO,North,P-014,12,59,0.05,672.6,336.6
ORD-2024-00960,2024-01-21,2024-01-23,First Class,C-038,LA,South,P-008,1,89.99,0,89.99,51.99
ORD-2024-00961,2024-09-11,2024-09-18,Second Class,C-020,MO,North,P-015,4,289,0.15,982.6,322.6
ORD-2025-00962,2025-04-25,2025-04-28,Standard Class,C-030,MD,East,P-006,4,49.99,0,199.96,115.96
ORD-2024-00963,2024-07-03,2024-07-08,Same Day,C-033,TX,South,P-004,11,499,0.05,5214.55,1804.55
ORD-2025-00964,2025-03-26,2025-03-27,Same Day,C-004,TX,South,P-012,9,249,0,2241,981
ORD-2025-00965,2025-04-21,2025-04-26,Standard Class,C-030,MD,East,P-002,1,999,0.1,899.1,289.1
ORD-2025-00966,2025-01-29,2025-02-05,Same Day,C-008,MI,North,P-019,3,68,0.05,193.8,91.8
ORD-2024-00967,2024-09-26,2024-09-30,Same Day,C-017,TN,South,P-020,1,34.99,0,34.99,20.99
ORD-2025-00968,2025-08-10,2025-08-16,Same Day,C-019,NV,West,P-015,7,289,0,2023,868
ORD-2024-00969,2024-07-11,2024-07-14,First Class,C-034,CA,West,P-004,6,499,0.15,2544.9,684.9
ORD-2025-00970,2025-10-11,2025-10-16,Standard Class,C-032,AB,North,P-013,7,179,0.2,1002.4,337.4
ORD-2024-00971,2024-03-16,2024-03-18,First Class,C-008,MI,North,P-015,2,289,0.05,549.1,219.1
ORD-2024-00972,2024-01-10,2024-01-14,Standard Class,C-014,CA,West,P-004,8,499,0.1,3592.8,1112.8
ORD-2024-00973,2024-08-05,2024-08-06,Second Class,C-015,OR,West,P-012,5,249,0,1245,545
ORD-2025-00974,2025-05-15,2025-05-19,Standard Class,C-010,CO,West,P-011,7,559,0.05,3717.35,1407.35
ORD-2025-00975,2025-01-26,2025-01-27,First Class,C-020,MO,North,P-008,11,89.99,0.05,940.4,522.4
ORD-2025-00976,2025-02-17,2025-02-24,Second Class,C-020,MO,North,P-003,6,849,0.15,4329.9,1089.9
ORD-2025-00977,2025-02-24,2025-02-25,First Class,C-014,CA,West,P-019,1,68,0.1,61.2,27.2
ORD-2025-00978,2025-10-28,2025-10-29,Same Day,C-026,IN,North,P-020,8,34.99,0.1,251.93,139.93
ORD-2025-00979,2025-01-02,2025-01-07,First Class,C-020,MO,North,P-019,2,68,0,136,68
ORD-2025-00980,2025-09-26,2025-10-03,Second Class,C-026,IN,North,P-008,9,89.99,0.05,769.41,427.41
ORD-2025-00981,2025-05-11,2025-05-15,Standard Class,C-023,FL,South,P-015,6,289,0,1734,744
ORD-2025-00982,2025-06-07,2025-06-14,Standard Class,C-035,MO,North,P-019,4,68,0.05,258.4,122.4
ORD-2025-00983,2025-02-16,2025-02-19,Standard Class,C-025,TN,South,P-003,4,849,0.05,3226.2,1066.2
ORD-2025-00984,2025-12-12,2025-12-14,First Class,C-008,MI,North,P-005,6,329,0,1974,804
ORD-2024-00985,2024-05-25,2024-05-29,Same Day,C-008,MI,North,P-009,5,199,0.1,895.5,415.5
ORD-2025-00986,2025-09-21,2025-09-28,Standard Class,C-007,GA,South,P-004,7,499,0.1,3143.7,973.7
ORD-2025-00987,2025-02-06,2025-02-12,Second Class,C-038,LA,South,P-005,11,329,0.05,3438.05,1293.05
ORD-2025-00988,2025-04-22,2025-04-23,First Class,C-022,UT,West,P-013,9,179,0.2,1288.8,433.8
ORD-2025-00989,2025-05-07,2025-05-10,Same Day,C-031,BC,North,P-020,2,34.99,0.05,66.48,38.48
ORD-2025-00990,2025-11-28,2025-11-30,Standard Class,C-008,MI,North,P-012,5,249,0,1245,545
ORD-2024-00991,2024-06-30,2024-07-06,Second Class,C-003,IL,North,P-016,10,6.99,0,69.9,37.9
ORD-2025-00992,2025-12-02,2025-12-04,Second Class,C-017,TN,South,P-006,6,49.99,0,299.94,173.94
ORD-2024-00993,2024-06-07,2024-06-11,Same Day,C-010,CO,West,P-009,7,199,0.2,1114.4,442.4
ORD-2025-00994,2025-06-05,2025-06-09,Second Class,C-013,ON,North,P-005,7,329,0,2303,938
ORD-2025-00995,2025-10-03,2025-10-05,First Class,C-008,MI,North,P-013,1,179,0,179,84
ORD-2024-00996,2024-06-16,2024-06-20,Same Day,C-025,TN,South,P-001,3,1299,0.15,3312.45,1032.45
ORD-2024-00997,2024-08-22,2024-08-28,Second Class,C-028,WI,North,P-003,3,849,0,2547,927
ORD-2025-00998,2025-05-16,2025-05-22,Same Day,C-032,AB,North,P-005,5,329,0.1,1480.5,505.5
ORD-2024-00999,2024-03-28,2024-03-29,Same Day,C-030,MD,East,P-001,12,1299,0,15588,6468
ORD-2024-01000,2024-01-16,2024-01-20,First Class,C-010,CO,West,P-009,2,199,0.2,318.4,126.4
ORD-2024-01001,2024-02-12,2024-02-15,Standard Class,C-015,OR,West,P-019,8,68,0.1,489.6,217.6
ORD-2025-01002,2025-09-17,2025-09-23,Second Class,C-025,TN,South,P-019,11,68,0,748,374
ORD-2025-01003,2025-01-25,2025-02-01,First Class,C-018,NC,South,P-013,9,179,0,1611,756
ORD-2025-01004,2025-06-25,2025-06-27,Second Class,C-034,CA,West,P-017,9,12.49,0,112.41,66.51
ORD-2024-01005,2024-09-05,2024-09-09,Standard Class,C-007,GA,South,P-002,5,999,0,4995,1945
ORD-2025-01006,2025-09-23,2025-09-30,First Class,C-026,IN,North,P-005,6,329,0,1974,804
ORD-2024-01007,2024-07-14,2024-07-21,Same Day,C-016,OH,North,P-004,2,499,0,998,378
ORD-2025-01008,2025-05-15,2025-05-21,Same Day,C-022,UT,West,P-009,9,199,0,1791,927
ORD-2025-01009,2025-06-29,2025-07-04,Same Day,C-016,OH,North,P-005,2,329,0.2,526.4,136.4
ORD-2024-01010,2024-11-25,2024-11-27,Standard Class,C-034,CA,West,P-016,8,6.99,0,55.92,30.32
ORD-2025-01011,2025-04-28,2025-05-04,Second Class,C-040,KY,South,P-020,3,34.99,0.2,83.98,41.98
ORD-2025-01012,2025-10-25,2025-10-27,Second Class,C-038,LA,South,P-009,5,199,0.2,796,316
ORD-2024-01013,2024-07-21,2024-07-22,Same Day,C-026,IN,North,P-009,9,199,0,1791,927
ORD-2024-01014,2024-09-11,2024-09-16,Same Day,C-012,FL,South,P-008,9,89.99,0.05,769.41,427.41
ORD-2024-01015,2024-02-03,2024-02-10,First Class,C-029,TX,South,P-010,6,429,0.05,2445.3,1005.3
ORD-2024-01016,2024-03-13,2024-03-20,First Class,C-029,TX,South,P-017,9,12.49,0,112.41,66.51
ORD-2025-01017,2025-09-16,2025-09-18,Second Class,C-026,IN,North,P-015,7,289,0.05,1921.85,766.85
ORD-2025-01018,2025-02-24,2025-02-28,Same Day,C-031,BC,North,P-012,2,249,0,498,218
ORD-2025-01019,2025-02-26,2025-03-05,First Class,C-014,CA,West,P-007,3,119,0.05,339.15,147.15
ORD-2025-01020,2025-07-31,2025-08-05,Same Day,C-011,TX,South,P-005,10,329,0,3290,1340
ORD-2025-01021,2025-12-25,2025-12-29,Standard Class,C-005,AZ,West,P-006,11,49.99,0,549.89,318.89
ORD-2025-01022,2025-09-12,2025-09-17,Second Class,C-024,NC,South,P-011,12,559,0.05,6372.6,2412.6
ORD-2024-01023,2024-08-04,2024-08-06,Same Day,C-005,AZ,West,P-003,11,849,0,9339,3399
ORD-2024-01024,2024-12-12,2024-12-17,Standard Class,C-001,NY,East,P-016,9,6.99,0,62.91,34.11
ORD-2024-01025,2024-06-28,2024-07-04,First Class,C-030,MD,East,P-002,10,999,0.05,9490.5,3390.5
ORD-2024-01026,2024-03-06,2024-03-09,Standard Class,C-034,CA,West,P-015,1,289,0,289,124
ORD-2025-01027,2025-09-01,2025-09-06,Second Class,C-014,CA,West,P-002,10,999,0.15,8491.5,2391.5
ORD-2025-01028,2025-12-15,2025-12-18,Same Day,C-026,IN,North,P-009,2,199,0.05,378.1,186.1
ORD-2025-01029,2025-05-30,2025-06-02,Standard Class,C-007,GA,South,P-013,1,179,0.1,161.1,66.1
ORD-2025-01030,2025-02-25,2025-03-01,Same Day,C-007,GA,South,P-016,11,6.99,0,76.89,41.69
ORD-2024-01031,2024-09-06,2024-09-11,First Class,C-035,MO,North,P-018,3,8.99,0.15,22.92,12.12
ORD-2024-01032,2024-10-12,2024-10-16,Same Day,C-001,NY,East,P-008,1,89.99,0.1,80.99,42.99
ORD-2024-01033,2024-07-18,2024-07-24,Standard Class,C-012,FL,South,P-015,3,289,0.1,780.3,285.3
ORD-2025-01034,2025-05-02,2025-05-05,First Class,C-001,NY,East,P-013,4,179,0.05,680.2,300.2
ORD-2024-01035,2024-01-21,2024-01-22,Second Class,C-037,OH,North,P-007,8,119,0,952,440
ORD-2024-01036,2024-04-04,2024-04-11,Standard Class,C-032,AB,North,P-010,7,429,0,3003,1323
ORD-2024-01037,2024-04-21,2024-04-28,Same Day,C-021,FL,South,P-004,11,499,0.15,4665.65,1255.65
ORD-2025-01038,2025-09-08,2025-09-11,Same Day,C-027,OH,North,P-014,2,59,0,118,62
ORD-2024-01039,2024-03-03,2024-03-08,First Class,C-019,NV,West,P-002,6,999,0.2,4795.2,1135.2
ORD-2025-01040,2025-02-06,2025-02-08,Same Day,C-001,NY,East,P-014,2,59,0,118,62
ORD-2025-01041,2025-04-05,2025-04-07,Same Day,C-024,NC,South,P-002,6,999,0.15,5094.9,1434.9
ORD-2025-01042,2025-11-11,2025-11-15,Standard Class,C-040,KY,South,P-015,6,289,0.05,1647.3,657.3
ORD-2024-01043,2024-10-23,2024-10-25,Same Day,C-018,NC,South,P-012,7,249,0.15,1481.55,501.55
ORD-2025-01044,2025-07-29,2025-07-31,First Class,C-032,AB,North,P-014,1,59,0.15,50.15,22.15
ORD-2025-01045,2025-11-08,2025-11-12,First Class,C-003,IL,North,P-013,1,179,0.05,170.05,75.05
ORD-2025-01046,2025-02-25,2025-02-27,First Class,C-015,OR,West,P-014,6,59,0.05,336.3,168.3
ORD-2024-01047,2024-06-14,2024-06-19,First Class,C-015,OR,West,P-016,5,6.99,0.2,27.96,11.96
ORD-2025-01048,2025-10-08,2025-10-12,Same Day,C-009,MA,East,P-004,11,499,0.1,4940.1,1530.1
ORD-2024-01049,2024-09-06,2024-09-11,First Class,C-032,AB,North,P-019,1,68,0.05,64.6,30.6
ORD-2025-01050,2025-06-01,2025-06-05,First Class,C-009,MA,East,P-009,5,199,0.1,895.5,415.5
ORD-2024-01051,2024-03-09,2024-03-16,First Class,C-010,CO,West,P-003,9,849,0,7641,2781
ORD-2024-01052,2024-12-10,2024-12-15,Standard Class,C-027,OH,North,P-016,8,6.99,0.1,50.33,24.73
ORD-2024-01053,2024-08-25,2024-08-30,Same Day,C-022,UT,West,P-019,11,68,0.2,598.4,224.4
ORD-2025-01054,2025-05-07,2025-05-08,Standard Class,C-018,NC,South,P-013,10,179,0.1,1611,661
ORD-2024-01055,2024-03-02,2024-03-09,First Class,C-039,OK,Central,P-009,8,199,0,1592,824
ORD-2024-01056,2024-03-13,2024-03-16,Same Day,C-039,OK,Central,P-010,3,429,0.15,1093.95,373.95
ORD-2025-01057,2025-09-12,2025-09-18,Same Day,C-033,TX,South,P-007,3,119,0,357,165
ORD-2024-01058,2024-04-26,2024-05-03,Standard Class,C-011,TX,South,P-020,6,34.99,0.05,199.44,115.44
ORD-2025-01059,2025-03-02,2025-03-08,Standard Class,C-007,GA,South,P-010,10,429,0.1,3861,1461
ORD-2025-01060,2025-07-19,2025-07-21,First Class,C-036,PA,East,P-013,10,179,0,1790,840
ORD-2024-01061,2024-07-06,2024-07-08,First Class,C-014,CA,West,P-014,4,59,0.05,224.2,112.2
ORD-2024-01062,2024-03-05,2024-03-06,Second Class,C-014,CA,West,P-012,10,249,0.2,1992,592
ORD-2025-01063,2025-12-15,2025-12-17,Second Class,C-010,CO,West,P-003,10,849,0.1,7641,2241
ORD-2025-01064,2025-11-22,2025-11-29,Second Class,C-011,TX,South,P-004,9,499,0.2,3592.8,802.8
ORD-2024-01065,2024-06-19,2024-06-24,Standard Class,C-037,OH,North,P-016,4,6.99,0.05,26.56,13.76
ORD-2025-01066,2025-05-05,2025-05-07,First Class,C-029,TX,South,P-019,11,68,0.15,635.8,261.8
ORD-2025-01067,2025-01-09,2025-01-16,Standard Class,C-035,MO,North,P-014,12,59,0.05,672.6,336.6
ORD-2025-01068,2025-03-31,2025-04-07,Same Day,C-029,TX,South,P-009,5,199,0.05,945.25,465.25
ORD-2024-01069,2024-01-27,2024-01-31,Second Class,C-040,KY,South,P-015,8,289,0.05,2196.4,876.4
ORD-2025-01070,2025-06-06,2025-06-07,Standard Class,C-015,OR,West,P-009,8,199,0.1,1432.8,664.8
ORD-2025-01071,2025-03-10,2025-03-16,Standard Class,C-008,MI,North,P-010,2,429,0,858,378
ORD-2025-01072,2025-08-14,2025-08-18,Same Day,C-015,OR,West,P-007,7,119,0.15,708.05,260.05
ORD-2025-01073,2025-01-19,2025-01-21,Second Class,C-021,FL,South,P-009,2,199,0.05,378.1,186.1
ORD-2024-01074,2024-08-06,2024-08-11,Second Class,C-015,OR,West,P-002,10,999,0,9990,3890
ORD-2024-01075,2024-08-02,2024-08-07,Standard Class,C-013,ON,North,P-019,3,68,0.2,163.2,61.2
ORD-2025-01076,2025-02-17,2025-02-23,First Class,C-022,UT,West,P-011,6,559,0.05,3186.3,1206.3
ORD-2024-01077,2024-05-31,2024-06-06,Second Class,C-035,MO,North,P-014,3,59,0.05,168.15,84.15
ORD-2025-01078,2025-11-05,2025-11-06,Second Class,C-003,IL,North,P-006,3,49.99,0.15,127.47,64.47
ORD-2025-01079,2025-04-29,2025-05-01,Second Class,C-004,TX,South,P-011,6,559,0,3354,1374
ORD-2025-01080,2025-06-28,2025-07-03,Standard Class,C-040,KY,South,P-017,1,12.49,0.05,11.87,6.77
ORD-2024-01081,2024-04-11,2024-04-13,Standard Class,C-036,PA,East,P-016,1,6.99,0,6.99,3.79
ORD-2025-01082,2025-11-23,2025-11-27,First Class,C-020,MO,North,P-014,9,59,0,531,279
ORD-2025-01083,2025-10-01,2025-10-08,Second Class,C-033,TX,South,P-017,10,12.49,0.15,106.16,55.16
ORD-2025-01084,2025-04-25,2025-04-27,Second Class,C-014,CA,West,P-013,2,179,0.2,286.4,96.4
ORD-2025-01085,2025-08-09,2025-08-10,Second Class,C-011,TX,South,P-017,9,12.49,0.1,101.17,55.27
ORD-2024-01086,2024-05-28,2024-05-31,Same Day,C-014,CA,West,P-016,3,6.99,0,20.97,11.37
ORD-2024-01087,2024-03-31,2024-04-04,Second Class,C-011,TX,South,P-002,3,999,0.15,2547.45,717.45
ORD-2024-01088,2024-08-20,2024-08-23,Same Day,C-016,OH,North,P-011,2,559,0,1118,458
ORD-2025-01089,2025-07-10,2025-07-16,Standard Class,C-024,NC,South,P-005,7,329,0.05,2187.85,822.85
ORD-2025-01090,2025-03-10,2025-03-14,Second Class,C-002,CA,West,P-003,3,849,0.2,2037.6,417.6
ORD-2025-01091,2025-12-08,2025-12-09,Same Day,C-012,FL,South,P-010,5,429,0,2145,945
ORD-2025-01092,2025-11-14,2025-11-18,Same Day,C-033,TX,South,P-005,11,329,0.1,3257.1,1112.1
ORD-2025-01093,2025-08-06,2025-08-09,Second Class,C-034,CA,West,P-018,3,8.99,0.2,21.58,10.78
ORD-2024-01094,2024-12-08,2024-12-13,Second Class,C-027,OH,North,P-010,7,429,0,3003,1323
ORD-2025-01095,2025-11-16,2025-11-17,Second Class,C-028,WI,North,P-011,4,559,0.1,2012.4,692.4
ORD-2025-01096,2025-06-10,2025-06-14,Second Class,C-021,FL,South,P-007,3,119,0.1,321.3,129.3
ORD-2025-01097,2025-07-23,2025-07-26,Standard Class,C-033,TX,South,P-007,12,119,0.05,1356.6,588.6
ORD-2025-01098,2025-05-19,2025-05-25,Standard Class,C-014,CA,West,P-014,4,59,0.2,188.8,76.8
ORD-2024-01099,2024-11-11,2024-11-15,Same Day,C-040,KY,South,P-005,12,329,0.1,3553.2,1213.2
ORD-2025-01100,2025-01-24,2025-01-29,Second Class,C-005,AZ,West,P-002,9,999,0.2,7192.8,1702.8
ORD-2024-01101,2024-06-23,2024-06-29,First Class,C-013,ON,North,P-007,8,119,0.2,761.6,249.6
ORD-2024-01102,2024-02-12,2024-02-19,Same Day,C-038,LA,South,P-012,2,249,0,498,218
ORD-2024-01103,2024-04-21,2024-04-27,Standard Class,C-008,MI,North,P-002,8,999,0.2,6393.6,1513.6
ORD-2025-01104,2025-02-03,2025-02-07,First Class,C-014,CA,West,P-008,3,89.99,0.15,229.47,115.47
ORD-2024-01105,2024-06-07,2024-06-08,Standard Class,C-010,CO,West,P-001,3,1299,0.15,3312.45,1032.45
ORD-2024-01106,2024-09-06,2024-09-12,Standard Class,C-005,AZ,West,P-017,10,12.49,0.05,118.66,67.66
ORD-2024-01107,2024-09-10,2024-09-15,First Class,C-002,CA,West,P-007,8,119,0.05,904.4,392.4
ORD-2025-01108,2025-07-13,2025-07-14,First Class,C-023,FL,South,P-003,5,849,0.1,3820.5,1120.5
ORD-2024-01109,2024-03-03,2024-03-07,First Class,C-040,KY,South,P-008,9,89.99,0.2,647.93,305.93
ORD-2025-01110,2025-11-30,2025-12-07,First Class,C-036,PA,East,P-019,1,68,0.1,61.2,27.2
ORD-2024-01111,2024-08-25,2024-08-27,First Class,C-022,UT,West,P-014,3,59,0.1,159.3,75.3
ORD-2024-01112,2024-03-03,2024-03-08,First Class,C-033,TX,South,P-008,9,89.99,0.1,728.92,386.92
ORD-2024-01113,2024-10-31,2024-11-03,Standard Class,C-038,LA,South,P-002,7,999,0.15,5944.05,1674.05
ORD-2025-01114,2025-11-27,2025-12-01,Standard Class,C-023,FL,South,P-001,8,1299,0.1,9352.8,3272.8
ORD-2025-01115,2025-11-14,2025-11-18,Same Day,C-021,FL,South,P-007,12,119,0.05,1356.6,588.6
ORD-2025-01116,2025-02-06,2025-02-08,First Class,C-037,OH,North,P-005,7,329,0,2303,938
ORD-2025-01117,2025-03-14,2025-03-20,Standard Class,C-007,GA,South,P-015,2,289,0.05,549.1,219.1
ORD-2025-01118,2025-11-03,2025-11-07,First Class,C-040,KY,South,P-003,6,849,0.15,4329.9,1089.9
ORD-2024-01119,2024-10-03,2024-10-07,Same Day,C-009,MA,East,P-010,3,429,0.05,1222.65,502.65
ORD-2025-01120,2025-05-08,2025-05-15,Second Class,C-024,NC,South,P-007,6,119,0.05,678.3,294.3
ORD-2024-01121,2024-02-24,2024-02-27,Same Day,C-025,TN,South,P-003,7,849,0,5943,2163
ORD-2024-01122,2024-05-17,2024-05-19,Standard Class,C-006,WA,West,P-002,1,999,0.15,849.15,239.15
ORD-2024-01123,2024-02-06,2024-02-08,Second Class,C-036,PA,East,P-015,1,289,0.1,260.1,95.1
ORD-2024-01124,2024-10-19,2024-10-23,Standard Class,C-008,MI,North,P-011,10,559,0.05,5310.5,2010.5
ORD-2024-01125,2024-11-28,2024-12-02,Second Class,C-016,OH,North,P-003,1,849,0.15,721.65,181.65
ORD-2025-01126,2025-06-10,2025-06-11,Same Day,C-009,MA,East,P-016,2,6.99,0,13.98,7.58
ORD-2024-01127,2024-01-23,2024-01-30,First Class,C-031,BC,North,P-017,1,12.49,0.15,10.62,5.52
ORD-2025-01128,2025-11-05,2025-11-08,First Class,C-010,CO,West,P-015,1,289,0,289,124
ORD-2025-01129,2025-09-24,2025-09-30,Standard Class,C-013,ON,North,P-001,11,1299,0.1,12860.1,4500.1
ORD-2024-01130,2024-01-28,2024-01-31,First Class,C-002,CA,West,P-018,3,8.99,0.1,24.27,13.47
ORD-2025-01131,2025-02-08,2025-02-10,First Class,C-012,FL,South,P-013,8,179,0,1432,672
ORD-2025-01132,2025-07-24,2025-07-25,Second Class,C-035,MO,North,P-001,11,1299,0.05,13574.55,5214.55
ORD-2025-01133,2025-07-31,2025-08-03,Same Day,C-031,BC,North,P-003,5,849,0,4245,1545
ORD-2025-01134,2025-02-07,2025-02-08,Second Class,C-019,NV,West,P-010,2,429,0.2,686.4,206.4
ORD-2025-01135,2025-09-03,2025-09-07,Standard Class,C-020,MO,North,P-004,4,499,0,1996,756
ORD-2025-01136,2025-05-20,2025-05-21,Second Class,C-032,AB,North,P-013,5,179,0.1,805.5,330.5
ORD-2025-01137,2025-03-06,2025-03-10,Standard Class,C-010,CO,West,P-006,9,49.99,0.05,427.41,238.41
ORD-2025-01138,2025-08-03,2025-08-06,First Class,C-012,FL,South,P-018,1,8.99,0,8.99,5.39
ORD-2024-01139,2024-01-11,2024-01-15,Second Class,C-025,TN,South,P-010,3,429,0,1287,567
ORD-2024-01140,2024-11-23,2024-11-27,Second Class,C-005,AZ,West,P-016,9,6.99,0.15,53.47,24.67
ORD-2025-01141,2025-05-22,2025-05-28,Standard Class,C-019,NV,West,P-001,3,1299,0.1,3507.3,1227.3
ORD-2024-01142,2024-08-25,2024-08-28,Standard Class,C-013,ON,North,P-012,3,249,0,747,327
ORD-2024-01143,2024-04-30,2024-05-04,Standard Class,C-033,TX,South,P-005,11,329,0.15,3076.15,931.15
ORD-2025-01144,2025-07-04,2025-07-11,First Class,C-036,PA,East,P-009,2,199,0.1,358.2,166.2
ORD-2025-01145,2025-07-26,2025-08-02,Second Class,C-002,CA,West,P-019,3,68,0.1,183.6,81.6
ORD-2024-01146,2024-01-22,2024-01-26,Same Day,C-011,TX,South,P-017,5,12.49,0.05,59.33,33.83
ORD-2025-01147,2025-03-11,2025-03-18,First Class,C-015,OR,West,P-012,4,249,0.1,896.4,336.4
ORD-2025-01148,2025-04-03,2025-04-10,Same Day,C-002,CA,West,P-013,1,179,0.1,161.1,66.1
ORD-2025-01149,2025-07-26,2025-08-02,First Class,C-034,CA,West,P-004,1,499,0.15,424.15,114.15
ORD-2024-01150,2024-04-20,2024-04-27,Standard Class,C-008,MI,North,P-010,7,429,0.15,2552.55,872.55
ORD-2024-01151,2024-08-28,2024-09-01,Second Class,C-008,MI,North,P-007,5,119,0.2,476,156
ORD-2025-01152,2025-04-04,2025-04-09,Same Day,C-031,BC,North,P-011,4,559,0.15,1900.6,580.6
ORD-2025-01153,2025-12-20,2025-12-24,First Class,C-025,TN,South,P-011,5,559,0.2,2236,586
ORD-2024-01154,2024-09-05,2024-09-12,Second Class,C-016,OH,North,P-004,4,499,0.05,1896.2,656.2
ORD-2025-01155,2025-01-08,2025-01-13,First Class,C-009,MA,East,P-018,8,8.99,0.1,64.73,35.93
ORD-2025-01156,2025-07-16,2025-07-23,Second Class,C-034,CA,West,P-007,12,119,0.1,1285.2,517.2
ORD-2024-01157,2024-10-29,2024-10-31,Same Day,C-036,PA,East,P-005,4,329,0.1,1184.4,404.4
ORD-2025-01158,2025-08-29,2025-09-03,Second Class,C-021,FL,South,P-007,8,119,0,952,440
ORD-2025-01159,2025-12-11,2025-12-14,First Class,C-003,IL,North,P-019,10,68,0.15,578,238
ORD-2024-01160,2024-03-10,2024-03-13,First Class,C-020,MO,North,P-017,12,12.49,0.05,142.39,81.19
ORD-2025-01161,2025-08-04,2025-08-07,Second Class,C-014,CA,West,P-011,1,559,0.2,447.2,117.2
ORD-2025-01162,2025-01-02,2025-01-09,First Class,C-030,MD,East,P-013,10,179,0.2,1432,482
ORD-2024-01163,2024-10-06,2024-10-13,Second Class,C-006,WA,West,P-020,9,34.99,0,314.91,188.91
ORD-2024-01164,2024-07-04,2024-07-08,Same Day,C-023,FL,South,P-002,10,999,0,9990,3890
ORD-2024-01165,2024-03-17,2024-03-18,Same Day,C-024,NC,South,P-003,2,849,0.1,1528.2,448.2
ORD-2025-01166,2025-06-19,2025-06-24,First Class,C-032,AB,North,P-011,7,559,0,3913,1603
ORD-2024-01167,2024-08-08,2024-08-15,Second Class,C-027,OH,North,P-006,2,49.99,0.05,94.98,52.98
ORD-2025-01168,2025-05-04,2025-05-08,Same Day,C-031,BC,North,P-014,6,59,0.05,336.3,168.3
ORD-2024-01169,2024-03-28,2024-04-02,First Class,C-010,CO,West,P-008,2,89.99,0,179.98,103.98
ORD-2024-01170,2024-10-27,2024-10-30,Same Day,C-013,ON,North,P-009,10,199,0,1990,1030
ORD-2025-01171,2025-03-27,2025-04-03,First Class,C-034,CA,West,P-002,4,999,0.1,3596.4,1156.4
ORD-2025-01172,2025-05-18,2025-05-25,Same Day,C-009,MA,East,P-006,1,49.99,0.05,47.49,26.49
ORD-2024-01173,2024-09-28,2024-10-05,First Class,C-010,CO,West,P-009,10,199,0,1990,1030
ORD-2025-01174,2025-07-14,2025-07-20,Standard Class,C-006,WA,West,P-012,11,249,0,2739,1199
ORD-2025-01175,2025-07-16,2025-07-17,First Class,C-019,NV,West,P-010,9,429,0.15,3281.85,1121.85
ORD-2025-01176,2025-08-29,2025-09-03,Standard Class,C-035,MO,North,P-020,3,34.99,0,104.97,62.97
ORD-2024-01177,2024-10-18,2024-10-23,Second Class,C-038,LA,South,P-012,5,249,0.1,1120.5,420.5
ORD-2024-01178,2024-11-10,2024-11-13,Second Class,C-002,CA,West,P-018,7,8.99,0.05,59.78,34.58
ORD-2025-01179,2025-03-06,2025-03-10,First Class,C-035,MO,North,P-009,9,199,0,1791,927
ORD-2024-01180,2024-01-14,2024-01-18,Same Day,C-035,MO,North,P-002,4,999,0,3996,1556
ORD-2025-01181,2025-02-04,2025-02-08,Second Class,C-006,WA,West,P-015,2,289,0.15,491.3,161.3
ORD-2024-01182,2024-04-10,2024-04-17,First Class,C-021,FL,South,P-008,2,89.99,0,179.98,103.98
ORD-2025-01183,2025-10-10,2025-10-15,Standard Class,C-029,TX,South,P-016,3,6.99,0.05,19.92,10.32
ORD-2024-01184,2024-10-01,2024-10-05,Second Class,C-039,OK,Central,P-020,2,34.99,0.05,66.48,38.48
ORD-2024-01185,2024-04-21,2024-04-22,First Class,C-017,TN,South,P-020,12,34.99,0.05,398.89,230.89
ORD-2025-01186,2025-06-09,2025-06-16,Standard Class,C-028,WI,North,P-018,2,8.99,0.05,17.08,9.88
ORD-2025-01187,2025-01-29,2025-02-01,Same Day,C-012,FL,South,P-016,5,6.99,0.05,33.2,17.2
ORD-2025-01188,2025-01-28,2025-01-31,Same Day,C-024,NC,South,P-002,1,999,0.15,849.15,239.15
ORD-2024-01189,2024-11-04,2024-11-11,First Class,C-008,MI,North,P-005,11,329,0.1,3257.1,1112.1
ORD-2024-01190,2024-05-18,2024-05-21,First Class,C-009,MA,East,P-010,3,429,0,1287,567
ORD-2025-01191,2025-12-16,2025-12-19,Second Class,C-013,ON,North,P-002,2,999,0.2,1598.4,378.4
ORD-2025-01192,2025-06-16,2025-06-21,Same Day,C-009,MA,East,P-017,7,12.49,0,87.43,51.73
ORD-2024-01193,2024-11-09,2024-11-15,Standard Class,C-036,PA,East,P-011,9,559,0,5031,2061
ORD-2025-01194,2025-07-14,2025-07-19,Same Day,C-028,WI,North,P-009,7,199,0,1393,721
ORD-2024-01195,2024-11-19,2024-11-25,Same Day,C-025,TN,South,P-005,8,329,0.05,2500.4,940.4
ORD-2024-01196,2024-05-16,2024-05-19,Second Class,C-002,CA,West,P-020,2,34.99,0.05,66.48,38.48
ORD-2025-01197,2025-10-24,2025-10-29,Same Day,C-022,UT,West,P-006,4,49.99,0.1,179.96,95.96
ORD-2025-01198,2025-11-17,2025-11-23,Second Class,C-016,OH,North,P-003,6,849,0.1,4584.6,1344.6
ORD-2025-01199,2025-07-02,2025-07-07,Second Class,C-021,FL,South,P-010,4,429,0.05,1630.2,670.2
ORD-2025-01200,2025-05-02,2025-05-05,First Class,C-034,CA,West,P-007,7,119,0.1,749.7,301.7
ORD-2024-01201,2024-10-01,2024-10-02,First Class,C-021,FL,South,P-001,9,1299,0.1,10521.9,3681.9
ORD-2025-01202,2025-05-03,2025-05-04,Standard Class,C-040,KY,South,P-009,5,199,0.05,945.25,465.25
ORD-2024-01203,2024-03-11,2024-03-13,Standard Class,C-025,TN,South,P-004,9,499,0.2,3592.8,802.8
ORD-2025-01204,2025-02-05,2025-02-11,Second Class,C-028,WI,North,P-014,11,59,0.1,584.1,276.1
ORD-2025-01205,2025-07-31,2025-08-04,First Class,C-032,AB,North,P-016,8,6.99,0.15,47.53,21.93
ORD-2024-01206,2024-05-06,2024-05-07,Same Day,C-016,OH,North,P-007,1,119,0.05,113.05,49.05
ORD-2024-01207,2024-01-20,2024-01-23,Same Day,C-033,TX,South,P-013,7,179,0.05,1190.35,525.35
ORD-2025-01208,2025-02-26,2025-03-01,Second Class,C-016,OH,North,P-005,10,329,0.15,2796.5,846.5
ORD-2025-01209,2025-10-18,2025-10-22,Second Class,C-022,UT,West,P-016,12,6.99,0,83.88,45.48
ORD-2025-01210,2025-06-07,2025-06-13,Second Class,C-019,NV,West,P-006,5,49.99,0.15,212.46,107.46
ORD-2024-01211,2024-03-21,2024-03-23,Same Day,C-005,AZ,West,P-006,2,49.99,0.05,94.98,52.98
ORD-2025-01212,2025-11-30,2025-12-06,Same Day,C-006,WA,West,P-012,10,249,0,2490,1090
ORD-2025-01213,2025-10-18,2025-10-19,First Class,C-038,LA,South,P-011,11,559,0,6149,2519
ORD-2024-01214,2024-10-23,2024-10-27,Standard Class,C-004,TX,South,P-012,2,249,0.1,448.2,168.2
ORD-2024-01215,2024-05-28,2024-06-01,Second Class,C-013,ON,North,P-002,10,999,0,9990,3890
ORD-2024-01216,2024-12-20,2024-12-21,Standard Class,C-026,IN,North,P-005,6,329,0.05,1875.3,705.3
ORD-2024-01217,2024-01-17,2024-01-23,First Class,C-040,KY,South,P-001,12,1299,0.05,14808.6,5688.6
ORD-2025-01218,2025-06-23,2025-06-30,Standard Class,C-028,WI,North,P-011,6,559,0.05,3186.3,1206.3
ORD-2024-01219,2024-05-17,2024-05-19,Standard Class,C-034,CA,West,P-018,3,8.99,0.2,21.58,10.78
ORD-2024-01220,2024-04-18,2024-04-19,Second Class,C-027,OH,North,P-011,5,559,0,2795,1145
ORD-2024-01221,2024-05-22,2024-05-29,Second Class,C-015,OR,West,P-019,5,68,0,340,170
ORD-2024-01222,2024-06-22,2024-06-29,First Class,C-031,BC,North,P-005,10,329,0,3290,1340
ORD-2024-01223,2024-12-01,2024-12-06,Same Day,C-020,MO,North,P-001,8,1299,0.1,9352.8,3272.8
ORD-2025-01224,2025-08-08,2025-08-09,Second Class,C-033,TX,South,P-012,6,249,0,1494,654
ORD-2025-01225,2025-06-01,2025-06-03,Second Class,C-025,TN,South,P-011,7,559,0.1,3521.7,1211.7
ORD-2024-01226,2024-06-23,2024-06-29,Same Day,C-017,TN,South,P-013,7,179,0.05,1190.35,525.35
ORD-2024-01227,2024-05-18,2024-05-20,Same Day,C-032,AB,North,P-015,2,289,0.15,491.3,161.3
ORD-2024-01228,2024-03-02,2024-03-09,Second Class,C-003,IL,North,P-015,7,289,0.05,1921.85,766.85
ORD-2024-01229,2024-10-20,2024-10-23,Standard Class,C-012,FL,South,P-015,9,289,0,2601,1116
ORD-2025-01230,2025-12-24,2025-12-30,First Class,C-034,CA,West,P-008,6,89.99,0,539.94,311.94
ORD-2025-01231,2025-07-19,2025-07-21,Second Class,C-008,MI,North,P-017,6,12.49,0.05,71.19,40.59
ORD-2025-01232,2025-05-04,2025-05-09,Standard Class,C-013,ON,North,P-002,8,999,0.1,7192.8,2312.8
ORD-2025-01233,2025-09-07,2025-09-09,Second Class,C-007,GA,South,P-014,10,59,0,590,310
ORD-2024-01234,2024-04-22,2024-04-24,First Class,C-039,OK,Central,P-020,3,34.99,0,104.97,62.97
ORD-2025-01235,2025-10-11,2025-10-15,First Class,C-028,WI,North,P-019,1,68,0.05,64.6,30.6
ORD-2024-01236,2024-03-28,2024-04-01,First Class,C-037,OH,North,P-003,7,849,0.1,5348.7,1568.7
ORD-2025-01237,2025-03-02,2025-03-06,First Class,C-026,IN,North,P-001,10,1299,0,12990,5390
ORD-2025-01238,2025-07-25,2025-07-27,First Class,C-037,OH,North,P-006,5,49.99,0.15,212.46,107.46
ORD-2024-01239,2024-05-05,2024-05-09,Second Class,C-019,NV,West,P-016,8,6.99,0.1,50.33,24.73
ORD-2024-01240,2024-07-16,2024-07-22,Standard Class,C-001,NY,East,P-005,2,329,0.2,526.4,136.4
ORD-2025-01241,2025-04-06,2025-04-11,Second Class,C-032,AB,North,P-010,4,429,0.05,1630.2,670.2
ORD-2025-01242,2025-11-14,2025-11-21,Standard Class,C-017,TN,South,P-003,10,849,0,8490,3090
ORD-2025-01243,2025-04-28,2025-05-03,First Class,C-037,OH,North,P-020,10,34.99,0,349.9,209.9
ORD-2025-01244,2025-11-15,2025-11-21,Same Day,C-025,TN,South,P-020,4,34.99,0,139.96,83.96
ORD-2025-01245,2025-08-31,2025-09-03,Standard Class,C-003,IL,North,P-020,3,34.99,0.15,89.22,47.22
ORD-2024-01246,2024-04-13,2024-04-14,First Class,C-011,TX,South,P-018,8,8.99,0.15,61.13,32.33
ORD-2024-01247,2024-05-20,2024-05-22,First Class,C-027,OH,North,P-012,10,249,0.05,2365.5,965.5
ORD-2024-01248,2024-10-30,2024-11-05,Standard Class,C-035,MO,North,P-008,6,89.99,0,539.94,311.94
ORD-2024-01249,2024-03-09,2024-03-15,First Class,C-019,NV,West,P-003,10,849,0.05,8065.5,2665.5
ORD-2025-01250,2025-08-06,2025-08-08,Same Day,C-011,TX,South,P-017,11,12.49,0.2,109.91,53.81
ORD-2024-01251,2024-05-29,2024-06-01,Same Day,C-012,FL,South,P-014,12,59,0.05,672.6,336.6
ORD-2025-01252,2025-05-10,2025-05-14,First Class,C-009,MA,East,P-003,9,849,0.05,7258.95,2398.95
ORD-2025-01253,2025-03-24,2025-03-26,Standard Class,C-039,OK,Central,P-005,10,329,0,3290,1340
ORD-2024-01254,2024-10-27,2024-11-01,Standard Class,C-005,AZ,West,P-020,12,34.99,0,419.88,251.88
ORD-2024-01255,2024-11-15,2024-11-22,Standard Class,C-028,WI,North,P-001,4,1299,0.05,4936.2,1896.2
ORD-2024-01256,2024-03-27,2024-04-03,Standard Class,C-009,MA,East,P-017,4,12.49,0.1,44.96,24.56
ORD-2024-01257,2024-04-07,2024-04-14,Standard Class,C-039,OK,Central,P-002,6,999,0,5994,2334
ORD-2025-01258,2025-03-12,2025-03-14,First Class,C-032,AB,North,P-002,11,999,0.15,9340.65,2630.65
ORD-2025-01259,2025-07-02,2025-07-03,Standard Class,C-036,PA,East,P-013,1,179,0.1,161.1,66.1
ORD-2024-01260,2024-03-21,2024-03-26,Same Day,C-031,BC,North,P-009,10,199,0.1,1791,831
ORD-2025-01261,2025-04-22,2025-04-26,Same Day,C-029,TX,South,P-011,6,559,0,3354,1374
ORD-2025-01262,2025-12-20,2025-12-21,Same Day,C-010,CO,West,P-007,11,119,0.1,1178.1,474.1
ORD-2025-01263,2025-01-05,2025-01-08,Second Class,C-003,IL,North,P-008,10,89.99,0,899.9,519.9
ORD-2024-01264,2024-11-10,2024-11-15,Same Day,C-032,AB,North,P-002,3,999,0.1,2697.3,867.3
ORD-2024-01265,2024-06-20,2024-06-23,First Class,C-025,TN,South,P-017,8,12.49,0,99.92,59.12
ORD-2025-01266,2025-04-10,2025-04-14,Second Class,C-040,KY,South,P-001,10,1299,0.1,11691,4091
ORD-2025-01267,2025-07-29,2025-08-03,Standard Class,C-005,AZ,West,P-010,1,429,0.1,386.1,146.1
ORD-2025-01268,2025-05-06,2025-05-12,Same Day,C-028,WI,North,P-013,2,179,0.05,340.1,150.1
ORD-2024-01269,2024-04-15,2024-04-19,First Class,C-030,MD,East,P-020,6,34.99,0.05,199.44,115.44
ORD-2025-01270,2025-01-18,2025-01-21,First Class,C-040,KY,South,P-001,7,1299,0.1,8183.7,2863.7
ORD-2025-01271,2025-07-11,2025-07-15,Same Day,C-022,UT,West,P-001,1,1299,0,1299,539
ORD-2025-01272,2025-01-10,2025-01-15,Same Day,C-007,GA,South,P-012,12,249,0.05,2838.6,1158.6
ORD-2024-01273,2024-01-03,2024-01-05,First Class,C-026,IN,North,P-013,8,179,0.2,1145.6,385.6
ORD-2024-01274,2024-06-24,2024-06-26,Same Day,C-017,TN,South,P-002,12,999,0.1,10789.2,3469.2
ORD-2024-01275,2024-07-15,2024-07-22,First Class,C-017,TN,South,P-010,1,429,0.05,407.55,167.55
ORD-2024-01276,2024-04-07,2024-04-10,First Class,C-026,IN,North,P-011,9,559,0.05,4779.45,1809.45
ORD-2025-01277,2025-07-27,2025-08-01,Same Day,C-011,TX,South,P-012,12,249,0.1,2689.2,1009.2
ORD-2024-01278,2024-10-08,2024-10-15,First Class,C-036,PA,East,P-011,7,559,0.05,3717.35,1407.35
ORD-2024-01279,2024-05-17,2024-05-22,First Class,C-027,OH,North,P-005,6,329,0,1974,804
ORD-2025-01280,2025-08-21,2025-08-22,First Class,C-006,WA,West,P-019,6,68,0.05,387.6,183.6
ORD-2025-01281,2025-05-19,2025-05-21,Second Class,C-022,UT,West,P-016,1,6.99,0,6.99,3.79
ORD-2024-01282,2024-04-21,2024-04-24,Same Day,C-010,CO,West,P-004,6,499,0.05,2844.3,984.3
ORD-2025-01283,2025-12-26,2025-12-28,Second Class,C-019,NV,West,P-019,10,68,0,680,340
ORD-2025-01284,2025-05-04,2025-05-05,Same Day,C-003,IL,North,P-010,10,429,0,4290,1890
ORD-2025-01285,2025-10-01,2025-10-08,Same Day,C-028,WI,North,P-009,2,199,0,398,206
ORD-2025-01286,2025-05-25,2025-05-29,Same Day,C-007,GA,South,P-016,12,6.99,0.1,75.49,37.09
ORD-2025-01287,2025-08-29,2025-08-30,Standard Class,C-023,FL,South,P-005,10,329,0.1,2961,1011
ORD-2024-01288,2024-01-09,2024-01-14,Same Day,C-005,AZ,West,P-002,4,999,0.1,3596.4,1156.4
ORD-2024-01289,2024-12-01,2024-12-03,Same Day,C-015,OR,West,P-007,4,119,0.05,452.2,196.2
ORD-2025-01290,2025-07-12,2025-07-19,Second Class,C-004,TX,South,P-010,11,429,0,4719,2079
ORD-2024-01291,2024-09-18,2024-09-22,Same Day,C-005,AZ,West,P-001,4,1299,0,5196,2156
ORD-2025-01292,2025-01-17,2025-01-22,Second Class,C-026,IN,North,P-010,6,429,0.2,2059.2,619.2
ORD-2025-01293,2025-06-24,2025-06-28,Same Day,C-037,OH,North,P-004,9,499,0,4491,1701
ORD-2024-01294,2024-02-22,2024-02-24,Standard Class,C-040,KY,South,P-019,11,68,0.1,673.2,299.2
ORD-2024-01295,2024-11-07,2024-11-14,Standard Class,C-021,FL,South,P-007,6,119,0,714,330
ORD-2025-01296,2025-10-07,2025-10-13,Second Class,C-036,PA,East,P-003,12,849,0.05,9678.6,3198.6
ORD-2024-01297,2024-09-27,2024-10-02,Second Class,C-004,TX,South,P-018,9,8.99,0,80.91,48.51
ORD-2024-01298,2024-09-27,2024-10-01,Same Day,C-019,NV,West,P-001,5,1299,0.05,6170.25,2370.25
ORD-2025-01299,2025-08-10,2025-08-13,Standard Class,C-017,TN,South,P-012,4,249,0.15,846.6,286.6
ORD-2024-01300,2024-07-21,2024-07-27,Standard Class,C-007,GA,South,P-011,7,559,0,3913,1603
ORD-2025-01301,2025-06-19,2025-06-20,Standard Class,C-016,OH,North,P-008,1,89.99,0.1,80.99,42.99
ORD-2024-01302,2024-05-03,2024-05-09,First Class,C-004,TX,South,P-007,6,119,0,714,330
ORD-2024-01303,2024-01-15,2024-01-19,Standard Class,C-001,NY,East,P-005,11,329,0,3619,1474
ORD-2024-01304,2024-06-19,2024-06-24,Standard Class,C-008,MI,North,P-006,4,49.99,0.2,159.97,75.97
ORD-2025-01305,2025-08-19,2025-08-26,Same Day,C-008,MI,North,P-014,2,59,0.2,94.4,38.4
ORD-2025-01306,2025-04-24,2025-04-28,First Class,C-026,IN,North,P-017,4,12.49,0.05,47.46,27.06
ORD-2025-01307,2025-03-11,2025-03-16,Same Day,C-007,GA,South,P-004,11,499,0.1,4940.1,1530.1
ORD-2024-01308,2024-09-10,2024-09-17,Second Class,C-019,NV,West,P-003,6,849,0.15,4329.9,1089.9
ORD-2025-01309,2025-04-06,2025-04-09,Same Day,C-037,OH,North,P-002,5,999,0.1,4495.5,1445.5
ORD-2024-01310,2024-11-29,2024-12-06,Same Day,C-028,WI,North,P-014,7,59,0,413,217
ORD-2025-01311,2025-04-20,2025-04-24,Same Day,C-001,NY,East,P-013,7,179,0.05,1190.35,525.35
ORD-2025-01312,2025-12-26,2025-12-29,Second Class,C-004,TX,South,P-017,2,12.49,0,24.98,14.78
ORD-2024-01313,2024-06-13,2024-06-17,First Class,C-022,UT,West,P-012,9,249,0.2,1792.8,532.8
ORD-2025-01314,2025-02-25,2025-03-02,Standard Class,C-035,MO,North,P-009,6,199,0,1194,618
ORD-2024-01315,2024-04-16,2024-04-18,First Class,C-013,ON,North,P-010,6,429,0.05,2445.3,1005.3
ORD-2025-01316,2025-02-13,2025-02-20,Standard Class,C-030,MD,East,P-013,5,179,0,895,420
ORD-2025-01317,2025-03-25,2025-03-26,Same Day,C-002,CA,West,P-001,1,1299,0.05,1234.05,474.05
ORD-2025-01318,2025-12-23,2025-12-30,Same Day,C-040,KY,South,P-020,8,34.99,0.15,237.93,125.93
ORD-2025-01319,2025-02-22,2025-02-23,Same Day,C-002,CA,West,P-002,10,999,0.1,8991,2891
ORD-2025-01320,2025-09-30,2025-10-02,Standard Class,C-033,TX,South,P-015,10,289,0,2890,1240
ORD-2024-01321,2024-01-13,2024-01-17,Standard Class,C-026,IN,North,P-019,12,68,0.05,775.2,367.2
ORD-2025-01322,2025-10-08,2025-10-12,Same Day,C-022,UT,West,P-018,2,8.99,0,17.98,10.78
ORD-2024-01323,2024-07-09,2024-07-15,Standard Class,C-003,IL,North,P-009,6,199,0,1194,618
ORD-2024-01324,2024-05-30,2024-06-06,Standard Class,C-004,TX,South,P-015,8,289,0.1,2080.8,760.8
ORD-2024-01325,2024-01-02,2024-01-03,Standard Class,C-039,OK,Central,P-010,4,429,0,1716,756
ORD-2024-01326,2024-01-26,2024-01-30,Second Class,C-037,OH,North,P-012,4,249,0,996,436
ORD-2024-01327,2024-07-30,2024-08-02,Standard Class,C-027,OH,North,P-008,7,89.99,0.1,566.94,300.94
ORD-2025-01328,2025-10-17,2025-10-19,Same Day,C-010,CO,West,P-019,5,68,0,340,170
ORD-2024-01329,2024-04-11,2024-04-14,Second Class,C-031,BC,North,P-001,2,1299,0.05,2468.1,948.1
ORD-2024-01330,2024-11-03,2024-11-04,Second Class,C-038,LA,South,P-016,9,6.99,0,62.91,34.11
ORD-2025-01331,2025-02-02,2025-02-05,Same Day,C-024,NC,South,P-008,11,89.99,0.05,940.4,522.4
ORD-2024-01332,2024-03-11,2024-03-16,First Class,C-036,PA,East,P-019,6,68,0,408,204
ORD-2025-01333,2025-09-09,2025-09-11,Second Class,C-038,LA,South,P-006,11,49.99,0.1,494.9,263.9
ORD-2024-01334,2024-07-16,2024-07-21,Second Class,C-003,IL,North,P-004,4,499,0,1996,756
ORD-2025-01335,2025-10-17,2025-10-23,Same Day,C-015,OR,West,P-006,7,49.99,0.15,297.44,150.44
ORD-2024-01336,2024-11-11,2024-11-13,Standard Class,C-037,OH,North,P-018,10,8.99,0.2,71.92,35.92
ORD-2025-01337,2025-06-26,2025-06-27,Standard Class,C-035,MO,North,P-018,11,8.99,0.05,93.95,54.35
ORD-2024-01338,2024-11-26,2024-11-28,Second Class,C-012,FL,South,P-013,12,179,0.1,1933.2,793.2
ORD-2025-01339,2025-03-25,2025-04-01,Same Day,C-030,MD,East,P-002,3,999,0,2997,1167
ORD-2024-01340,2024-04-13,2024-04-18,First Class,C-022,UT,West,P-002,5,999,0.15,4245.75,1195.75
ORD-2024-01341,2024-11-20,2024-11-25,Same Day,C-040,KY,South,P-020,4,34.99,0.1,125.96,69.96
ORD-2024-01342,2024-10-15,2024-10-16,First Class,C-007,GA,South,P-006,5,49.99,0.1,224.96,119.96
ORD-2024-01343,2024-11-17,2024-11-18,Standard Class,C-039,OK,Central,P-017,7,12.49,0.1,78.69,42.99
ORD-2025-01344,2025-06-05,2025-06-08,Standard Class,C-003,IL,North,P-010,4,429,0,1716,756
ORD-2025-01345,2025-11-10,2025-11-16,Same Day,C-026,IN,North,P-002,1,999,0.05,949.05,339.05
ORD-2025-01346,2025-04-22,2025-04-24,Second Class,C-014,CA,West,P-019,11,68,0.05,710.6,336.6
ORD-2024-01347,2024-04-24,2024-04-29,Same Day,C-013,ON,North,P-008,1,89.99,0.15,76.49,38.49
ORD-2025-01348,2025-10-19,2025-10-22,First Class,C-013,ON,North,P-002,4,999,0.05,3796.2,1356.2
ORD-2024-01349,2024-05-28,2024-06-04,Standard Class,C-002,CA,West,P-012,4,249,0,996,436
ORD-2025-01350,2025-09-04,2025-09-10,Second Class,C-014,CA,West,P-011,3,559,0.2,1341.6,351.6
ORD-2024-01351,2024-04-01,2024-04-02,Second Class,C-038,LA,South,P-016,7,6.99,0,48.93,26.53
ORD-2025-01352,2025-02-19,2025-02-22,Standard Class,C-040,KY,South,P-016,7,6.99,0.05,46.48,24.08
ORD-2025-01353,2025-04-07,2025-04-13,Standard Class,C-022,UT,West,P-001,6,1299,0,7794,3234
ORD-2025-01354,2025-09-12,2025-09-14,Same Day,C-015,OR,West,P-007,10,119,0,1190,550
ORD-2025-01355,2025-04-28,2025-05-05,Standard Class,C-019,NV,West,P-016,10,6.99,0,69.9,37.9
ORD-2025-01356,2025-07-17,2025-07-19,Standard Class,C-033,TX,South,P-017,11,12.49,0.2,109.91,53.81
ORD-2025-01357,2025-07-05,2025-07-09,Standard Class,C-001,NY,East,P-013,1,179,0.2,143.2,48.2
ORD-2025-01358,2025-07-10,2025-07-13,Standard Class,C-017,TN,South,P-019,3,68,0,204,102
ORD-2025-01359,2025-09-05,2025-09-11,Standard Class,C-012,FL,South,P-008,5,89.99,0.2,359.96,169.96
ORD-2025-01360,2025-07-20,2025-07-25,Second Class,C-039,OK,Central,P-009,7,199,0,1393,721
ORD-2025-01361,2025-01-10,2025-01-17,Second Class,C-004,TX,South,P-012,11,249,0,2739,1199
ORD-2025-01362,2025-04-13,2025-04-14,Standard Class,C-033,TX,South,P-012,4,249,0,996,436
ORD-2025-01363,2025-01-17,2025-01-24,Standard Class,C-026,IN,North,P-002,11,999,0.05,10439.55,3729.55
ORD-2024-01364,2024-04-03,2024-04-06,Same Day,C-023,FL,South,P-004,1,499,0,499,189
ORD-2025-01365,2025-08-13,2025-08-14,Standard Class,C-006,WA,West,P-020,7,34.99,0,244.93,146.93
ORD-2025-01366,2025-09-11,2025-09-17,Standard Class,C-006,WA,West,P-016,9,6.99,0.05,59.76,30.96
ORD-2025-01367,2025-01-31,2025-02-05,Same Day,C-019,NV,West,P-013,4,179,0.05,680.2,300.2
ORD-2024-01368,2024-06-14,2024-06-21,Same Day,C-009,MA,East,P-013,8,179,0.1,1288.8,528.8
ORD-2025-01369,2025-09-25,2025-09-28,Same Day,C-022,UT,West,P-012,7,249,0,1743,763
ORD-2024-01370,2024-06-09,2024-06-16,First Class,C-009,MA,East,P-001,6,1299,0.2,6235.2,1675.2
ORD-2024-01371,2024-03-26,2024-04-02,Second Class,C-037,OH,North,P-013,9,179,0,1611,756
ORD-2025-01372,2025-08-23,2025-08-24,Standard Class,C-017,TN,South,P-011,12,559,0.2,5366.4,1406.4
ORD-2025-01373,2025-05-04,2025-05-08,Standard Class,C-011,TX,South,P-007,6,119,0.15,606.9,222.9
ORD-2024-01374,2024-04-28,2024-04-30,Same Day,C-019,NV,West,P-005,6,329,0.05,1875.3,705.3
ORD-2025-01375,2025-11-08,2025-11-15,Same Day,C-008,MI,North,P-010,1,429,0.2,343.2,103.2
ORD-2024-01376,2024-01-10,2024-01-17,Second Class,C-025,TN,South,P-005,4,329,0,1316,536
ORD-2025-01377,2025-10-05,2025-10-09,First Class,C-040,KY,South,P-002,5,999,0.05,4745.25,1695.25
ORD-2024-01378,2024-05-26,2024-05-28,Same Day,C-030,MD,East,P-001,9,1299,0,11691,4851
ORD-2025-01379,2025-10-19,2025-10-26,Same Day,C-004,TX,South,P-007,11,119,0.05,1243.55,539.55
ORD-2025-01380,2025-05-27,2025-05-30,Standard Class,C-021,FL,South,P-008,4,89.99,0.1,323.96,171.96
ORD-2024-01381,2024-04-08,2024-04-10,Same Day,C-017,TN,South,P-015,4,289,0.1,1040.4,380.4
ORD-2024-01382,2024-02-04,2024-02-08,Same Day,C-030,MD,East,P-011,7,559,0.05,3717.35,1407.35
ORD-2025-01383,2025-12-25,2025-12-26,Standard Class,C-030,MD,East,P-012,7,249,0,1743,763
ORD-2025-01384,2025-11-10,2025-11-13,Same Day,C-023,FL,South,P-002,10,999,0.05,9490.5,3390.5
ORD-2025-01385,2025-06-29,2025-07-01,Standard Class,C-026,IN,North,P-009,3,199,0.1,537.3,249.3
ORD-2024-01386,2024-12-15,2024-12-16,Same Day,C-021,FL,South,P-001,10,1299,0.05,12340.5,4740.5
ORD-2025-01387,2025-02-03,2025-02-07,First Class,C-011,TX,South,P-008,2,89.99,0.05,170.98,94.98
ORD-2024-01388,2024-10-08,2024-10-12,Second Class,C-003,IL,North,P-007,9,119,0,1071,495
ORD-2025-01389,2025-05-26,2025-05-28,First Class,C-039,OK,Central,P-001,4,1299,0.1,4676.4,1636.4
ORD-2025-01390,2025-06-03,2025-06-09,Second Class,C-004,TX,South,P-005,3,329,0.1,888.3,303.3
ORD-2024-01391,2024-04-24,2024-04-29,Same Day,C-002,CA,West,P-004,2,499,0.05,948.1,328.1
ORD-2024-01392,2024-09-15,2024-09-18,Same Day,C-003,IL,North,P-010,6,429,0.05,2445.3,1005.3
ORD-2025-01393,2025-09-16,2025-09-17,First Class,C-018,NC,South,P-014,11,59,0.1,584.1,276.1
ORD-2024-01394,2024-07-17,2024-07-18,Second Class,C-012,FL,South,P-009,12,199,0.05,2268.6,1116.6
ORD-2024-01395,2024-11-17,2024-11-23,Standard Class,C-023,FL,South,P-012,7,249,0.05,1655.85,675.85
ORD-2024-01396,2024-02-20,2024-02-21,Second Class,C-034,CA,West,P-013,9,179,0.05,1530.45,675.45
ORD-2024-01397,2024-03-26,2024-03-29,Standard Class,C-038,LA,South,P-008,10,89.99,0.1,809.91,429.91
ORD-2025-01398,2025-05-12,2025-05-14,Same Day,C-033,TX,South,P-014,4,59,0.1,212.4,100.4
ORD-2025-01399,2025-10-22,2025-10-29,First Class,C-040,KY,South,P-019,7,68,0.1,428.4,190.4
ORD-2025-01400,2025-05-07,2025-05-12,First Class,C-027,OH,North,P-016,4,6.99,0.15,23.77,10.97
ORD-2025-01401,2025-11-26,2025-12-01,Second Class,C-011,TX,South,P-020,9,34.99,0,314.91,188.91
ORD-2024-01402,2024-12-05,2024-12-12,Second Class,C-002,CA,West,P-006,9,49.99,0.2,359.93,170.93
ORD-2025-01403,2025-02-18,2025-02-24,Second Class,C-019,NV,West,P-005,6,329,0.05,1875.3,705.3
ORD-2024-01404,2024-02-25,2024-03-01,Second Class,C-027,OH,North,P-001,2,1299,0.05,2468.1,948.1
ORD-2025-01405,2025-04-12,2025-04-15,Same Day,C-035,MO,North,P-017,10,12.49,0.1,112.41,61.41
ORD-2025-01406,2025-02-02,2025-02-04,Second Class,C-032,AB,North,P-015,12,289,0,3468,1488
ORD-2024-01407,2024-09-12,2024-09-15,Second Class,C-038,LA,South,P-018,8,8.99,0.1,64.73,35.93
ORD-2024-01408,2024-06-16,2024-06-20,Same Day,C-009,MA,East,P-013,7,179,0.05,1190.35,525.35
ORD-2025-01409,2025-05-06,2025-05-12,Standard Class,C-029,TX,South,P-018,8,8.99,0.05,68.32,39.52
ORD-2024-01410,2024-03-22,2024-03-23,Same Day,C-020,MO,North,P-010,11,429,0.05,4483.05,1843.05
ORD-2024-01411,2024-04-26,2024-04-30,First Class,C-014,CA,West,P-007,6,119,0,714,330
ORD-2024-01412,2024-01-08,2024-01-14,First Class,C-036,PA,East,P-008,3,89.99,0.05,256.47,142.47
ORD-2025-01413,2025-05-22,2025-05-27,First Class,C-032,AB,North,P-012,7,249,0.05,1655.85,675.85
ORD-2025-01414,2025-04-14,2025-04-15,Standard Class,C-039,OK,Central,P-017,8,12.49,0,99.92,59.12
ORD-2025-01415,2025-02-25,2025-03-03,Second Class,C-022,UT,West,P-009,10,199,0.1,1791,831
ORD-2024-01416,2024-06-21,2024-06-27,First Class,C-033,TX,South,P-020,7,34.99,0.05,232.68,134.68
ORD-2025-01417,2025-05-25,2025-05-26,Same Day,C-040,KY,South,P-018,6,8.99,0,53.94,32.34
ORD-2025-01418,2025-01-02,2025-01-04,Standard Class,C-037,OH,North,P-013,10,179,0,1790,840
ORD-2025-01419,2025-02-27,2025-02-28,Second Class,C-030,MD,East,P-005,6,329,0,1974,804
ORD-2025-01420,2025-01-19,2025-01-24,Standard Class,C-020,MO,North,P-011,2,559,0,1118,458
ORD-2024-01421,2024-06-08,2024-06-15,Same Day,C-001,NY,East,P-007,7,119,0.1,749.7,301.7
ORD-2025-01422,2025-10-14,2025-10-20,Standard Class,C-037,OH,North,P-015,4,289,0.05,1098.2,438.2
ORD-2025-01423,2025-07-04,2025-07-05,Same Day,C-017,TN,South,P-018,2,8.99,0.05,17.08,9.88
ORD-2025-01424,2025-03-31,2025-04-04,Same Day,C-038,LA,South,P-014,3,59,0,177,93
ORD-2025-01425,2025-10-06,2025-10-13,Same Day,C-029,TX,South,P-020,9,34.99,0.1,283.42,157.42
ORD-2025-01426,2025-01-27,2025-02-01,Same Day,C-031,BC,North,P-002,12,999,0.05,11388.6,4068.6
ORD-2024-01427,2024-05-19,2024-05-25,Same Day,C-034,CA,West,P-013,9,179,0.05,1530.45,675.45
ORD-2025-01428,2025-12-02,2025-12-06,Standard Class,C-039,OK,Central,P-013,12,179,0.05,2040.6,900.6
ORD-2024-01429,2024-08-24,2024-08-27,Standard Class,C-008,MI,North,P-016,4,6.99,0,27.96,15.16
ORD-2025-01430,2025-12-10,2025-12-12,Second Class,C-032,AB,North,P-009,7,199,0.15,1184.05,512.05
ORD-2025-01431,2025-12-25,2025-12-28,Second Class,C-004,TX,South,P-008,3,89.99,0.1,242.97,128.97
ORD-2025-01432,2025-02-26,2025-03-05,Standard Class,C-039,OK,Central,P-005,11,329,0.05,3438.05,1293.05
ORD-2025-01433,2025-10-09,2025-10-12,Standard Class,C-030,MD,East,P-014,1,59,0.1,53.1,25.1
ORD-2024-01434,2024-07-15,2024-07-17,Standard Class,C-022,UT,West,P-003,11,849,0.2,7471.2,1531.2
ORD-2025-01435,2025-11-08,2025-11-13,Standard Class,C-035,MO,North,P-010,3,429,0,1287,567
ORD-2024-01436,2024-08-27,2024-08-30,Standard Class,C-025,TN,South,P-008,9,89.99,0.15,688.42,346.42
ORD-2025-01437,2025-04-28,2025-04-29,First Class,C-011,TX,South,P-007,5,119,0.1,535.5,215.5
ORD-2024-01438,2024-04-03,2024-04-06,Same Day,C-007,GA,South,P-001,6,1299,0.2,6235.2,1675.2
ORD-2024-01439,2024-01-24,2024-01-27,Same Day,C-036,PA,East,P-013,6,179,0.05,1020.3,450.3
ORD-2025-01440,2025-09-15,2025-09-21,Same Day,C-016,OH,North,P-015,7,289,0.1,1820.7,665.7
ORD-2024-01441,2024-09-08,2024-09-09,Second Class,C-027,OH,North,P-003,3,849,0.2,2037.6,417.6
ORD-2024-01442,2024-10-26,2024-10-31,Second Class,C-024,NC,South,P-014,3,59,0.1,159.3,75.3
ORD-2024-01443,2024-03-11,2024-03-12,Second Class,C-007,GA,South,P-017,5,12.49,0.1,56.21,30.71
ORD-2024-01444,2024-05-13,2024-05-18,First Class,C-012,FL,South,P-011,12,559,0.1,6037.2,2077.2
ORD-2025-01445,2025-02-20,2025-02-21,Second Class,C-029,TX,South,P-020,7,34.99,0.1,220.44,122.44
ORD-2025-01446,2025-03-12,2025-03-19,Standard Class,C-027,OH,North,P-016,9,6.99,0.05,59.76,30.96
ORD-2024-01447,2024-01-10,2024-01-11,Standard Class,C-039,OK,Central,P-020,11,34.99,0.15,327.16,173.16
ORD-2024-01448,2024-05-05,2024-05-09,Standard Class,C-015,OR,West,P-017,12,12.49,0,149.88,88.68
ORD-2025-01449,2025-12-28,2026-01-02,Standard Class,C-034,CA,West,P-010,3,429,0,1287,567
ORD-2024-01450,2024-05-07,2024-05-13,Same Day,C-038,LA,South,P-020,3,34.99,0.2,83.98,41.98
ORD-2024-01451,2024-08-30,2024-09-04,Standard Class,C-017,TN,South,P-018,6,8.99,0,53.94,32.34
ORD-2025-01452,2025-02-28,2025-03-01,Standard Class,C-011,TX,South,P-011,10,559,0.1,5031,1731
ORD-2024-01453,2024-09-30,2024-10-04,First Class,C-001,NY,East,P-016,9,6.99,0.05,59.76,30.96
ORD-2025-01454,2025-09-13,2025-09-15,First Class,C-040,KY,South,P-009,5,199,0,995,515
ORD-2024-01455,2024-03-26,2024-03-30,First Class,C-022,UT,West,P-013,12,179,0,2148,1008
ORD-2024-01456,2024-04-09,2024-04-16,Standard Class,C-005,AZ,West,P-004,6,499,0.05,2844.3,984.3
ORD-2025-01457,2025-01-31,2025-02-07,Same Day,C-018,NC,South,P-019,4,68,0.1,244.8,108.8
ORD-2025-01458,2025-04-17,2025-04-18,First Class,C-027,OH,North,P-019,5,68,0.1,306,136
ORD-2025-01459,2025-01-31,2025-02-04,Same Day,C-028,WI,North,P-020,7,34.99,0.05,232.68,134.68
ORD-2024-01460,2024-09-16,2024-09-19,Standard Class,C-003,IL,North,P-010,6,429,0.05,2445.3,1005.3
ORD-2024-01461,2024-03-09,2024-03-12,First Class,C-018,NC,South,P-016,10,6.99,0.1,62.91,30.91
ORD-2024-01462,2024-03-22,2024-03-27,Standard Class,C-034,CA,West,P-011,4,559,0.05,2124.2,804.2
ORD-2025-01463,2025-06-06,2025-06-09,Same Day,C-017,TN,South,P-001,9,1299,0.1,10521.9,3681.9
ORD-2024-01464,2024-07-09,2024-07-13,First Class,C-006,WA,West,P-006,7,49.99,0,349.93,202.93
ORD-2024-01465,2024-07-15,2024-07-19,First Class,C-001,NY,East,P-001,6,1299,0,7794,3234
ORD-2025-01466,2025-08-21,2025-08-26,Same Day,C-031,BC,North,P-012,11,249,0.2,2191.2,651.2
ORD-2024-01467,2024-01-10,2024-01-17,Second Class,C-034,CA,West,P-017,7,12.49,0,87.43,51.73
ORD-2024-01468,2024-12-21,2024-12-25,Second Class,C-018,NC,South,P-015,3,289,0.1,780.3,285.3
ORD-2024-01469,2024-01-25,2024-01-27,Second Class,C-019,NV,West,P-002,5,999,0,4995,1945
ORD-2025-01470,2025-07-24,2025-07-28,Same Day,C-027,OH,North,P-004,2,499,0.05,948.1,328.1
ORD-2025-01471,2025-06-06,2025-06-11,First Class,C-007,GA,South,P-015,9,289,0.05,2470.95,985.95
ORD-2025-01472,2025-02-08,2025-02-10,Same Day,C-022,UT,West,P-001,7,1299,0.15,7729.05,2409.05
ORD-2024-01473,2024-01-25,2024-01-31,Same Day,C-001,NY,East,P-015,11,289,0,3179,1364
ORD-2025-01474,2025-10-03,2025-10-10,Second Class,C-010,CO,West,P-019,11,68,0.15,635.8,261.8
ORD-2025-01475,2025-05-11,2025-05-16,Second Class,C-023,FL,South,P-020,5,34.99,0,174.95,104.95
ORD-2025-01476,2025-09-17,2025-09-19,First Class,C-014,CA,West,P-016,12,6.99,0,83.88,45.48
ORD-2025-01477,2025-12-20,2025-12-22,Same Day,C-032,AB,North,P-003,3,849,0.15,2164.95,544.95
ORD-2024-01478,2024-09-24,2024-09-25,Second Class,C-004,TX,South,P-015,6,289,0,1734,744
ORD-2025-01479,2025-07-18,2025-07-20,Same Day,C-016,OH,North,P-017,11,12.49,0,137.39,81.29
ORD-2024-01480,2024-04-10,2024-04-16,Standard Class,C-017,TN,South,P-004,3,499,0.15,1272.45,342.45
ORD-2024-01481,2024-05-15,2024-05-19,Second Class,C-012,FL,South,P-015,7,289,0.1,1820.7,665.7
ORD-2024-01482,2024-11-14,2024-11-18,Second Class,C-002,CA,West,P-004,4,499,0.05,1896.2,656.2
ORD-2024-01483,2024-07-05,2024-07-07,Second Class,C-003,IL,North,P-013,9,179,0.15,1369.35,514.35
ORD-2025-01484,2025-09-16,2025-09-19,Same Day,C-005,AZ,West,P-005,7,329,0,2303,938
ORD-2025-01485,2025-01-03,2025-01-06,First Class,C-013,ON,North,P-014,6,59,0.2,283.2,115.2
ORD-2025-01486,2025-12-26,2025-12-29,First Class,C-038,LA,South,P-020,9,34.99,0.1,283.42,157.42
ORD-2025-01487,2025-11-02,2025-11-05,Same Day,C-032,AB,North,P-009,3,199,0.15,507.45,219.45
ORD-2024-01488,2024-12-02,2024-12-05,Standard Class,C-037,OH,North,P-020,6,34.99,0,209.94,125.94
ORD-2024-01489,2024-03-01,2024-03-07,First Class,C-036,PA,East,P-002,12,999,0.1,10789.2,3469.2
ORD-2024-01490,2024-03-04,2024-03-09,Second Class,C-005,AZ,West,P-009,6,199,0.1,1074.6,498.6
ORD-2024-01491,2024-04-04,2024-04-06,Same Day,C-014,CA,West,P-009,7,199,0.05,1323.35,651.35
ORD-2025-01492,2025-05-24,2025-05-31,Second Class,C-003,IL,North,P-014,8,59,0.05,448.4,224.4
ORD-2025-01493,2025-12-11,2025-12-13,Second Class,C-038,LA,South,P-002,6,999,0.2,4795.2,1135.2
ORD-2025-01494,2025-08-19,2025-08-26,Same Day,C-032,AB,North,P-005,12,329,0,3948,1608
ORD-2024-01495,2024-01-11,2024-01-16,Second Class,C-002,CA,West,P-009,2,199,0.1,358.2,166.2
ORD-2025-01496,2025-01-29,2025-01-30,Same Day,C-031,BC,North,P-013,10,179,0.05,1700.5,750.5
ORD-2024-01497,2024-11-28,2024-11-30,Standard Class,C-018,NC,South,P-009,9,199,0.2,1432.8,568.8
ORD-2025-01498,2025-01-14,2025-01-21,First Class,C-017,TN,South,P-018,7,8.99,0.1,56.64,31.44
ORD-2024-01499,2024-12-17,2024-12-20,Same Day,C-011,TX,South,P-007,2,119,0.05,226.1,98.1
ORD-2024-01500,2024-09-22,2024-09-28,Second Class,C-005,AZ,West,P-006,11,49.99,0,549.89,318.89
ORD-2024-01501,2024-12-28,2025-01-04,Second Class,C-030,MD,East,P-003,7,849,0,5943,2163
ORD-2024-01502,2024-01-12,2024-01-16,Standard Class,C-013,ON,North,P-005,6,329,0.15,1677.9,507.9
ORD-2024-01503,2024-01-03,2024-01-08,Same Day,C-002,CA,West,P-002,5,999,0.2,3996,946
ORD-2024-01504,2024-01-24,2024-01-27,First Class,C-033,TX,South,P-007,8,119,0.1,856.8,344.8
ORD-2025-01505,2025-03-21,2025-03-27,Standard Class,C-009,MA,East,P-005,2,329,0,658,268
ORD-2025-01506,2025-07-16,2025-07-19,First Class,C-035,MO,North,P-006,3,49.99,0.15,127.47,64.47
ORD-2025-01507,2025-08-03,2025-08-10,Same Day,C-037,OH,North,P-016,12,6.99,0.05,79.69,41.29
ORD-2024-01508,2024-11-10,2024-11-14,Standard Class,C-024,NC,South,P-014,7,59,0,413,217
ORD-2024-01509,2024-03-27,2024-04-03,Second Class,C-028,WI,North,P-019,2,68,0.15,115.6,47.6
ORD-2024-01510,2024-10-13,2024-10-20,Standard Class,C-018,NC,South,P-019,5,68,0,340,170
ORD-2025-01511,2025-10-13,2025-10-19,Standard Class,C-011,TX,South,P-014,11,59,0,649,341
ORD-2025-01512,2025-05-13,2025-05-20,First Class,C-004,TX,South,P-013,2,179,0,358,168
ORD-2024-01513,2024-02-04,2024-02-07,Same Day,C-030,MD,East,P-002,4,999,0,3996,1556
ORD-2024-01514,2024-05-26,2024-06-02,First Class,C-033,TX,South,P-012,2,249,0.1,448.2,168.2
ORD-2025-01515,2025-05-07,2025-05-12,Standard Class,C-023,FL,South,P-008,2,89.99,0.1,161.98,85.98
ORD-2024-01516,2024-07-03,2024-07-06,Standard Class,C-038,LA,South,P-009,11,199,0,2189,1133
ORD-2025-01517,2025-02-24,2025-03-01,First Class,C-029,TX,South,P-003,7,849,0.05,5645.85,1865.85
ORD-2024-01518,2024-12-24,2024-12-29,Second Class,C-024,NC,South,P-007,11,119,0.1,1178.1,474.1
ORD-2025-01519,2025-06-28,2025-07-03,Standard Class,C-034,CA,West,P-001,8,1299,0.1,9352.8,3272.8
ORD-2024-01520,2024-10-05,2024-10-12,Second Class,C-030,MD,East,P-012,9,249,0.2,1792.8,532.8
ORD-2025-01521,2025-02-20,2025-02-24,Second Class,C-025,TN,South,P-001,11,1299,0,14289,5929
ORD-2025-01522,2025-11-08,2025-11-12,Same Day,C-016,OH,North,P-005,8,329,0.05,2500.4,940.4
ORD-2024-01523,2024-04-04,2024-04-05,First Class,C-003,IL,North,P-020,1,34.99,0.15,29.74,15.74
ORD-2024-01524,2024-08-15,2024-08-16,Standard Class,C-024,NC,South,P-012,6,249,0.1,1344.6,504.6
ORD-2025-01525,2025-04-30,2025-05-02,First Class,C-005,AZ,West,P-014,2,59,0.1,106.2,50.2
ORD-2025-01526,2025-07-25,2025-07-31,First Class,C-033,TX,South,P-006,3,49.99,0.05,142.47,79.47
ORD-2025-01527,2025-11-14,2025-11-19,First Class,C-016,OH,North,P-017,8,12.49,0,99.92,59.12
ORD-2025-01528,2025-12-27,2026-01-01,Same Day,C-022,UT,West,P-013,3,179,0.05,510.15,225.15
ORD-2024-01529,2024-01-24,2024-01-31,Second Class,C-023,FL,South,P-007,6,119,0.05,678.3,294.3
ORD-2024-01530,2024-08-30,2024-09-04,First Class,C-032,AB,North,P-004,9,499,0.05,4266.45,1476.45
ORD-2024-01531,2024-05-23,2024-05-28,Second Class,C-036,PA,East,P-017,12,12.49,0,149.88,88.68
ORD-2025-01532,2025-11-21,2025-11-23,Standard Class,C-017,TN,South,P-010,10,429,0,4290,1890
ORD-2025-01533,2025-11-17,2025-11-24,Second Class,C-004,TX,South,P-019,10,68,0,680,340
ORD-2024-01534,2024-02-06,2024-02-07,Second Class,C-008,MI,North,P-020,5,34.99,0.15,148.71,78.71
ORD-2025-01535,2025-11-18,2025-11-25,Standard Class,C-018,NC,South,P-009,6,199,0.1,1074.6,498.6
ORD-2025-01536,2025-10-16,2025-10-20,Standard Class,C-037,OH,North,P-013,6,179,0.15,912.9,342.9
ORD-2024-01537,2024-05-02,2024-05-07,First Class,C-027,OH,North,P-017,6,12.49,0.15,63.7,33.1
ORD-2025-01538,2025-10-12,2025-10-16,Standard Class,C-030,MD,East,P-011,11,559,0.2,4919.2,1289.2
ORD-2025-01539,2025-10-23,2025-10-24,Second Class,C-036,PA,East,P-010,2,429,0,858,378
ORD-2025-01540,2025-10-29,2025-10-31,Second Class,C-040,KY,South,P-008,12,89.99,0.2,863.9,407.9
ORD-2025-01541,2025-12-06,2025-12-13,Standard Class,C-028,WI,North,P-013,6,179,0.1,966.6,396.6
ORD-2024-01542,2024-04-17,2024-04-23,Same Day,C-014,CA,West,P-019,1,68,0.1,61.2,27.2
ORD-2024-01543,2024-11-28,2024-11-30,Standard Class,C-023,FL,South,P-014,4,59,0.1,212.4,100.4
ORD-2025-01544,2025-09-11,2025-09-14,Standard Class,C-011,TX,South,P-016,9,6.99,0.15,53.47,24.67
ORD-2025-01545,2025-08-25,2025-08-26,Second Class,C-002,CA,West,P-007,3,119,0.15,303.45,111.45
ORD-2024-01546,2024-10-26,2024-10-31,Second Class,C-018,NC,South,P-007,4,119,0,476,220
ORD-2024-01547,2024-09-24,2024-09-29,Second Class,C-031,BC,North,P-001,9,1299,0.1,10521.9,3681.9
ORD-2024-01548,2024-11-04,2024-11-07,Same Day,C-011,TX,South,P-010,2,429,0.05,815.1,335.1
ORD-2025-01549,2025-01-14,2025-01-21,Same Day,C-038,LA,South,P-015,3,289,0.05,823.65,328.65
ORD-2025-01550,2025-04-11,2025-04-18,Standard Class,C-036,PA,East,P-004,9,499,0,4491,1701
ORD-2024-01551,2024-03-13,2024-03-14,Same Day,C-032,AB,North,P-006,1,49.99,0.05,47.49,26.49
ORD-2025-01552,2025-03-26,2025-03-30,Standard Class,C-008,MI,North,P-002,6,999,0,5994,2334
ORD-2025-01553,2025-03-26,2025-04-01,Same Day,C-004,TX,South,P-006,3,49.99,0.05,142.47,79.47
ORD-2024-01554,2024-04-24,2024-04-26,Standard Class,C-010,CO,West,P-005,5,329,0.2,1316,341
ORD-2025-01555,2025-11-03,2025-11-08,First Class,C-032,AB,North,P-011,1,559,0,559,229
ORD-2025-01556,2025-04-06,2025-04-08,Same Day,C-026,IN,North,P-014,7,59,0.1,371.7,175.7
ORD-2024-01557,2024-03-11,2024-03-14,First Class,C-032,AB,North,P-008,11,89.99,0.1,890.9,472.9
ORD-2025-01558,2025-06-03,2025-06-08,Second Class,C-030,MD,East,P-005,2,329,0.05,625.1,235.1
ORD-2024-01559,2024-12-19,2024-12-20,Second Class,C-034,CA,West,P-002,8,999,0.2,6393.6,1513.6
ORD-2024-01560,2024-03-16,2024-03-18,First Class,C-022,UT,West,P-014,12,59,0,708,372
ORD-2025-01561,2025-08-05,2025-08-08,Second Class,C-028,WI,North,P-001,12,1299,0.1,14029.2,4909.2
ORD-2025-01562,2025-01-31,2025-02-04,Same Day,C-027,OH,North,P-002,8,999,0.1,7192.8,2312.8
ORD-2025-01563,2025-03-29,2025-04-02,Second Class,C-004,TX,South,P-018,2,8.99,0.1,16.18,8.98
ORD-2024-01564,2024-06-27,2024-07-01,Same Day,C-014,CA,West,P-012,7,249,0.05,1655.85,675.85
ORD-2024-01565,2024-10-23,2024-10-30,Same Day,C-015,OR,West,P-005,2,329,0.1,592.2,202.2
ORD-2025-01566,2025-10-10,2025-10-16,Standard Class,C-040,KY,South,P-020,9,34.99,0.1,283.42,157.42
ORD-2024-01567,2024-02-11,2024-02-12,Second Class,C-006,WA,West,P-001,10,1299,0.05,12340.5,4740.5
ORD-2025-01568,2025-05-03,2025-05-08,Same Day,C-015,OR,West,P-004,9,499,0.15,3817.35,1027.35
ORD-2025-01569,2025-01-07,2025-01-11,Second Class,C-006,WA,West,P-010,12,429,0.05,4890.6,2010.6
ORD-2024-01570,2024-06-12,2024-06-19,First Class,C-012,FL,South,P-012,5,249,0.05,1182.75,482.75
ORD-2024-01571,2024-05-11,2024-05-16,Same Day,C-009,MA,East,P-018,7,8.99,0.1,56.64,31.44
ORD-2025-01572,2025-04-28,2025-05-05,First Class,C-016,OH,North,P-004,2,499,0.1,898.2,278.2
ORD-2025-01573,2025-09-27,2025-09-29,First Class,C-021,FL,South,P-016,9,6.99,0.05,59.76,30.96
ORD-2024-01574,2024-10-25,2024-10-31,Standard Class,C-021,FL,South,P-019,1,68,0,68,34
ORD-2024-01575,2024-03-07,2024-03-08,First Class,C-029,TX,South,P-008,12,89.99,0.1,971.89,515.89
ORD-2024-01576,2024-05-24,2024-05-31,First Class,C-019,NV,West,P-014,1,59,0.1,53.1,25.1
ORD-2025-01577,2025-11-24,2025-11-30,Same Day,C-009,MA,East,P-018,9,8.99,0.1,72.82,40.42
ORD-2025-01578,2025-09-08,2025-09-11,Standard Class,C-026,IN,North,P-002,9,999,0.15,7642.35,2152.35
ORD-2024-01579,2024-07-31,2024-08-02,Same Day,C-025,TN,South,P-018,5,8.99,0,44.95,26.95
ORD-2025-01580,2025-02-01,2025-02-04,Standard Class,C-002,CA,West,P-017,5,12.49,0,62.45,36.95
ORD-2025-01581,2025-08-13,2025-08-14,Standard Class,C-039,OK,Central,P-019,6,68,0,408,204
ORD-2024-01582,2024-01-13,2024-01-15,Same Day,C-003,IL,North,P-012,4,249,0.05,946.2,386.2
ORD-2025-01583,2025-05-03,2025-05-05,Same Day,C-020,MO,North,P-019,4,68,0.1,244.8,108.8
ORD-2025-01584,2025-08-19,2025-08-21,First Class,C-025,TN,South,P-011,7,559,0,3913,1603
ORD-2024-01585,2024-05-13,2024-05-14,Second Class,C-016,OH,North,P-008,6,89.99,0.05,512.94,284.94
ORD-2025-01586,2025-06-07,2025-06-14,First Class,C-033,TX,South,P-011,2,559,0,1118,458
ORD-2024-01587,2024-05-23,2024-05-30,Standard Class,C-035,MO,North,P-008,3,89.99,0.15,229.47,115.47
ORD-2025-01588,2025-03-13,2025-03-19,First Class,C-017,TN,South,P-001,2,1299,0.2,2078.4,558.4
ORD-2024-01589,2024-09-03,2024-09-08,Same Day,C-018,NC,South,P-003,2,849,0.15,1443.3,363.3
ORD-2024-01590,2024-10-28,2024-11-03,First Class,C-019,NV,West,P-012,6,249,0,1494,654
ORD-2024-01591,2024-07-11,2024-07-15,First Class,C-003,IL,North,P-012,9,249,0,2241,981
ORD-2025-01592,2025-01-25,2025-01-31,Same Day,C-025,TN,South,P-019,5,68,0.05,323,153
ORD-2025-01593,2025-05-17,2025-05-20,Same Day,C-039,OK,Central,P-020,12,34.99,0.05,398.89,230.89
ORD-2025-01594,2025-11-15,2025-11-22,Standard Class,C-008,MI,North,P-006,10,49.99,0.1,449.91,239.91
ORD-2025-01595,2025-07-01,2025-07-02,Standard Class,C-006,WA,West,P-003,3,849,0,2547,927
ORD-2024-01596,2024-08-26,2024-08-28,Same Day,C-012,FL,South,P-001,8,1299,0,10392,4312
ORD-2025-01597,2025-12-22,2025-12-25,First Class,C-029,TX,South,P-013,8,179,0.15,1217.2,457.2
ORD-2025-01598,2025-01-25,2025-01-30,First Class,C-008,MI,North,P-020,4,34.99,0.15,118.97,62.97
ORD-2024-01599,2024-12-08,2024-12-11,Standard Class,C-025,TN,South,P-018,12,8.99,0.05,102.49,59.29
ORD-2025-01600,2025-08-01,2025-08-03,Same Day,C-026,IN,North,P-003,8,849,0.1,6112.8,1792.8
ORD-2025-01601,2025-03-01,2025-03-04,Second Class,C-020,MO,North,P-007,4,119,0,476,220
ORD-2024-01602,2024-06-02,2024-06-07,Second Class,C-023,FL,South,P-009,7,199,0.1,1253.7,581.7
ORD-2025-01603,2025-03-26,2025-03-27,Second Class,C-026,IN,North,P-007,1,119,0.2,95.2,31.2
ORD-2025-01604,2025-08-03,2025-08-05,Second Class,C-035,MO,North,P-009,2,199,0,398,206
ORD-2025-01605,2025-02-16,2025-02-22,Standard Class,C-038,LA,South,P-009,8,199,0.05,1512.4,744.4
ORD-2024-01606,2024-12-12,2024-12-16,Same Day,C-014,CA,West,P-020,4,34.99,0.05,132.96,76.96
ORD-2025-01607,2025-10-24,2025-10-27,Same Day,C-015,OR,West,P-011,7,559,0.1,3521.7,1211.7
ORD-2024-01608,2024-02-29,2024-03-02,Standard Class,C-009,MA,East,P-010,8,429,0.05,3260.4,1340.4
ORD-2024-01609,2024-02-04,2024-02-11,First Class,C-034,CA,West,P-004,1,499,0,499,189
ORD-2025-01610,2025-05-29,2025-06-04,Standard Class,C-008,MI,North,P-009,6,199,0,1194,618
ORD-2024-01611,2024-05-06,2024-05-08,Standard Class,C-023,FL,South,P-007,5,119,0.05,565.25,245.25
ORD-2024-01612,2024-02-21,2024-02-23,Same Day,C-006,WA,West,P-019,11,68,0,748,374
ORD-2024-01613,2024-01-06,2024-01-13,Standard Class,C-037,OH,North,P-006,12,49.99,0,599.88,347.88
ORD-2025-01614,2025-05-30,2025-06-05,Same Day,C-031,BC,North,P-019,2,68,0,136,68
ORD-2024-01615,2024-12-27,2024-12-31,First Class,C-013,ON,North,P-007,9,119,0.2,856.8,280.8
ORD-2024-01616,2024-06-11,2024-06-17,Same Day,C-013,ON,North,P-001,1,1299,0.05,1234.05,474.05
ORD-2024-01617,2024-05-07,2024-05-09,Same Day,C-013,ON,North,P-008,9,89.99,0.2,647.93,305.93
ORD-2025-01618,2025-08-10,2025-08-17,Standard Class,C-034,CA,West,P-019,8,68,0.2,435.2,163.2
ORD-2024-01619,2024-10-17,2024-10-24,First Class,C-020,MO,North,P-020,11,34.99,0.05,365.65,211.65
ORD-2025-01620,2025-11-16,2025-11-21,Same Day,C-030,MD,East,P-008,11,89.99,0.1,890.9,472.9
ORD-2024-01621,2024-12-01,2024-12-05,Standard Class,C-035,MO,North,P-007,9,119,0,1071,495
ORD-2025-01622,2025-06-07,2025-06-11,Same Day,C-008,MI,North,P-008,8,89.99,0,719.92,415.92
ORD-2025-01623,2025-03-25,2025-03-31,Second Class,C-001,NY,East,P-017,7,12.49,0.1,78.69,42.99
ORD-2024-01624,2024-12-27,2025-01-01,First Class,C-015,OR,West,P-002,11,999,0.1,9890.1,3180.1
ORD-2025-01625,2025-10-20,2025-10-25,First Class,C-035,MO,North,P-008,5,89.99,0.05,427.45,237.45
ORD-2024-01626,2024-04-01,2024-04-04,Second Class,C-006,WA,West,P-010,6,429,0.1,2316.6,876.6
ORD-2025-01627,2025-04-22,2025-04-23,First Class,C-025,TN,South,P-002,11,999,0.15,9340.65,2630.65
ORD-2024-01628,2024-01-28,2024-02-04,Second Class,C-039,OK,Central,P-011,6,559,0.15,2850.9,870.9
ORD-2025-01629,2025-03-21,2025-03-28,Second Class,C-036,PA,East,P-012,8,249,0,1992,872
ORD-2025-01630,2025-02-19,2025-02-25,Standard Class,C-004,TX,South,P-015,2,289,0.1,520.2,190.2
ORD-2025-01631,2025-11-02,2025-11-03,First Class,C-029,TX,South,P-001,2,1299,0.05,2468.1,948.1
ORD-2025-01632,2025-05-28,2025-05-29,Same Day,C-032,AB,North,P-005,10,329,0,3290,1340
ORD-2025-01633,2025-01-31,2025-02-06,Second Class,C-006,WA,West,P-008,4,89.99,0.1,323.96,171.96
ORD-2024-01634,2024-07-29,2024-08-04,Standard Class,C-013,ON,North,P-008,7,89.99,0.1,566.94,300.94
ORD-2025-01635,2025-08-19,2025-08-26,Same Day,C-008,MI,North,P-011,1,559,0,559,229
ORD-2024-01636,2024-09-11,2024-09-18,Second Class,C-012,FL,South,P-016,9,6.99,0,62.91,34.11
ORD-2025-01637,2025-02-14,2025-02-21,First Class,C-011,TX,South,P-001,11,1299,0.1,12860.1,4500.1
ORD-2024-01638,2024-10-07,2024-10-11,First Class,C-011,TX,South,P-004,5,499,0,2495,945
ORD-2025-01639,2025-01-05,2025-01-11,Second Class,C-016,OH,North,P-019,1,68,0.1,61.2,27.2
ORD-2024-01640,2024-04-02,2024-04-07,Standard Class,C-018,NC,South,P-006,10,49.99,0.05,474.9,264.9
ORD-2024-01641,2024-12-29,2025-01-01,Same Day,C-002,CA,West,P-012,2,249,0,498,218
ORD-2024-01642,2024-10-01,2024-10-02,First Class,C-003,IL,North,P-002,1,999,0.1,899.1,289.1
ORD-2025-01643,2025-10-27,2025-10-28,Same Day,C-027,OH,North,P-013,9,179,0.1,1449.9,594.9
ORD-2025-01644,2025-10-23,2025-10-29,Second Class,C-037,OH,North,P-018,1,8.99,0.05,8.54,4.94
ORD-2024-01645,2024-05-05,2024-05-06,Standard Class,C-008,MI,North,P-003,11,849,0,9339,3399
ORD-2025-01646,2025-04-18,2025-04-25,First Class,C-001,NY,East,P-015,4,289,0.2,924.8,264.8
ORD-2025-01647,2025-01-30,2025-02-01,First Class,C-008,MI,North,P-010,12,429,0,5148,2268
ORD-2025-01648,2025-04-16,2025-04-17,Standard Class,C-026,IN,North,P-012,10,249,0.1,2241,841
ORD-2025-01649,2025-10-19,2025-10-24,Same Day,C-005,AZ,West,P-010,1,429,0.05,407.55,167.55
ORD-2025-01650,2025-07-08,2025-07-14,Standard Class,C-040,KY,South,P-020,4,34.99,0,139.96,83.96
ORD-2025-01651,2025-01-23,2025-01-30,First Class,C-010,CO,West,P-018,8,8.99,0.1,64.73,35.93
ORD-2025-01652,2025-06-03,2025-06-10,Second Class,C-033,TX,South,P-008,3,89.99,0.05,256.47,142.47
ORD-2024-01653,2024-11-04,2024-11-10,Same Day,C-026,IN,North,P-016,6,6.99,0.05,39.84,20.64
ORD-2024-01654,2024-10-08,2024-10-12,Standard Class,C-035,MO,North,P-013,1,179,0.1,161.1,66.1
ORD-2025-01655,2025-08-05,2025-08-08,Same Day,C-013,ON,North,P-010,10,429,0.05,4075.5,1675.5
ORD-2024-01656,2024-01-06,2024-01-10,Second Class,C-033,TX,South,P-009,8,199,0.05,1512.4,744.4
ORD-2025-01657,2025-09-07,2025-09-08,Standard Class,C-008,MI,North,P-017,11,12.49,0.15,116.78,60.68
ORD-2024-01658,2024-03-11,2024-03-13,Second Class,C-014,CA,West,P-002,7,999,0.1,6293.7,2023.7
ORD-2024-01659,2024-12-03,2024-12-09,Second Class,C-002,CA,West,P-002,5,999,0.05,4745.25,1695.25
ORD-2024-01660,2024-08-15,2024-08-18,Standard Class,C-021,FL,South,P-009,9,199,0.05,1701.45,837.45
ORD-2024-01661,2024-10-14,2024-10-21,First Class,C-038,LA,South,P-010,2,429,0.1,772.2,292.2
ORD-2024-01662,2024-02-19,2024-02-25,Second Class,C-033,TX,South,P-005,1,329,0.1,296.1,101.1
ORD-2024-01663,2024-02-12,2024-02-14,Standard Class,C-031,BC,North,P-015,8,289,0,2312,992
ORD-2024-01664,2024-12-03,2024-12-09,Same Day,C-027,OH,North,P-020,8,34.99,0.1,251.93,139.93
ORD-2024-01665,2024-06-15,2024-06-17,Second Class,C-009,MA,East,P-009,11,199,0,2189,1133
ORD-2025-01666,2025-05-09,2025-05-14,Standard Class,C-002,CA,West,P-018,1,8.99,0.1,8.09,4.49
ORD-2025-01667,2025-04-24,2025-04-29,Standard Class,C-038,LA,South,P-014,1,59,0,59,31
ORD-2025-01668,2025-05-11,2025-05-18,Same Day,C-030,MD,East,P-002,1,999,0.1,899.1,289.1
ORD-2024-01669,2024-03-24,2024-03-26,Same Day,C-004,TX,South,P-011,11,559,0,6149,2519
ORD-2025-01670,2025-09-24,2025-09-25,Same Day,C-032,AB,North,P-002,1,999,0,999,389
ORD-2025-01671,2025-06-06,2025-06-10,Second Class,C-011,TX,South,P-002,12,999,0.05,11388.6,4068.6
ORD-2025-01672,2025-11-16,2025-11-20,First Class,C-005,AZ,West,P-009,9,199,0.15,1522.35,658.35
ORD-2025-01673,2025-10-18,2025-10-23,Standard Class,C-016,OH,North,P-015,9,289,0.05,2470.95,985.95
ORD-2024-01674,2024-06-12,2024-06-16,Same Day,C-034,CA,West,P-009,2,199,0.1,358.2,166.2
ORD-2024-01675,2024-08-24,2024-08-28,Standard Class,C-033,TX,South,P-011,8,559,0,4472,1832
ORD-2025-01676,2025-06-05,2025-06-10,First Class,C-010,CO,West,P-020,3,34.99,0,104.97,62.97
ORD-2025-01677,2025-04-10,2025-04-16,Same Day,C-032,AB,North,P-019,9,68,0.05,581.4,275.4
ORD-2024-01678,2024-05-31,2024-06-05,Standard Class,C-021,FL,South,P-011,1,559,0,559,229
ORD-2024-01679,2024-05-21,2024-05-27,Standard Class,C-023,FL,South,P-008,12,89.99,0,1079.88,623.88
ORD-2024-01680,2024-08-25,2024-08-27,First Class,C-027,OH,North,P-012,9,249,0.15,1904.85,644.85
ORD-2024-01681,2024-08-25,2024-09-01,First Class,C-016,OH,North,P-007,5,119,0,595,275
ORD-2024-01682,2024-01-12,2024-01-17,Standard Class,C-026,IN,North,P-003,12,849,0.2,8150.4,1670.4
ORD-2025-01683,2025-01-06,2025-01-12,Second Class,C-033,TX,South,P-011,9,559,0,5031,2061
ORD-2025-01684,2025-01-24,2025-01-27,Standard Class,C-017,TN,South,P-015,4,289,0.05,1098.2,438.2
ORD-2024-01685,2024-01-25,2024-01-27,Second Class,C-030,MD,East,P-007,5,119,0.2,476,156
ORD-2025-01686,2025-07-16,2025-07-18,Standard Class,C-027,OH,North,P-016,1,6.99,0.1,6.29,3.09
ORD-2025-01687,2025-06-05,2025-06-12,Second Class,C-034,CA,West,P-007,8,119,0.05,904.4,392.4
ORD-2024-01688,2024-09-01,2024-09-08,Same Day,C-036,PA,East,P-005,11,329,0.15,3076.15,931.15
ORD-2024-01689,2024-04-19,2024-04-22,Second Class,C-004,TX,South,P-018,9,8.99,0,80.91,48.51
ORD-2025-01690,2025-07-31,2025-08-01,First Class,C-003,IL,North,P-015,2,289,0.1,520.2,190.2
ORD-2024-01691,2024-04-20,2024-04-27,Same Day,C-030,MD,East,P-008,11,89.99,0.1,890.9,472.9
ORD-2025-01692,2025-12-20,2025-12-25,Same Day,C-007,GA,South,P-017,8,12.49,0.1,89.93,49.13
ORD-2024-01693,2024-03-03,2024-03-04,Standard Class,C-031,BC,North,P-014,9,59,0,531,279
ORD-2024-01694,2024-05-05,2024-05-12,Standard Class,C-033,TX,South,P-003,12,849,0.05,9678.6,3198.6
ORD-2024-01695,2024-02-11,2024-02-18,Standard Class,C-023,FL,South,P-010,12,429,0.1,4633.2,1753.2
ORD-2025-01696,2025-12-18,2025-12-24,Second Class,C-037,OH,North,P-008,8,89.99,0.2,575.94,271.94
ORD-2025-01697,2025-03-08,2025-03-15,Second Class,C-009,MA,East,P-013,12,179,0.05,2040.6,900.6
ORD-2024-01698,2024-12-22,2024-12-28,Second Class,C-001,NY,East,P-013,8,179,0.05,1360.4,600.4
ORD-2024-01699,2024-03-05,2024-03-09,First Class,C-006,WA,West,P-001,2,1299,0.1,2338.2,818.2
ORD-2025-01700,2025-07-04,2025-07-06,First Class,C-023,FL,South,P-018,6,8.99,0.1,48.55,26.95
ORD-2024-01701,2024-04-27,2024-04-29,Second Class,C-003,IL,North,P-002,12,999,0.2,9590.4,2270.4
ORD-2024-01702,2024-09-16,2024-09-20,Standard Class,C-027,OH,North,P-008,1,89.99,0.05,85.49,47.49
ORD-2025-01703,2025-03-20,2025-03-21,Same Day,C-006,WA,West,P-009,1,199,0.05,189.05,93.05
ORD-2024-01704,2024-03-13,2024-03-14,Same Day,C-001,NY,East,P-006,4,49.99,0.05,189.96,105.96
ORD-2025-01705,2025-02-27,2025-02-28,Second Class,C-025,TN,South,P-003,12,849,0.05,9678.6,3198.6
ORD-2024-01706,2024-12-11,2024-12-15,Same Day,C-021,FL,South,P-003,2,849,0,1698,618
ORD-2024-01707,2024-03-12,2024-03-18,First Class,C-008,MI,North,P-012,9,249,0.1,2016.9,756.9
ORD-2025-01708,2025-12-24,2025-12-28,Second Class,C-036,PA,East,P-007,10,119,0.2,952,312
ORD-2025-01709,2025-09-23,2025-09-24,Same Day,C-039,OK,Central,P-014,3,59,0,177,93
ORD-2024-01710,2024-12-12,2024-12-19,Standard Class,C-032,AB,North,P-015,3,289,0,867,372
ORD-2025-01711,2025-11-14,2025-11-20,Second Class,C-029,TX,South,P-018,7,8.99,0,62.93,37.73
ORD-2025-01712,2025-09-22,2025-09-26,Standard Class,C-005,AZ,West,P-013,7,179,0.05,1190.35,525.35
ORD-2025-01713,2025-02-08,2025-02-11,Standard Class,C-021,FL,South,P-003,6,849,0.15,4329.9,1089.9
ORD-2024-01714,2024-09-28,2024-10-05,Same Day,C-005,AZ,West,P-016,5,6.99,0.15,29.71,13.71
ORD-2024-01715,2024-10-06,2024-10-07,Standard Class,C-017,TN,South,P-020,1,34.99,0.05,33.24,19.24
ORD-2024-01716,2024-09-24,2024-09-26,Second Class,C-018,NC,South,P-007,3,119,0,357,165
ORD-2025-01717,2025-07-27,2025-08-03,First Class,C-001,NY,East,P-019,6,68,0.15,346.8,142.8
ORD-2024-01718,2024-09-30,2024-10-05,First Class,C-033,TX,South,P-006,3,49.99,0.15,127.47,64.47
ORD-2024-01719,2024-07-30,2024-08-05,Second Class,C-002,CA,West,P-001,9,1299,0.15,9937.35,3097.35
ORD-2024-01720,2024-02-14,2024-02-18,First Class,C-023,FL,South,P-001,11,1299,0.15,12145.65,3785.65
ORD-2025-01721,2025-07-05,2025-07-07,Standard Class,C-027,OH,North,P-012,11,249,0,2739,1199
ORD-2024-01722,2024-10-30,2024-11-06,Standard Class,C-004,TX,South,P-013,1,179,0.1,161.1,66.1
ORD-2024-01723,2024-01-03,2024-01-09,Same Day,C-036,PA,East,P-005,11,329,0.05,3438.05,1293.05
ORD-2024-01724,2024-08-03,2024-08-06,First Class,C-033,TX,South,P-001,4,1299,0.1,4676.4,1636.4
ORD-2025-01725,2025-02-12,2025-02-15,Second Class,C-025,TN,South,P-016,7,6.99,0.2,39.14,16.74
ORD-2025-01726,2025-01-04,2025-01-07,Same Day,C-023,FL,South,P-018,11,8.99,0.15,84.06,44.46
ORD-2025-01727,2025-03-19,2025-03-21,Same Day,C-008,MI,North,P-006,3,49.99,0,149.97,86.97
ORD-2024-01728,2024-01-06,2024-01-08,Same Day,C-030,MD,East,P-009,12,199,0.2,1910.4,758.4
ORD-2024-01729,2024-11-23,2024-11-27,Standard Class,C-015,OR,West,P-019,5,68,0.15,289,119
ORD-2024-01730,2024-12-26,2024-12-30,First Class,C-028,WI,North,P-020,4,34.99,0,139.96,83.96
ORD-2024-01731,2024-05-05,2024-05-07,Same Day,C-004,TX,South,P-009,7,199,0.05,1323.35,651.35
ORD-2025-01732,2025-09-03,2025-09-06,Same Day,C-033,TX,South,P-012,7,249,0,1743,763
ORD-2024-01733,2024-03-04,2024-03-06,Second Class,C-025,TN,South,P-007,1,119,0,119,55
ORD-2024-01734,2024-09-16,2024-09-20,Standard Class,C-026,IN,North,P-013,4,179,0.1,644.4,264.4
ORD-2025-01735,2025-01-27,2025-02-01,Standard Class,C-021,FL,South,P-019,2,68,0.1,122.4,54.4
ORD-2025-01736,2025-11-01,2025-11-02,Same Day,C-040,KY,South,P-014,11,59,0,649,341
ORD-2025-01737,2025-11-02,2025-11-06,Same Day,C-038,LA,South,P-019,1,68,0.15,57.8,23.8
ORD-2025-01738,2025-04-16,2025-04-20,First Class,C-026,IN,North,P-005,10,329,0.05,3125.5,1175.5
ORD-2024-01739,2024-06-04,2024-06-09,Second Class,C-010,CO,West,P-019,7,68,0,476,238
ORD-2024-01740,2024-05-23,2024-05-27,Same Day,C-014,CA,West,P-011,9,559,0.05,4779.45,1809.45
ORD-2025-01741,2025-04-06,2025-04-13,First Class,C-003,IL,North,P-013,12,179,0.15,1825.8,685.8
ORD-2024-01742,2024-05-05,2024-05-08,Same Day,C-008,MI,North,P-010,6,429,0.05,2445.3,1005.3
ORD-2024-01743,2024-05-18,2024-05-24,First Class,C-016,OH,North,P-016,9,6.99,0.1,56.62,27.82
ORD-2024-01744,2024-05-14,2024-05-16,Same Day,C-002,CA,West,P-004,9,499,0.05,4266.45,1476.45
ORD-2024-01745,2024-04-23,2024-04-24,Same Day,C-014,CA,West,P-009,10,199,0,1990,1030
ORD-2024-01746,2024-10-19,2024-10-23,Standard Class,C-016,OH,North,P-020,7,34.99,0.05,232.68,134.68
ORD-2025-01747,2025-09-22,2025-09-28,Standard Class,C-040,KY,South,P-009,6,199,0.1,1074.6,498.6
ORD-2024-01748,2024-12-14,2024-12-15,Standard Class,C-004,TX,South,P-015,2,289,0,578,248
ORD-2025-01749,2025-12-11,2025-12-13,Second Class,C-032,AB,North,P-005,9,329,0.2,2368.8,613.8
ORD-2024-01750,2024-08-10,2024-08-11,Standard Class,C-018,NC,South,P-014,4,59,0.2,188.8,76.8
ORD-2025-01751,2025-07-04,2025-07-10,First Class,C-021,FL,South,P-016,1,6.99,0.15,5.94,2.74
ORD-2025-01752,2025-12-19,2025-12-23,Same Day,C-039,OK,Central,P-004,5,499,0.1,2245.5,695.5
ORD-2025-01753,2025-08-12,2025-08-19,First Class,C-019,NV,West,P-001,5,1299,0.15,5520.75,1720.75
ORD-2024-01754,2024-04-24,2024-04-25,Second Class,C-036,PA,East,P-003,12,849,0.1,9169.2,2689.2
ORD-2024-01755,2024-10-09,2024-10-15,Second Class,C-012,FL,South,P-020,6,34.99,0.1,188.95,104.95
ORD-2024-01756,2024-07-26,2024-07-29,Same Day,C-032,AB,North,P-018,9,8.99,0.1,72.82,40.42
ORD-2025-01757,2025-10-31,2025-11-05,First Class,C-013,ON,North,P-014,6,59,0.1,318.6,150.6
ORD-2024-01758,2024-09-18,2024-09-23,Second Class,C-033,TX,South,P-009,2,199,0.1,358.2,166.2
ORD-2024-01759,2024-02-06,2024-02-07,Same Day,C-003,IL,North,P-015,9,289,0.15,2210.85,725.85
ORD-2024-01760,2024-12-14,2024-12-21,Standard Class,C-028,WI,North,P-005,7,329,0,2303,938
ORD-2025-01761,2025-06-03,2025-06-10,Standard Class,C-040,KY,South,P-011,11,559,0.1,5534.1,1904.1
ORD-2024-01762,2024-08-05,2024-08-06,Same Day,C-031,BC,North,P-005,7,329,0.1,2072.7,707.7
ORD-2024-01763,2024-06-26,2024-07-03,Same Day,C-002,CA,West,P-010,8,429,0.1,3088.8,1168.8
ORD-2024-01764,2024-01-18,2024-01-25,Second Class,C-035,MO,North,P-013,10,179,0.1,1611,661
ORD-2024-01765,2024-05-30,2024-06-01,First Class,C-004,TX,South,P-006,7,49.99,0,349.93,202.93
ORD-2025-01766,2025-01-31,2025-02-05,Same Day,C-024,NC,South,P-003,10,849,0,8490,3090
ORD-2024-01767,2024-08-17,2024-08-18,Second Class,C-024,NC,South,P-009,3,199,0.15,507.45,219.45
ORD-2024-01768,2024-04-05,2024-04-07,Second Class,C-005,AZ,West,P-002,9,999,0,8991,3501
ORD-2025-01769,2025-04-28,2025-05-04,First Class,C-014,CA,West,P-020,10,34.99,0.1,314.91,174.91
ORD-2025-01770,2025-09-09,2025-09-16,Same Day,C-029,TX,South,P-017,4,12.49,0,49.96,29.56
ORD-2024-01771,2024-06-27,2024-06-30,Same Day,C-016,OH,North,P-005,2,329,0,658,268
ORD-2025-01772,2025-05-21,2025-05-28,First Class,C-002,CA,West,P-008,7,89.99,0.05,598.43,332.43
ORD-2024-01773,2024-07-02,2024-07-04,Standard Class,C-027,OH,North,P-001,10,1299,0.05,12340.5,4740.5
ORD-2025-01774,2025-03-16,2025-03-20,Second Class,C-004,TX,South,P-019,12,68,0,816,408
ORD-2024-01775,2024-03-16,2024-03-20,First Class,C-022,UT,West,P-001,2,1299,0.05,2468.1,948.1
ORD-2025-01776,2025-09-04,2025-09-06,First Class,C-010,CO,West,P-005,9,329,0.1,2664.9,909.9
ORD-2024-01777,2024-12-11,2024-12-13,Second Class,C-038,LA,South,P-019,9,68,0.15,520.2,214.2
ORD-2025-01778,2025-06-29,2025-07-03,Same Day,C-025,TN,South,P-015,1,289,0,289,124
ORD-2025-01779,2025-07-03,2025-07-07,Standard Class,C-040,KY,South,P-006,2,49.99,0,99.98,57.98
ORD-2024-01780,2024-04-19,2024-04-22,Standard Class,C-032,AB,North,P-008,10,89.99,0,899.9,519.9
ORD-2025-01781,2025-02-25,2025-03-02,First Class,C-033,TX,South,P-014,3,59,0.1,159.3,75.3
ORD-2024-01782,2024-05-24,2024-05-28,First Class,C-024,NC,South,P-019,4,68,0,272,136
ORD-2025-01783,2025-08-25,2025-08-28,Same Day,C-010,CO,West,P-017,7,12.49,0.05,83.06,47.36
ORD-2024-01784,2024-07-07,2024-07-09,Standard Class,C-006,WA,West,P-013,10,179,0.2,1432,482
ORD-2024-01785,2024-05-30,2024-06-01,Same Day,C-037,OH,North,P-007,10,119,0.1,1071,431
ORD-2024-01786,2024-11-23,2024-11-24,Second Class,C-039,OK,Central,P-014,10,59,0,590,310
ORD-2024-01787,2024-08-06,2024-08-11,Same Day,C-004,TX,South,P-008,6,89.99,0.1,485.95,257.95
ORD-2024-01788,2024-04-06,2024-04-11,Same Day,C-032,AB,North,P-014,6,59,0.15,300.9,132.9
ORD-2024-01789,2024-05-24,2024-05-31,Standard Class,C-005,AZ,West,P-010,6,429,0.1,2316.6,876.6
ORD-2025-01790,2025-03-05,2025-03-07,Second Class,C-017,TN,South,P-019,5,68,0,340,170
ORD-2025-01791,2025-10-20,2025-10-27,Same Day,C-016,OH,North,P-004,11,499,0.05,5214.55,1804.55
ORD-2025-01792,2025-10-31,2025-11-07,Second Class,C-036,PA,East,P-002,7,999,0.05,6643.35,2373.35
ORD-2024-01793,2024-04-19,2024-04-20,Standard Class,C-014,CA,West,P-008,9,89.99,0,809.91,467.91
ORD-2025-01794,2025-03-25,2025-03-31,First Class,C-020,MO,North,P-013,12,179,0.1,1933.2,793.2
ORD-2024-01795,2024-04-15,2024-04-18,First Class,C-006,WA,West,P-012,11,249,0.1,2465.1,925.1
ORD-2025-01796,2025-09-25,2025-09-27,Standard Class,C-039,OK,Central,P-001,6,1299,0,7794,3234
ORD-2025-01797,2025-09-20,2025-09-22,Second Class,C-009,MA,East,P-003,7,849,0.1,5348.7,1568.7
ORD-2025-01798,2025-10-03,2025-10-07,Second Class,C-018,NC,South,P-004,10,499,0,4990,1890
ORD-2025-01799,2025-01-19,2025-01-23,Second Class,C-010,CO,West,P-014,9,59,0.2,424.8,172.8
ORD-2024-01800,2024-05-02,2024-05-08,First Class,C-009,MA,East,P-008,2,89.99,0,179.98,103.98
ORD-2024-01801,2024-12-26,2024-12-28,Standard Class,C-007,GA,South,P-010,10,429,0,4290,1890
ORD-2025-01802,2025-03-12,2025-03-15,Standard Class,C-013,ON,North,P-015,2,289,0.05,549.1,219.1
ORD-2024-01803,2024-01-07,2024-01-10,First Class,C-032,AB,North,P-005,9,329,0,2961,1206
ORD-2025-01804,2025-12-03,2025-12-09,Standard Class,C-010,CO,West,P-004,2,499,0.15,848.3,228.3
ORD-2024-01805,2024-08-26,2024-08-30,Standard Class,C-026,IN,North,P-003,2,849,0.05,1613.1,533.1
ORD-2025-01806,2025-02-08,2025-02-14,Standard Class,C-025,TN,South,P-016,12,6.99,0,83.88,45.48
ORD-2024-01807,2024-08-12,2024-08-13,Standard Class,C-023,FL,South,P-019,11,68,0.15,635.8,261.8
ORD-2024-01808,2024-09-04,2024-09-05,Standard Class,C-039,OK,Central,P-010,4,429,0.05,1630.2,670.2
ORD-2025-01809,2025-01-02,2025-01-06,Second Class,C-021,FL,South,P-007,8,119,0.1,856.8,344.8
ORD-2025-01810,2025-11-26,2025-11-30,Standard Class,C-007,GA,South,P-004,2,499,0.05,948.1,328.1
ORD-2024-01811,2024-05-19,2024-05-21,First Class,C-006,WA,West,P-016,2,6.99,0.05,13.28,6.88
ORD-2024-01812,2024-06-28,2024-07-01,Second Class,C-031,BC,North,P-004,3,499,0.2,1197.6,267.6
ORD-2025-01813,2025-07-13,2025-07-19,First Class,C-018,NC,South,P-020,1,34.99,0.2,27.99,13.99
ORD-2024-01814,2024-07-22,2024-07-29,Same Day,C-003,IL,North,P-010,12,429,0.2,4118.4,1238.4
ORD-2025-01815,2025-05-16,2025-05-23,Same Day,C-007,GA,South,P-004,12,499,0,5988,2268
ORD-2025-01816,2025-08-19,2025-08-20,Second Class,C-034,CA,West,P-006,3,49.99,0.1,134.97,71.97
ORD-2024-01817,2024-08-21,2024-08-23,Standard Class,C-021,FL,South,P-004,9,499,0.05,4266.45,1476.45
ORD-2025-01818,2025-06-16,2025-06-22,Same Day,C-012,FL,South,P-017,4,12.49,0.15,42.47,22.07
ORD-2024-01819,2024-01-22,2024-01-24,First Class,C-032,AB,North,P-007,4,119,0.05,452.2,196.2
ORD-2024-01820,2024-11-10,2024-11-16,First Class,C-030,MD,East,P-010,5,429,0.05,2037.75,837.75
ORD-2024-01821,2024-09-03,2024-09-10,Same Day,C-002,CA,West,P-013,7,179,0.05,1190.35,525.35
ORD-2025-01822,2025-11-25,2025-11-28,Second Class,C-039,OK,Central,P-020,11,34.99,0,384.89,230.89
ORD-2025-01823,2025-11-30,2025-12-07,Same Day,C-037,OH,North,P-003,10,849,0.15,7216.5,1816.5
ORD-2024-01824,2024-10-24,2024-10-30,Second Class,C-018,NC,South,P-020,8,34.99,0.1,251.93,139.93
ORD-2025-01825,2025-06-10,2025-06-15,First Class,C-006,WA,West,P-006,9,49.99,0.05,427.41,238.41
ORD-2025-01826,2025-02-18,2025-02-21,Same Day,C-034,CA,West,P-013,7,179,0.05,1190.35,525.35
ORD-2024-01827,2024-05-27,2024-05-29,Same Day,C-040,KY,South,P-005,5,329,0.1,1480.5,505.5
ORD-2025-01828,2025-10-15,2025-10-18,Second Class,C-028,WI,North,P-008,3,89.99,0.05,256.47,142.47
ORD-2025-01829,2025-03-08,2025-03-14,First Class,C-005,AZ,West,P-009,7,199,0.1,1253.7,581.7
ORD-2024-01830,2024-11-29,2024-12-06,Standard Class,C-033,TX,South,P-018,8,8.99,0,71.92,43.12
ORD-2025-01831,2025-07-18,2025-07-21,Second Class,C-009,MA,East,P-009,7,199,0.2,1114.4,442.4
ORD-2024-01832,2024-03-23,2024-03-30,Same Day,C-026,IN,North,P-009,10,199,0,1990,1030
ORD-2024-01833,2024-07-23,2024-07-29,Same Day,C-012,FL,South,P-007,1,119,0.05,113.05,49.05
ORD-2025-01834,2025-11-20,2025-11-25,Second Class,C-031,BC,North,P-010,8,429,0.1,3088.8,1168.8
ORD-2025-01835,2025-06-24,2025-06-25,Second Class,C-005,AZ,West,P-004,5,499,0.05,2370.25,820.25
ORD-2025-01836,2025-04-28,2025-05-01,Second Class,C-015,OR,West,P-011,7,559,0,3913,1603
ORD-2025-01837,2025-01-26,2025-01-28,Same Day,C-018,NC,South,P-015,8,289,0.1,2080.8,760.8
ORD-2024-01838,2024-05-22,2024-05-29,Second Class,C-016,OH,North,P-020,7,34.99,0,244.93,146.93
ORD-2025-01839,2025-04-05,2025-04-10,First Class,C-015,OR,West,P-019,5,68,0.1,306,136
ORD-2025-01840,2025-06-12,2025-06-14,Standard Class,C-038,LA,South,P-014,12,59,0.1,637.2,301.2
ORD-2025-01841,2025-08-16,2025-08-19,Second Class,C-030,MD,East,P-010,11,429,0.2,3775.2,1135.2
ORD-2025-01842,2025-12-25,2025-12-29,Second Class,C-036,PA,East,P-002,12,999,0,11988,4668
ORD-2025-01843,2025-11-13,2025-11-17,Second Class,C-025,TN,South,P-015,2,289,0,578,248
ORD-2024-01844,2024-01-08,2024-01-14,Second Class,C-022,UT,West,P-016,3,6.99,0.2,16.78,7.18
ORD-2025-01845,2025-03-01,2025-03-04,Standard Class,C-028,WI,North,P-008,4,89.99,0.05,341.96,189.96
ORD-2025-01846,2025-01-04,2025-01-08,Standard Class,C-007,GA,South,P-015,10,289,0,2890,1240
ORD-2024-01847,2024-05-08,2024-05-15,First Class,C-005,AZ,West,P-011,3,559,0.15,1425.45,435.45
ORD-2025-01848,2025-11-20,2025-11-22,Same Day,C-007,GA,South,P-018,4,8.99,0.15,30.57,16.17
ORD-2024-01849,2024-07-22,2024-07-28,Standard Class,C-003,IL,North,P-005,10,329,0,3290,1340
ORD-2024-01850,2024-10-24,2024-10-25,Standard Class,C-021,FL,South,P-010,8,429,0.15,2917.2,997.2
ORD-2025-01851,2025-12-17,2025-12-24,Same Day,C-040,KY,South,P-017,8,12.49,0.05,94.92,54.12
ORD-2025-01852,2025-09-08,2025-09-15,First Class,C-040,KY,South,P-007,6,119,0,714,330
ORD-2024-01853,2024-06-09,2024-06-11,First Class,C-036,PA,East,P-020,6,34.99,0.05,199.44,115.44
ORD-2024-01854,2024-08-27,2024-08-28,Same Day,C-007,GA,South,P-008,2,89.99,0,179.98,103.98
ORD-2024-01855,2024-04-21,2024-04-26,Same Day,C-019,NV,West,P-014,6,59,0,354,186
ORD-2025-01856,2025-02-05,2025-02-11,Same Day,C-023,FL,South,P-006,1,49.99,0,49.99,28.99
ORD-2025-01857,2025-07-08,2025-07-13,Same Day,C-016,OH,North,P-011,9,559,0.2,4024.8,1054.8
ORD-2025-01858,2025-08-29,2025-08-30,First Class,C-018,NC,South,P-014,2,59,0,118,62
ORD-2025-01859,2025-09-16,2025-09-22,First Class,C-010,CO,West,P-017,1,12.49,0,12.49,7.39
ORD-2024-01860,2024-04-27,2024-04-29,Same Day,C-029,TX,South,P-001,10,1299,0.1,11691,4091
ORD-2024-01861,2024-08-12,2024-08-15,Standard Class,C-010,CO,West,P-010,2,429,0.15,729.3,249.3
ORD-2024-01862,2024-10-18,2024-10-23,Standard Class,C-027,OH,North,P-008,9,89.99,0.05,769.41,427.41
ORD-2025-01863,2025-09-01,2025-09-02,Same Day,C-034,CA,West,P-002,3,999,0.05,2847.15,1017.15
ORD-2024-01864,2024-04-23,2024-04-25,Standard Class,C-031,BC,North,P-017,7,12.49,0.05,83.06,47.36
ORD-2025-01865,2025-04-16,2025-04-19,Second Class,C-016,OH,North,P-009,9,199,0,1791,927
ORD-2025-01866,2025-08-06,2025-08-08,Same Day,C-007,GA,South,P-007,5,119,0,595,275
ORD-2025-01867,2025-01-24,2025-01-28,Standard Class,C-038,LA,South,P-018,5,8.99,0.15,38.21,20.21
ORD-2024-01868,2024-11-22,2024-11-28,Same Day,C-023,FL,South,P-004,7,499,0.05,3318.35,1148.35
ORD-2025-01869,2025-04-12,2025-04-17,First Class,C-004,TX,South,P-012,4,249,0.1,896.4,336.4
ORD-2024-01870,2024-11-11,2024-11-16,Same Day,C-029,TX,South,P-013,3,179,0.05,510.15,225.15
ORD-2025-01871,2025-04-02,2025-04-06,Second Class,C-038,LA,South,P-011,5,559,0.15,2375.75,725.75
ORD-2025-01872,2025-12-23,2025-12-28,Standard Class,C-014,CA,West,P-015,6,289,0,1734,744
ORD-2025-01873,2025-01-15,2025-01-20,Same Day,C-037,OH,North,P-006,9,49.99,0.05,427.41,238.41
ORD-2025-01874,2025-06-01,2025-06-02,Standard Class,C-028,WI,North,P-001,6,1299,0,7794,3234
ORD-2024-01875,2024-04-28,2024-05-02,Standard Class,C-010,CO,West,P-006,1,49.99,0.05,47.49,26.49
ORD-2025-01876,2025-07-26,2025-07-27,Same Day,C-018,NC,South,P-014,11,59,0,649,341
ORD-2024-01877,2024-01-10,2024-01-11,Second Class,C-030,MD,East,P-009,12,199,0.15,2029.8,877.8
ORD-2025-01878,2025-07-26,2025-07-27,First Class,C-024,NC,South,P-001,4,1299,0,5196,2156
ORD-2024-01879,2024-04-28,2024-04-30,Second Class,C-037,OH,North,P-012,5,249,0,1245,545
ORD-2025-01880,2025-07-19,2025-07-24,Second Class,C-010,CO,West,P-011,1,559,0.05,531.05,201.05
ORD-2025-01881,2025-04-02,2025-04-04,Same Day,C-005,AZ,West,P-008,6,89.99,0.05,512.94,284.94
ORD-2025-01882,2025-11-30,2025-12-02,Same Day,C-022,UT,West,P-007,7,119,0.1,749.7,301.7
ORD-2024-01883,2024-10-19,2024-10-22,First Class,C-037,OH,North,P-013,9,179,0.05,1530.45,675.45
ORD-2024-01884,2024-03-05,2024-03-10,First Class,C-023,FL,South,P-004,1,499,0,499,189
ORD-2024-01885,2024-12-10,2024-12-16,Same Day,C-040,KY,South,P-008,1,89.99,0.05,85.49,47.49
ORD-2024-01886,2024-06-17,2024-06-18,Second Class,C-034,CA,West,P-013,4,179,0,716,336
ORD-2025-01887,2025-07-22,2025-07-24,First Class,C-010,CO,West,P-013,2,179,0,358,168
ORD-2024-01888,2024-11-12,2024-11-15,Standard Class,C-036,PA,East,P-010,3,429,0.05,1222.65,502.65
ORD-2024-01889,2024-06-27,2024-07-02,Standard Class,C-020,MO,North,P-009,6,199,0,1194,618
ORD-2025-01890,2025-03-30,2025-04-02,Same Day,C-010,CO,West,P-007,5,119,0.05,565.25,245.25
ORD-2024-01891,2024-12-13,2024-12-14,Standard Class,C-033,TX,South,P-016,12,6.99,0,83.88,45.48
ORD-2024-01892,2024-09-12,2024-09-17,First Class,C-001,NY,East,P-006,5,49.99,0.15,212.46,107.46
ORD-2024-01893,2024-03-18,2024-03-20,First Class,C-004,TX,South,P-019,9,68,0.2,489.6,183.6
ORD-2024-01894,2024-02-28,2024-03-01,Standard Class,C-029,TX,South,P-008,2,89.99,0,179.98,103.98
ORD-2024-01895,2024-03-09,2024-03-10,Same Day,C-001,NY,East,P-007,5,119,0.1,535.5,215.5
ORD-2025-01896,2025-04-19,2025-04-26,Same Day,C-025,TN,South,P-008,12,89.99,0,1079.88,623.88
ORD-2025-01897,2025-02-06,2025-02-09,Standard Class,C-018,NC,South,P-019,6,68,0.2,326.4,122.4
ORD-2024-01898,2024-11-19,2024-11-24,Second Class,C-019,NV,West,P-014,2,59,0,118,62
ORD-2025-01899,2025-04-11,2025-04-15,Same Day,C-015,OR,West,P-007,1,119,0.05,113.05,49.05
ORD-2024-01900,2024-05-04,2024-05-07,Same Day,C-005,AZ,West,P-012,6,249,0.2,1195.2,355.2
ORD-2024-01901,2024-10-03,2024-10-09,Standard Class,C-015,OR,West,P-003,2,849,0.05,1613.1,533.1
ORD-2024-01902,2024-04-30,2024-05-02,Standard Class,C-034,CA,West,P-010,11,429,0.1,4247.1,1607.1
ORD-2025-01903,2025-05-09,2025-05-15,Same Day,C-005,AZ,West,P-020,8,34.99,0,279.92,167.92
ORD-2025-01904,2025-11-04,2025-11-08,Standard Class,C-033,TX,South,P-010,7,429,0.05,2852.85,1172.85
ORD-2024-01905,2024-09-03,2024-09-10,Second Class,C-029,TX,South,P-019,3,68,0.1,183.6,81.6
ORD-2024-01906,2024-02-03,2024-02-05,Same Day,C-038,LA,South,P-008,10,89.99,0,899.9,519.9
ORD-2025-01907,2025-04-25,2025-05-02,Same Day,C-022,UT,West,P-005,5,329,0,1645,670
ORD-2024-01908,2024-07-06,2024-07-08,First Class,C-028,WI,North,P-010,6,429,0,2574,1134
ORD-2025-01909,2025-10-29,2025-11-02,Same Day,C-030,MD,East,P-007,6,119,0.05,678.3,294.3
ORD-2024-01910,2024-06-30,2024-07-02,Standard Class,C-011,TX,South,P-015,10,289,0,2890,1240
ORD-2025-01911,2025-01-26,2025-01-30,Same Day,C-005,AZ,West,P-009,7,199,0.1,1253.7,581.7
ORD-2025-01912,2025-04-13,2025-04-16,Same Day,C-018,NC,South,P-017,9,12.49,0,112.41,66.51
ORD-2024-01913,2024-02-11,2024-02-12,First Class,C-018,NC,South,P-020,3,34.99,0.15,89.22,47.22
ORD-2024-01914,2024-02-13,2024-02-20,Second Class,C-037,OH,North,P-008,12,89.99,0.05,1025.89,569.89
ORD-2024-01915,2024-01-01,2024-01-07,Standard Class,C-014,CA,West,P-002,10,999,0,9990,3890
ORD-2024-01916,2024-08-21,2024-08-25,Second Class,C-017,TN,South,P-005,7,329,0.1,2072.7,707.7
ORD-2025-01917,2025-06-12,2025-06-15,First Class,C-023,FL,South,P-006,1,49.99,0.05,47.49,26.49
ORD-2024-01918,2024-08-27,2024-08-31,Standard Class,C-036,PA,East,P-001,7,1299,0.1,8183.7,2863.7
ORD-2025-01919,2025-05-31,2025-06-01,Standard Class,C-036,PA,East,P-006,11,49.99,0.1,494.9,263.9
ORD-2024-01920,2024-10-25,2024-10-26,First Class,C-037,OH,North,P-006,6,49.99,0.05,284.94,158.94
ORD-2025-01921,2025-11-15,2025-11-19,First Class,C-004,TX,South,P-019,11,68,0,748,374
ORD-2024-01922,2024-08-18,2024-08-24,First Class,C-034,CA,West,P-015,4,289,0,1156,496
ORD-2025-01923,2025-11-14,2025-11-18,Standard Class,C-028,WI,North,P-020,2,34.99,0,69.98,41.98
ORD-2025-01924,2025-03-31,2025-04-07,Standard Class,C-023,FL,South,P-009,1,199,0.1,179.1,83.1
ORD-2024-01925,2024-07-25,2024-08-01,Standard Class,C-007,GA,South,P-016,12,6.99,0,83.88,45.48
ORD-2024-01926,2024-05-09,2024-05-16,Second Class,C-017,TN,South,P-015,8,289,0.1,2080.8,760.8
ORD-2024-01927,2024-06-24,2024-06-30,First Class,C-019,NV,West,P-016,4,6.99,0.1,25.16,12.36
ORD-2024-01928,2024-05-12,2024-05-13,Second Class,C-019,NV,West,P-004,7,499,0.1,3143.7,973.7
ORD-2024-01929,2024-10-25,2024-10-28,First Class,C-005,AZ,West,P-008,12,89.99,0.1,971.89,515.89
ORD-2024-01930,2024-09-28,2024-10-02,Standard Class,C-027,OH,North,P-001,5,1299,0.05,6170.25,2370.25
ORD-2025-01931,2025-05-31,2025-06-03,Standard Class,C-035,MO,North,P-011,8,559,0.1,4024.8,1384.8
ORD-2025-01932,2025-01-01,2025-01-07,Same Day,C-031,BC,North,P-014,5,59,0.15,250.75,110.75
ORD-2025-01933,2025-09-23,2025-09-28,Second Class,C-023,FL,South,P-016,10,6.99,0.1,62.91,30.91
ORD-2025-01934,2025-07-05,2025-07-10,Standard Class,C-038,LA,South,P-019,4,68,0,272,136
ORD-2025-01935,2025-01-22,2025-01-29,First Class,C-003,IL,North,P-010,6,429,0.2,2059.2,619.2
ORD-2025-01936,2025-03-29,2025-03-31,Same Day,C-035,MO,North,P-018,3,8.99,0.1,24.27,13.47
ORD-2025-01937,2025-03-30,2025-04-03,First Class,C-012,FL,South,P-007,11,119,0,1309,605
ORD-2024-01938,2024-03-31,2024-04-01,Same Day,C-019,NV,West,P-013,12,179,0,2148,1008
ORD-2024-01939,2024-10-31,2024-11-05,Standard Class,C-040,KY,South,P-013,2,179,0.1,322.2,132.2
ORD-2025-01940,2025-07-21,2025-07-24,Same Day,C-031,BC,North,P-006,2,49.99,0,99.98,57.98
ORD-2024-01941,2024-04-15,2024-04-18,First Class,C-036,PA,East,P-019,1,68,0,68,34
ORD-2025-01942,2025-08-11,2025-08-15,First Class,C-038,LA,South,P-012,10,249,0.05,2365.5,965.5
ORD-2025-01943,2025-02-02,2025-02-09,Same Day,C-020,MO,North,P-015,9,289,0,2601,1116
ORD-2024-01944,2024-03-13,2024-03-15,Same Day,C-030,MD,East,P-008,5,89.99,0.1,404.96,214.96
ORD-2025-01945,2025-09-06,2025-09-07,Same Day,C-007,GA,South,P-016,9,6.99,0.05,59.76,30.96
ORD-2024-01946,2024-03-01,2024-03-06,First Class,C-002,CA,West,P-007,7,119,0,833,385
ORD-2024-01947,2024-04-16,2024-04-17,First Class,C-040,KY,South,P-012,6,249,0.15,1269.9,429.9
ORD-2025-01948,2025-09-24,2025-09-29,Standard Class,C-005,AZ,West,P-007,10,119,0,1190,550
ORD-2024-01949,2024-07-11,2024-07-18,Standard Class,C-004,TX,South,P-020,6,34.99,0.05,199.44,115.44
ORD-2024-01950,2024-09-14,2024-09-17,Same Day,C-010,CO,West,P-015,4,289,0,1156,496
ORD-2024-01951,2024-10-30,2024-11-01,First Class,C-011,TX,South,P-007,1,119,0.2,95.2,31.2
ORD-2025-01952,2025-09-03,2025-09-10,Second Class,C-038,LA,South,P-019,2,68,0,136,68
ORD-2025-01953,2025-02-03,2025-02-06,Standard Class,C-010,CO,West,P-010,3,429,0.1,1158.3,438.3
ORD-2024-01954,2024-05-26,2024-05-30,Same Day,C-031,BC,North,P-020,3,34.99,0,104.97,62.97
ORD-2024-01955,2024-01-01,2024-01-02,First Class,C-006,WA,West,P-002,4,999,0.1,3596.4,1156.4
ORD-2024-01956,2024-06-11,2024-06-15,Second Class,C-032,AB,North,P-005,1,329,0,329,134
ORD-2024-01957,2024-09-24,2024-09-30,First Class,C-013,ON,North,P-011,12,559,0.1,6037.2,2077.2
ORD-2024-01958,2024-03-26,2024-03-29,Same Day,C-007,GA,South,P-019,10,68,0,680,340
ORD-2025-01959,2025-08-19,2025-08-26,Second Class,C-030,MD,East,P-010,1,429,0.15,364.65,124.65
ORD-2024-01960,2024-11-29,2024-11-30,Second Class,C-034,CA,West,P-012,12,249,0.05,2838.6,1158.6
ORD-2024-01961,2024-06-10,2024-06-16,First Class,C-023,FL,South,P-011,12,559,0,6708,2748
ORD-2025-01962,2025-02-15,2025-02-17,First Class,C-028,WI,North,P-015,3,289,0.05,823.65,328.65
ORD-2025-01963,2025-01-11,2025-01-12,Standard Class,C-028,WI,North,P-011,2,559,0,1118,458
ORD-2025-01964,2025-02-25,2025-03-04,First Class,C-040,KY,South,P-013,9,179,0,1611,756
ORD-2025-01965,2025-04-02,2025-04-03,Second Class,C-017,TN,South,P-013,7,179,0.2,1002.4,337.4
ORD-2024-01966,2024-03-10,2024-03-12,Second Class,C-003,IL,North,P-009,1,199,0.15,169.15,73.15
ORD-2024-01967,2024-03-07,2024-03-12,Standard Class,C-019,NV,West,P-010,10,429,0.15,3646.5,1246.5
ORD-2024-01968,2024-12-14,2024-12-18,First Class,C-035,MO,North,P-008,12,89.99,0.2,863.9,407.9
ORD-2024-01969,2024-07-20,2024-07-27,Second Class,C-029,TX,South,P-016,3,6.99,0.2,16.78,7.18
ORD-2025-01970,2025-06-25,2025-07-01,First Class,C-027,OH,North,P-003,6,849,0.05,4839.3,1599.3
ORD-2024-01971,2024-02-02,2024-02-07,First Class,C-025,TN,South,P-013,5,179,0.1,805.5,330.5
ORD-2024-01972,2024-09-21,2024-09-25,Same Day,C-013,ON,North,P-002,2,999,0.05,1898.1,678.1
ORD-2024-01973,2024-03-24,2024-03-28,Same Day,C-040,KY,South,P-012,8,249,0.05,1892.4,772.4
ORD-2025-01974,2025-06-13,2025-06-19,Second Class,C-004,TX,South,P-007,3,119,0.2,285.6,93.6
ORD-2025-01975,2025-10-30,2025-11-06,Second Class,C-002,CA,West,P-003,4,849,0.05,3226.2,1066.2
ORD-2024-01976,2024-05-18,2024-05-22,First Class,C-019,NV,West,P-004,11,499,0,5489,2079
ORD-2025-01977,2025-08-07,2025-08-08,Standard Class,C-037,OH,North,P-005,9,329,0.2,2368.8,613.8
ORD-2024-01978,2024-09-09,2024-09-14,Standard Class,C-026,IN,North,P-009,3,199,0,597,309
ORD-2025-01979,2025-03-29,2025-04-04,Second Class,C-024,NC,South,P-010,4,429,0,1716,756
ORD-2025-01980,2025-06-24,2025-07-01,First Class,C-022,UT,West,P-018,7,8.99,0.1,56.64,31.44
ORD-2025-01981,2025-11-22,2025-11-23,Same Day,C-027,OH,North,P-003,12,849,0.1,9169.2,2689.2
ORD-2024-01982,2024-08-09,2024-08-16,Standard Class,C-021,FL,South,P-003,8,849,0.1,6112.8,1792.8
ORD-2024-01983,2024-01-09,2024-01-14,First Class,C-030,MD,East,P-013,6,179,0,1074,504
ORD-2024-01984,2024-03-04,2024-03-10,First Class,C-021,FL,South,P-002,9,999,0,8991,3501
ORD-2025-01985,2025-07-15,2025-07-17,First Class,C-016,OH,North,P-001,3,1299,0.1,3507.3,1227.3
ORD-2024-01986,2024-11-10,2024-11-12,Same Day,C-040,KY,South,P-018,7,8.99,0.05,59.78,34.58
ORD-2024-01987,2024-01-08,2024-01-15,Second Class,C-014,CA,West,P-009,1,199,0.15,169.15,73.15
ORD-2024-01988,2024-06-29,2024-07-05,Same Day,C-017,TN,South,P-004,7,499,0,3493,1323
ORD-2024-01989,2024-01-15,2024-01-22,First Class,C-016,OH,North,P-002,8,999,0.05,7592.4,2712.4
ORD-2025-01990,2025-11-11,2025-11-12,Same Day,C-006,WA,West,P-020,10,34.99,0.1,314.91,174.91
ORD-2024-01991,2024-08-03,2024-08-05,Same Day,C-023,FL,South,P-012,7,249,0.1,1568.7,588.7
ORD-2025-01992,2025-04-30,2025-05-07,Standard Class,C-013,ON,North,P-018,9,8.99,0.05,76.86,44.46
ORD-2024-01993,2024-05-13,2024-05-20,Same Day,C-034,CA,West,P-016,6,6.99,0,41.94,22.74
ORD-2024-01994,2024-04-18,2024-04-24,Same Day,C-005,AZ,West,P-015,2,289,0.15,491.3,161.3
ORD-2024-01995,2024-01-06,2024-01-13,Second Class,C-004,TX,South,P-013,4,179,0,716,336
ORD-2025-01996,2025-01-24,2025-01-25,Second Class,C-009,MA,East,P-012,11,249,0.05,2602.05,1062.05
ORD-2024-01997,2024-03-23,2024-03-25,Second Class,C-016,OH,North,P-008,2,89.99,0,179.98,103.98
ORD-2024-01998,2024-11-16,2024-11-23,Standard Class,C-039,OK,Central,P-010,11,429,0.1,4247.1,1607.1
ORD-2024-01999,2024-03-03,2024-03-06,Standard Class,C-025,TN,South,P-011,3,559,0.05,1593.15,603.15
ORD-2024-02000,2024-05-03,2024-05-06,Standard Class,C-035,MO,North,P-016,6,6.99,0.2,33.55,14.35
ORD-2024-02001,2024-09-21,2024-09-27,First Class,C-007,GA,South,P-018,6,8.99,0.05,51.24,29.64
ORD-2025-02002,2025-09-26,2025-10-02,First Class,C-015,OR,West,P-012,3,249,0.1,672.3,252.3
ORD-2024-02003,2024-12-31,2025-01-01,First Class,C-006,WA,West,P-020,12,34.99,0.1,377.89,209.89
ORD-2024-02004,2024-10-22,2024-10-27,Standard Class,C-029,TX,South,P-002,4,999,0,3996,1556
ORD-2025-02005,2025-07-21,2025-07-28,Second Class,C-032,AB,North,P-004,9,499,0.05,4266.45,1476.45
ORD-2025-02006,2025-08-25,2025-08-30,Same Day,C-040,KY,South,P-003,6,849,0.05,4839.3,1599.3
ORD-2025-02007,2025-01-31,2025-02-04,Same Day,C-022,UT,West,P-008,9,89.99,0.1,728.92,386.92
ORD-2025-02008,2025-02-17,2025-02-19,First Class,C-012,FL,South,P-005,8,329,0.1,2368.8,808.8
ORD-2024-02009,2024-05-17,2024-05-19,Same Day,C-040,KY,South,P-012,5,249,0.05,1182.75,482.75
ORD-2025-02010,2025-06-01,2025-06-06,First Class,C-025,TN,South,P-005,2,329,0,658,268
ORD-2024-02011,2024-06-22,2024-06-23,First Class,C-029,TX,South,P-003,6,849,0.1,4584.6,1344.6
ORD-2025-02012,2025-06-27,2025-07-01,Second Class,C-008,MI,North,P-007,2,119,0,238,110
ORD-2025-02013,2025-10-04,2025-10-05,Same Day,C-019,NV,West,P-004,5,499,0,2495,945
ORD-2025-02014,2025-01-20,2025-01-27,Same Day,C-026,IN,North,P-001,2,1299,0,2598,1078
ORD-2025-02015,2025-12-25,2025-12-31,Standard Class,C-019,NV,West,P-008,8,89.99,0.2,575.94,271.94
ORD-2025-02016,2025-06-30,2025-07-06,Second Class,C-017,TN,South,P-010,3,429,0.05,1222.65,502.65
ORD-2024-02017,2024-02-14,2024-02-16,Same Day,C-007,GA,South,P-009,7,199,0.05,1323.35,651.35
ORD-2024-02018,2024-01-15,2024-01-17,First Class,C-016,OH,North,P-001,5,1299,0,6495,2695
ORD-2024-02019,2024-02-21,2024-02-26,First Class,C-014,CA,West,P-011,8,559,0.2,3577.6,937.6
ORD-2024-02020,2024-10-21,2024-10-23,Second Class,C-029,TX,South,P-006,11,49.99,0.2,439.91,208.91
ORD-2025-02021,2025-09-29,2025-10-04,Second Class,C-022,UT,West,P-002,5,999,0.1,4495.5,1445.5
ORD-2024-02022,2024-04-29,2024-05-04,Same Day,C-003,IL,North,P-005,2,329,0,658,268
ORD-2025-02023,2025-07-16,2025-07-17,First Class,C-014,CA,West,P-005,2,329,0.1,592.2,202.2
ORD-2025-02024,2025-10-17,2025-10-23,Same Day,C-026,IN,North,P-009,5,199,0.1,895.5,415.5
ORD-2024-02025,2024-09-24,2024-09-26,First Class,C-012,FL,South,P-016,1,6.99,0.05,6.64,3.44
ORD-2025-02026,2025-09-02,2025-09-07,Same Day,C-016,OH,North,P-013,8,179,0.05,1360.4,600.4
ORD-2024-02027,2024-07-31,2024-08-05,Second Class,C-010,CO,West,P-017,4,12.49,0.1,44.96,24.56
ORD-2024-02028,2024-09-10,2024-09-13,Standard Class,C-018,NC,South,P-009,1,199,0.05,189.05,93.05
ORD-2024-02029,2024-06-28,2024-06-30,Second Class,C-029,TX,South,P-019,3,68,0.05,193.8,91.8
ORD-2025-02030,2025-03-26,2025-03-27,Standard Class,C-013,ON,North,P-006,12,49.99,0.15,509.9,257.9
ORD-2025-02031,2025-08-11,2025-08-15,Second Class,C-013,ON,North,P-015,9,289,0,2601,1116
ORD-2024-02032,2024-09-16,2024-09-21,Standard Class,C-039,OK,Central,P-001,4,1299,0,5196,2156
ORD-2024-02033,2024-03-05,2024-03-07,First Class,C-008,MI,North,P-016,3,6.99,0,20.97,11.37
ORD-2025-02034,2025-12-19,2025-12-20,Standard Class,C-007,GA,South,P-013,10,179,0.05,1700.5,750.5
ORD-2024-02035,2024-10-04,2024-10-09,Second Class,C-029,TX,South,P-009,11,199,0.05,2079.55,1023.55
ORD-2025-02036,2025-01-02,2025-01-08,Standard Class,C-032,AB,North,P-003,10,849,0.1,7641,2241
ORD-2025-02037,2025-05-30,2025-05-31,Same Day,C-006,WA,West,P-005,12,329,0.1,3553.2,1213.2
ORD-2025-02038,2025-01-21,2025-01-24,Same Day,C-013,ON,North,P-012,12,249,0.1,2689.2,1009.2
ORD-2024-02039,2024-11-23,2024-11-27,Same Day,C-032,AB,North,P-014,10,59,0,590,310
ORD-2024-02040,2024-11-25,2024-12-01,Same Day,C-009,MA,East,P-009,12,199,0.05,2268.6,1116.6
ORD-2024-02041,2024-11-30,2024-12-07,Second Class,C-020,MO,North,P-019,9,68,0.15,520.2,214.2
ORD-2025-02042,2025-08-03,2025-08-09,Second Class,C-005,AZ,West,P-005,1,329,0.2,263.2,68.2
ORD-2025-02043,2025-03-15,2025-03-17,Second Class,C-039,OK,Central,P-020,2,34.99,0,69.98,41.98
ORD-2025-02044,2025-11-05,2025-11-09,Same Day,C-001,NY,East,P-017,3,12.49,0,37.47,22.17
ORD-2025-02045,2025-01-15,2025-01-17,First Class,C-007,GA,South,P-019,10,68,0,680,340
ORD-2024-02046,2024-04-20,2024-04-26,First Class,C-035,MO,North,P-006,6,49.99,0.1,269.95,143.95
ORD-2024-02047,2024-03-14,2024-03-15,Standard Class,C-009,MA,East,P-009,1,199,0.15,169.15,73.15
ORD-2025-02048,2025-05-22,2025-05-23,Same Day,C-004,TX,South,P-001,8,1299,0.2,8313.6,2233.6
ORD-2024-02049,2024-09-21,2024-09-24,Standard Class,C-026,IN,North,P-015,11,289,0.15,2702.15,887.15
ORD-2024-02050,2024-03-09,2024-03-11,Standard Class,C-020,MO,North,P-005,11,329,0.2,2895.2,750.2
ORD-2025-02051,2025-07-03,2025-07-05,Same Day,C-021,FL,South,P-007,3,119,0.05,339.15,147.15
ORD-2025-02052,2025-01-14,2025-01-18,First Class,C-039,OK,Central,P-019,10,68,0.1,612,272
ORD-2024-02053,2024-09-30,2024-10-06,Second Class,C-004,TX,South,P-008,12,89.99,0.15,917.9,461.9
ORD-2025-02054,2025-06-07,2025-06-09,Same Day,C-003,IL,North,P-004,5,499,0,2495,945
ORD-2025-02055,2025-03-28,2025-03-30,Standard Class,C-001,NY,East,P-005,3,329,0.15,838.95,253.95
ORD-2024-02056,2024-11-16,2024-11-19,Second Class,C-016,OH,North,P-017,2,12.49,0,24.98,14.78
ORD-2025-02057,2025-10-09,2025-10-16,Same Day,C-036,PA,East,P-015,9,289,0.15,2210.85,725.85
ORD-2024-02058,2024-05-06,2024-05-09,Second Class,C-015,OR,West,P-018,1,8.99,0.1,8.09,4.49
ORD-2025-02059,2025-11-20,2025-11-27,First Class,C-003,IL,North,P-005,12,329,0,3948,1608
ORD-2024-02060,2024-03-03,2024-03-09,Second Class,C-028,WI,North,P-019,3,68,0.05,193.8,91.8
ORD-2025-02061,2025-11-11,2025-11-18,Second Class,C-011,TX,South,P-005,1,329,0.15,279.65,84.65
ORD-2025-02062,2025-01-15,2025-01-17,Second Class,C-013,ON,North,P-017,12,12.49,0,149.88,88.68
ORD-2024-02063,2024-12-08,2024-12-10,Same Day,C-036,PA,East,P-017,6,12.49,0.05,71.19,40.59
ORD-2025-02064,2025-05-31,2025-06-04,Second Class,C-008,MI,North,P-017,1,12.49,0,12.49,7.39
ORD-2024-02065,2024-10-15,2024-10-18,First Class,C-023,FL,South,P-005,7,329,0.2,1842.4,477.4
ORD-2025-02066,2025-02-22,2025-02-28,Standard Class,C-016,OH,North,P-010,5,429,0,2145,945
ORD-2024-02067,2024-08-04,2024-08-08,Standard Class,C-040,KY,South,P-016,7,6.99,0.1,44.04,21.64
ORD-2025-02068,2025-03-19,2025-03-22,Second Class,C-018,NC,South,P-004,7,499,0,3493,1323
ORD-2025-02069,2025-02-06,2025-02-11,Standard Class,C-011,TX,South,P-020,3,34.99,0,104.97,62.97
ORD-2025-02070,2025-12-11,2025-12-16,Standard Class,C-003,IL,North,P-019,7,68,0.05,452.2,214.2
ORD-2024-02071,2024-10-20,2024-10-24,First Class,C-009,MA,East,P-019,4,68,0,272,136
ORD-2024-02072,2024-04-24,2024-04-27,First Class,C-019,NV,West,P-004,9,499,0,4491,1701
ORD-2024-02073,2024-08-20,2024-08-26,Second Class,C-038,LA,South,P-014,1,59,0.1,53.1,25.1
ORD-2024-02074,2024-04-05,2024-04-09,Second Class,C-033,TX,South,P-001,2,1299,0.1,2338.2,818.2
ORD-2025-02075,2025-04-14,2025-04-21,Same Day,C-028,WI,North,P-019,8,68,0.2,435.2,163.2
ORD-2025-02076,2025-06-09,2025-06-16,Second Class,C-015,OR,West,P-015,11,289,0.2,2543.2,728.2
ORD-2025-02077,2025-03-11,2025-03-16,Same Day,C-026,IN,North,P-013,8,179,0,1432,672
ORD-2024-02078,2024-10-29,2024-11-05,Second Class,C-021,FL,South,P-015,8,289,0.05,2196.4,876.4
ORD-2025-02079,2025-01-27,2025-02-03,Same Day,C-034,CA,West,P-020,2,34.99,0.1,62.98,34.98
ORD-2024-02080,2024-06-27,2024-07-03,Same Day,C-021,FL,South,P-019,4,68,0.2,217.6,81.6
ORD-2024-02081,2024-11-15,2024-11-21,Second Class,C-008,MI,North,P-014,10,59,0.15,501.5,221.5
ORD-2024-02082,2024-07-05,2024-07-11,Standard Class,C-032,AB,North,P-019,11,68,0.15,635.8,261.8
ORD-2024-02083,2024-11-10,2024-11-14,First Class,C-028,WI,North,P-002,4,999,0,3996,1556
ORD-2024-02084,2024-05-01,2024-05-04,Standard Class,C-001,NY,East,P-013,4,179,0.1,644.4,264.4
ORD-2025-02085,2025-02-20,2025-02-25,Standard Class,C-006,WA,West,P-001,12,1299,0.05,14808.6,5688.6
ORD-2024-02086,2024-07-09,2024-07-10,Same Day,C-038,LA,South,P-015,11,289,0.05,3020.05,1205.05
ORD-2025-02087,2025-11-06,2025-11-12,First Class,C-004,TX,South,P-001,7,1299,0.05,8638.35,3318.35
ORD-2025-02088,2025-08-16,2025-08-17,Standard Class,C-034,CA,West,P-001,1,1299,0.1,1169.1,409.1
ORD-2024-02089,2024-05-20,2024-05-22,Second Class,C-029,TX,South,P-003,8,849,0.1,6112.8,1792.8
ORD-2025-02090,2025-12-18,2025-12-19,First Class,C-009,MA,East,P-013,1,179,0.05,170.05,75.05
ORD-2025-02091,2025-02-11,2025-02-16,First Class,C-027,OH,North,P-016,3,6.99,0.05,19.92,10.32
ORD-2024-02092,2024-04-12,2024-04-16,Standard Class,C-033,TX,South,P-004,8,499,0.05,3792.4,1312.4
ORD-2025-02093,2025-06-12,2025-06-16,First Class,C-005,AZ,West,P-007,3,119,0.1,321.3,129.3
ORD-2025-02094,2025-09-29,2025-10-02,Second Class,C-007,GA,South,P-008,6,89.99,0.2,431.95,203.95
ORD-2024-02095,2024-07-22,2024-07-29,Second Class,C-011,TX,South,P-008,1,89.99,0,89.99,51.99
ORD-2024-02096,2024-05-28,2024-06-03,Same Day,C-004,TX,South,P-014,11,59,0.1,584.1,276.1
ORD-2024-02097,2024-02-12,2024-02-14,Second Class,C-019,NV,West,P-002,12,999,0.05,11388.6,4068.6
ORD-2024-02098,2024-10-26,2024-10-28,Standard Class,C-026,IN,North,P-018,9,8.99,0,80.91,48.51
ORD-2025-02099,2025-10-01,2025-10-02,Standard Class,C-025,TN,South,P-016,12,6.99,0.15,71.3,32.9
ORD-2025-02100,2025-01-24,2025-01-30,First Class,C-026,IN,North,P-012,4,249,0,996,436
ORD-2025-02101,2025-02-07,2025-02-09,Same Day,C-018,NC,South,P-015,12,289,0,3468,1488
ORD-2025-02102,2025-03-10,2025-03-12,Same Day,C-008,MI,North,P-020,11,34.99,0,384.89,230.89
ORD-2025-02103,2025-12-02,2025-12-08,Second Class,C-014,CA,West,P-014,5,59,0.2,236,96
ORD-2025-02104,2025-07-06,2025-07-08,First Class,C-031,BC,North,P-007,4,119,0.1,428.4,172.4
ORD-2025-02105,2025-07-28,2025-08-02,Second Class,C-004,TX,South,P-006,4,49.99,0.1,179.96,95.96
ORD-2024-02106,2024-06-05,2024-06-09,Same Day,C-029,TX,South,P-011,1,559,0.05,531.05,201.05
ORD-2024-02107,2024-09-21,2024-09-28,First Class,C-021,FL,South,P-012,12,249,0.05,2838.6,1158.6
ORD-2024-02108,2024-04-16,2024-04-20,Same Day,C-024,NC,South,P-013,2,179,0,358,168
ORD-2024-02109,2024-12-16,2024-12-23,First Class,C-008,MI,North,P-012,3,249,0.2,597.6,177.6
ORD-2025-02110,2025-03-22,2025-03-26,First Class,C-026,IN,North,P-008,1,89.99,0.1,80.99,42.99
ORD-2025-02111,2025-12-31,2026-01-03,Standard Class,C-020,MO,North,P-014,2,59,0.2,94.4,38.4
ORD-2024-02112,2024-12-16,2024-12-21,Same Day,C-030,MD,East,P-009,5,199,0,995,515
ORD-2025-02113,2025-05-07,2025-05-11,Second Class,C-016,OH,North,P-012,11,249,0.1,2465.1,925.1
ORD-2025-02114,2025-09-21,2025-09-28,Standard Class,C-037,OH,North,P-020,9,34.99,0,314.91,188.91
ORD-2024-02115,2024-11-30,2024-12-01,Second Class,C-015,OR,West,P-005,5,329,0,1645,670
ORD-2024-02116,2024-02-08,2024-02-15,Standard Class,C-012,FL,South,P-013,6,179,0.1,966.6,396.6
ORD-2024-02117,2024-05-21,2024-05-26,Same Day,C-007,GA,South,P-016,12,6.99,0.05,79.69,41.29
ORD-2024-02118,2024-05-24,2024-05-29,First Class,C-011,TX,South,P-012,2,249,0.05,473.1,193.1
ORD-2024-02119,2024-11-03,2024-11-10,Second Class,C-039,OK,Central,P-004,2,499,0.1,898.2,278.2
ORD-2024-02120,2024-10-21,2024-10-24,Standard Class,C-029,TX,South,P-005,8,329,0.05,2500.4,940.4
ORD-2024-02121,2024-09-02,2024-09-08,Standard Class,C-013,ON,North,P-018,12,8.99,0.2,86.3,43.1
ORD-2025-02122,2025-10-18,2025-10-25,Second Class,C-039,OK,Central,P-016,8,6.99,0.1,50.33,24.73
ORD-2025-02123,2025-06-03,2025-06-09,Second Class,C-026,IN,North,P-010,4,429,0,1716,756
ORD-2025-02124,2025-11-04,2025-11-05,Second Class,C-039,OK,Central,P-019,2,68,0.05,129.2,61.2
ORD-2024-02125,2024-03-20,2024-03-26,Same Day,C-015,OR,West,P-020,8,34.99,0,279.92,167.92
ORD-2024-02126,2024-06-13,2024-06-18,First Class,C-026,IN,North,P-003,8,849,0,6792,2472
ORD-2024-02127,2024-09-09,2024-09-12,Second Class,C-039,OK,Central,P-003,1,849,0,849,309
ORD-2025-02128,2025-06-13,2025-06-18,Standard Class,C-009,MA,East,P-012,4,249,0.05,946.2,386.2
ORD-2025-02129,2025-11-16,2025-11-22,Same Day,C-032,AB,North,P-007,4,119,0.15,404.6,148.6
ORD-2025-02130,2025-02-08,2025-02-12,Same Day,C-033,TX,South,P-017,9,12.49,0.05,106.79,60.89
ORD-2024-02131,2024-01-28,2024-02-02,First Class,C-037,OH,North,P-006,1,49.99,0,49.99,28.99
ORD-2025-02132,2025-07-14,2025-07-16,Standard Class,C-012,FL,South,P-006,2,49.99,0.1,89.98,47.98
ORD-2025-02133,2025-07-31,2025-08-04,Standard Class,C-001,NY,East,P-003,5,849,0.2,3396,696
ORD-2025-02134,2025-06-17,2025-06-22,Same Day,C-016,OH,North,P-017,7,12.49,0,87.43,51.73
ORD-2024-02135,2024-04-07,2024-04-12,Second Class,C-029,TX,South,P-013,5,179,0.1,805.5,330.5
ORD-2024-02136,2024-07-02,2024-07-09,Standard Class,C-032,AB,North,P-002,2,999,0,1998,778
ORD-2024-02137,2024-07-30,2024-08-06,First Class,C-012,FL,South,P-020,6,34.99,0.1,188.95,104.95
ORD-2025-02138,2025-04-23,2025-04-24,Second Class,C-023,FL,South,P-001,10,1299,0.15,11041.5,3441.5
ORD-2024-02139,2024-01-04,2024-01-06,Same Day,C-029,TX,South,P-005,10,329,0.15,2796.5,846.5
ORD-2025-02140,2025-11-08,2025-11-14,First Class,C-026,IN,North,P-006,6,49.99,0.2,239.95,113.95
ORD-2024-02141,2024-07-25,2024-08-01,First Class,C-039,OK,Central,P-002,12,999,0,11988,4668
ORD-2024-02142,2024-05-07,2024-05-11,Same Day,C-016,OH,North,P-020,8,34.99,0,279.92,167.92
ORD-2024-02143,2024-02-20,2024-02-22,First Class,C-031,BC,North,P-010,1,429,0.1,386.1,146.1
ORD-2024-02144,2024-11-24,2024-11-25,Same Day,C-038,LA,South,P-012,9,249,0,2241,981
ORD-2024-02145,2024-07-14,2024-07-16,Standard Class,C-036,PA,East,P-013,3,179,0.05,510.15,225.15
ORD-2025-02146,2025-06-28,2025-07-05,Same Day,C-037,OH,North,P-011,3,559,0,1677,687
ORD-2024-02147,2024-01-29,2024-01-30,Second Class,C-022,UT,West,P-007,9,119,0,1071,495
ORD-2024-02148,2024-11-17,2024-11-19,Same Day,C-008,MI,North,P-004,11,499,0,5489,2079
ORD-2025-02149,2025-11-28,2025-12-04,First Class,C-018,NC,South,P-007,12,119,0.1,1285.2,517.2
ORD-2025-02150,2025-06-02,2025-06-09,First Class,C-022,UT,West,P-013,4,179,0.1,644.4,264.4
ORD-2024-02151,2024-01-03,2024-01-10,Same Day,C-020,MO,North,P-016,4,6.99,0,27.96,15.16
ORD-2025-02152,2025-04-17,2025-04-23,First Class,C-036,PA,East,P-018,11,8.99,0.05,93.95,54.35
ORD-2024-02153,2024-07-13,2024-07-17,First Class,C-022,UT,West,P-019,8,68,0,544,272
ORD-2024-02154,2024-06-10,2024-06-11,First Class,C-023,FL,South,P-011,11,559,0.15,5226.65,1596.65
ORD-2025-02155,2025-10-02,2025-10-06,Standard Class,C-014,CA,West,P-003,6,849,0.1,4584.6,1344.6
ORD-2024-02156,2024-12-23,2024-12-25,Same Day,C-028,WI,North,P-004,3,499,0.15,1272.45,342.45
ORD-2024-02157,2024-11-10,2024-11-14,Same Day,C-008,MI,North,P-005,9,329,0.15,2516.85,761.85
ORD-2025-02158,2025-11-21,2025-11-28,Standard Class,C-036,PA,East,P-001,12,1299,0,15588,6468
ORD-2024-02159,2024-12-16,2024-12-17,Second Class,C-010,CO,West,P-019,10,68,0.1,612,272
ORD-2025-02160,2025-12-14,2025-12-19,Same Day,C-017,TN,South,P-015,3,289,0,867,372
ORD-2025-02161,2025-05-24,2025-05-31,Standard Class,C-014,CA,West,P-010,2,429,0.1,772.2,292.2
ORD-2025-02162,2025-02-23,2025-03-01,Standard Class,C-003,IL,North,P-012,11,249,0,2739,1199
ORD-2024-02163,2024-03-16,2024-03-17,First Class,C-008,MI,North,P-012,9,249,0.1,2016.9,756.9
ORD-2024-02164,2024-05-01,2024-05-03,Standard Class,C-040,KY,South,P-018,6,8.99,0.05,51.24,29.64
ORD-2024-02165,2024-06-23,2024-06-25,First Class,C-009,MA,East,P-013,12,179,0.1,1933.2,793.2
ORD-2025-02166,2025-09-25,2025-09-28,Standard Class,C-039,OK,Central,P-003,6,849,0.2,4075.2,835.2
ORD-2025-02167,2025-06-23,2025-06-28,Second Class,C-021,FL,South,P-012,1,249,0.15,211.65,71.65
ORD-2025-02168,2025-09-26,2025-10-02,Same Day,C-027,OH,North,P-012,3,249,0.05,709.65,289.65
ORD-2025-02169,2025-02-19,2025-02-21,Second Class,C-027,OH,North,P-010,9,429,0,3861,1701
ORD-2025-02170,2025-01-08,2025-01-09,Standard Class,C-033,TX,South,P-020,5,34.99,0,174.95,104.95
ORD-2025-02171,2025-10-05,2025-10-07,First Class,C-023,FL,South,P-009,1,199,0,199,103
ORD-2025-02172,2025-01-22,2025-01-23,Same Day,C-037,OH,North,P-010,7,429,0,3003,1323
ORD-2024-02173,2024-03-01,2024-03-02,Standard Class,C-023,FL,South,P-010,8,429,0.2,2745.6,825.6
ORD-2025-02174,2025-07-17,2025-07-18,Same Day,C-025,TN,South,P-014,10,59,0.05,560.5,280.5
ORD-2024-02175,2024-04-18,2024-04-19,Same Day,C-016,OH,North,P-008,8,89.99,0.1,647.93,343.93
ORD-2024-02176,2024-10-08,2024-10-11,First Class,C-023,FL,South,P-012,8,249,0,1992,872
ORD-2025-02177,2025-09-20,2025-09-25,First Class,C-039,OK,Central,P-012,11,249,0.05,2602.05,1062.05
ORD-2025-02178,2025-10-08,2025-10-09,Second Class,C-002,CA,West,P-010,3,429,0,1287,567
ORD-2025-02179,2025-04-12,2025-04-17,First Class,C-020,MO,North,P-018,2,8.99,0.15,15.28,8.08
ORD-2025-02180,2025-03-30,2025-04-06,Second Class,C-007,GA,South,P-010,9,429,0,3861,1701
ORD-2025-02181,2025-09-17,2025-09-22,First Class,C-040,KY,South,P-017,8,12.49,0.15,84.93,44.13
ORD-2024-02182,2024-03-11,2024-03-13,Same Day,C-016,OH,North,P-006,11,49.99,0.05,522.4,291.4
ORD-2025-02183,2025-05-31,2025-06-02,First Class,C-024,NC,South,P-003,11,849,0.1,8405.1,2465.1
ORD-2025-02184,2025-10-11,2025-10-12,First Class,C-033,TX,South,P-019,9,68,0.05,581.4,275.4
ORD-2025-02185,2025-01-24,2025-01-27,Same Day,C-003,IL,North,P-014,5,59,0.2,236,96
ORD-2024-02186,2024-07-10,2024-07-14,First Class,C-025,TN,South,P-016,9,6.99,0,62.91,34.11
ORD-2024-02187,2024-08-01,2024-08-08,Second Class,C-027,OH,North,P-006,4,49.99,0.15,169.97,85.97
ORD-2024-02188,2024-05-20,2024-05-24,Second Class,C-005,AZ,West,P-019,7,68,0.1,428.4,190.4
ORD-2025-02189,2025-05-18,2025-05-25,Second Class,C-013,ON,North,P-014,8,59,0,472,248
ORD-2024-02190,2024-01-02,2024-01-07,Second Class,C-036,PA,East,P-010,10,429,0,4290,1890
ORD-2024-02191,2024-09-19,2024-09-20,Standard Class,C-022,UT,West,P-004,3,499,0,1497,567
ORD-2024-02192,2024-12-08,2024-12-10,First Class,C-005,AZ,West,P-017,2,12.49,0.05,23.73,13.53
ORD-2025-02193,2025-03-04,2025-03-09,Second Class,C-034,CA,West,P-007,11,119,0,1309,605
ORD-2025-02194,2025-10-03,2025-10-09,Standard Class,C-019,NV,West,P-020,7,34.99,0.15,208.19,110.19
ORD-2024-02195,2024-07-08,2024-07-09,First Class,C-010,CO,West,P-007,5,119,0.1,535.5,215.5
ORD-2024-02196,2024-03-13,2024-03-20,Same Day,C-010,CO,West,P-011,9,559,0.1,4527.9,1557.9
ORD-2024-02197,2024-09-14,2024-09-20,Same Day,C-009,MA,East,P-007,5,119,0.05,565.25,245.25
ORD-2025-02198,2025-07-30,2025-08-05,Standard Class,C-005,AZ,West,P-006,9,49.99,0.05,427.41,238.41
ORD-2024-02199,2024-09-14,2024-09-21,Second Class,C-036,PA,East,P-003,3,849,0.1,2292.3,672.3
ORD-2025-02200,2025-11-27,2025-12-03,Standard Class,C-012,FL,South,P-017,12,12.49,0.15,127.4,66.2
