OrderID,OrderDate,CoffeeName,Quantity,UnitPrice,TotalAmount,PaymentMethod
COF-00001,2024-11-24,"Latte",8,5.5,44,Card
COF-00002,2025-01-03,"Latte",10,5.5,55,Card
COF-00003,2024-05-13,"Latte",10,5.5,55,Card
COF-00004,2024-03-15,"Latte",7,5.5,38.5,Card
COF-00005,2024-07-05,"Latte",8,5.5,44,Card
COF-00006,2024-12-18,"Latte",6,5.5,33,Card
COF-00007,2024-06-11,"Latte",7,5.5,38.5,Card
COF-00008,2025-02-07,"Latte",10,5.5,55,Card
COF-00009,2024-08-16,"Latte",7,5.5,38.5,Card
COF-00010,2024-12-21,"Latte",4,5.5,22,Card
COF-00011,2025-02-17,"Latte",10,5.5,55,Card
COF-00012,2024-12-20,"Latte",10,5.5,55,Card
COF-00013,2024-12-15,"Latte",9,5.5,49.5,Card
COF-00014,2024-12-25,"Latte",10,5.5,55,Card
COF-00015,2024-03-13,"Latte",8,5.5,44,Card
COF-00016,2024-05-13,"Latte",3,5.5,16.5,Card
COF-00017,2024-10-11,"Latte",6,5.5,33,Card
COF-00018,2024-07-14,"Latte",9,5.5,49.5,Card
COF-00019,2024-08-22,"Latte",9,5.5,49.5,Card
COF-00020,2024-08-04,"Latte",5,5.5,27.5,Card
COF-00021,2024-09-10,"Latte",6,5.5,33,Card
COF-00022,2024-09-30,"Latte",4,5.5,22,Card
COF-00023,2025-02-21,"Latte",7,5.5,38.5,Card
COF-00024,2024-09-14,"Latte",3,5.5,16.5,Card
COF-00025,2024-04-28,"Latte",7,5.5,38.5,Card
COF-00026,2024-08-26,"Latte",9,5.5,49.5,Card
COF-00027,2024-09-23,"Latte",4,5.5,22,Card
COF-00028,2024-07-17,"Latte",4,5.5,22,Card
COF-00029,2025-01-08,"Latte",7,5.5,38.5,Card
COF-00030,2025-01-21,"Latte",5,5.5,27.5,Card
COF-00031,2025-02-01,"Latte",5,5.5,27.5,Card
COF-00032,2024-12-17,"Latte",5,5.5,27.5,Card
COF-00033,2024-10-29,"Latte",6,5.5,33,Card
COF-00034,2024-12-15,"Latte",5,5.5,27.5,Card
COF-00035,2024-12-06,"Latte",3,5.5,16.5,Card
COF-00036,2024-08-14,"Latte",4,5.5,22,Card
COF-00037,2024-09-02,"Latte",10,5.5,55,Card
COF-00038,2024-10-25,"Latte",9,5.5,49.5,Card
COF-00039,2025-02-27,"Latte",4,5.5,22,Card
COF-00040,2024-05-04,"Latte",8,5.5,44,Card
COF-00041,2024-10-19,"Latte",3,5.5,16.5,Card
COF-00042,2024-11-10,"Latte",8,5.5,44,Card
COF-00043,2024-06-03,"Latte",6,5.5,33,Card
COF-00044,2024-04-16,"Latte",9,5.5,49.5,Card
COF-00045,2024-11-23,"Latte",9,5.5,49.5,Card
COF-00046,2025-03-22,"Latte",8,5.5,44,Card
COF-00047,2024-06-06,"Latte",5,5.5,27.5,Card
COF-00048,2025-01-11,"Latte",5,5.5,27.5,Card
COF-00049,2024-04-13,"Latte",4,5.5,22,Card
COF-00050,2024-07-03,"Latte",9,5.5,49.5,Card
COF-00051,2024-06-11,"Latte",6,5.5,33,Card
COF-00052,2025-03-12,"Latte",4,5.5,22,Card
COF-00053,2024-05-31,"Latte",3,5.5,16.5,Card
COF-00054,2024-12-30,"Latte",4,5.5,22,Card
COF-00055,2024-03-27,"Latte",5,5.5,27.5,Card
COF-00056,2024-11-06,"Latte",10,5.5,55,Card
COF-00057,2024-05-02,"Latte",10,5.5,55,Card
COF-00058,2024-04-28,"Latte",10,5.5,55,Card
COF-00059,2024-06-02,"Latte",9,5.5,49.5,Card
COF-00060,2025-03-16,"Latte",7,5.5,38.5,Card
COF-00061,2024-05-20,"Latte",10,5.5,55,Card
COF-00062,2024-04-12,"Latte",9,5.5,49.5,Card
COF-00063,2024-10-24,"Latte",8,5.5,44,Card
COF-00064,2024-12-24,"Latte",8,5.5,44,Card
COF-00065,2024-11-28,"Latte",6,5.5,33,Card
COF-00066,2024-10-14,"Latte",8,5.5,44,Cash
COF-00067,2024-05-03,"Latte",6,5.5,33,Card
COF-00068,2024-07-30,"Latte",4,5.5,22,Card
COF-00069,2024-11-05,"Latte",3,5.5,16.5,Card
COF-00070,2024-07-23,"Latte",8,5.5,44,Card
COF-00071,2024-09-07,"Latte",5,5.5,27.5,Card
COF-00072,2024-03-10,"Latte",7,5.5,38.5,Card
COF-00073,2024-05-14,"Latte",10,5.5,55,Card
COF-00074,2024-12-28,"Latte",3,5.5,16.5,Card
COF-00075,2024-08-20,"Latte",6,5.5,33,Card
COF-00076,2025-03-01,"Latte",6,5.5,33,Card
COF-00077,2024-05-14,"Latte",8,5.5,44,Card
COF-00078,2024-12-09,"Latte",9,5.5,49.5,Card
COF-00079,2024-03-31,"Latte",9,5.5,49.5,Card
COF-00080,2024-12-09,"Latte",6,5.5,33,Card
COF-00081,2025-02-02,"Latte",4,5.5,22,Cash
COF-00082,2024-06-24,"Latte",5,5.5,27.5,Card
COF-00083,2024-03-18,"Latte",8,5.5,44,Card
COF-00084,2025-03-05,"Latte",6,5.5,33,Card
COF-00085,2024-09-20,"Latte",6,5.5,33,Card
COF-00086,2024-04-16,"Latte",10,5.5,55,Card
COF-00087,2024-11-25,"Latte",8,5.5,44,Card
COF-00088,2024-04-07,"Latte",4,5.5,22,Card
COF-00089,2024-06-28,"Latte",9,5.5,49.5,Card
COF-00090,2024-09-04,"Latte",10,5.5,55,Card
COF-00091,2024-09-11,"Latte",6,5.5,33,Card
COF-00092,2024-12-20,"Latte",10,5.5,55,Card
COF-00093,2024-05-16,"Latte",4,5.5,22,Card
COF-00094,2024-12-12,"Latte",10,5.5,55,Card
COF-00095,2024-09-26,"Latte",5,5.5,27.5,Card
COF-00096,2024-06-19,"Latte",4,5.5,22,Card
COF-00097,2024-10-29,"Latte",10,5.5,55,Card
COF-00098,2024-03-05,"Latte",3,5.5,16.5,Card
COF-00099,2024-04-07,"Latte",9,5.5,49.5,Card
COF-00100,2025-03-14,"Latte",10,5.5,55,Card
COF-00101,2024-03-02,"Latte",7,5.5,38.5,Card
COF-00102,2024-05-05,"Latte",6,5.5,33,Card
COF-00103,2024-06-25,"Latte",9,5.5,49.5,Card
COF-00104,2024-11-12,"Latte",10,5.5,55,Card
COF-00105,2024-11-03,"Latte",10,5.5,55,Card
COF-00106,2025-02-03,"Latte",7,5.5,38.5,Card
COF-00107,2025-01-04,"Latte",3,5.5,16.5,Card
COF-00108,2024-03-27,"Latte",9,5.5,49.5,Card
COF-00109,2025-02-07,"Latte",6,5.5,33,Card
COF-00110,2024-12-07,"Latte",8,5.5,44,Card
COF-00111,2024-12-19,"Latte",4,5.5,22,Card
COF-00112,2024-11-01,"Latte",8,5.5,44,Card
COF-00113,2024-04-01,"Latte",5,5.5,27.5,Card
COF-00114,2024-07-21,"Latte",10,5.5,55,Card
COF-00115,2025-02-25,"Latte",10,5.5,55,Card
COF-00116,2024-03-29,"Latte",6,5.5,33,Card
COF-00117,2025-03-09,"Latte",4,5.5,22,Card
COF-00118,2024-04-23,"Latte",4,5.5,22,Card
COF-00119,2025-03-10,"Latte",10,5.5,55,Card
COF-00120,2024-12-14,"Latte",5,5.5,27.5,Card
COF-00121,2024-09-07,"Latte",7,5.5,38.5,Card
COF-00122,2024-07-14,"Latte",10,5.5,55,Card
COF-00123,2024-11-12,"Latte",3,5.5,16.5,Card
COF-00124,2024-09-21,"Latte",9,5.5,49.5,Card
COF-00125,2024-04-12,"Latte",6,5.5,33,Card
COF-00126,2024-04-21,"Latte",4,5.5,22,Card
COF-00127,2025-03-12,"Latte",9,5.5,49.5,Card
COF-00128,2024-07-20,"Latte",9,5.5,49.5,Card
COF-00129,2025-03-12,"Latte",7,5.5,38.5,Card
COF-00130,2024-05-14,"Latte",8,5.5,44,Card
COF-00131,2024-10-25,"Latte",5,5.5,27.5,Card
COF-00132,2025-02-01,"Latte",10,5.5,55,Card
COF-00133,2024-07-03,"Latte",7,5.5,38.5,Card
COF-00134,2024-07-17,"Latte",6,5.5,33,Card
COF-00135,2025-01-27,"Latte",6,5.5,33,Card
COF-00136,2025-03-30,"Latte",3,5.5,16.5,Card
COF-00137,2025-03-03,"Latte",9,5.5,49.5,Card
COF-00138,2025-01-16,"Latte",9,5.5,49.5,Card
COF-00139,2025-02-08,"Latte",3,5.5,16.5,Card
COF-00140,2024-12-04,"Latte",6,5.5,33,Card
COF-00141,2024-11-02,"Latte",6,5.5,33,Card
COF-00142,2024-08-29,"Latte",10,5.5,55,Card
COF-00143,2024-04-23,"Latte",5,5.5,27.5,Card
COF-00144,2024-11-07,"Latte",9,5.5,49.5,Card
COF-00145,2025-01-26,"Latte",7,5.5,38.5,Card
COF-00146,2024-12-06,"Latte",7,5.5,38.5,Card
COF-00147,2025-03-14,"Latte",10,5.5,55,Card
COF-00148,2024-07-01,"Latte",5,5.5,27.5,Card
COF-00149,2025-03-30,"Latte",9,5.5,49.5,Card
COF-00150,2024-10-10,"Latte",10,5.5,55,Card
COF-00151,2024-10-20,"Latte",7,5.5,38.5,Card
COF-00152,2024-12-25,"Latte",8,5.5,44,Card
COF-00153,2024-03-22,"Latte",6,5.5,33,Card
COF-00154,2024-03-13,"Latte",9,5.5,49.5,Card
COF-00155,2024-05-23,"Latte",5,5.5,27.5,Cash
COF-00156,2024-05-21,"Latte",10,5.5,55,Card
COF-00157,2024-04-21,"Latte",4,5.5,22,Card
COF-00158,2024-09-04,"Latte",8,5.5,44,Card
COF-00159,2024-12-11,"Latte",5,5.5,27.5,Card
COF-00160,2024-09-03,"Latte",6,5.5,33,Card
COF-00161,2025-01-31,"Latte",7,5.5,38.5,Card
COF-00162,2025-01-06,"Latte",3,5.5,16.5,Card
COF-00163,2024-08-06,"Latte",3,5.5,16.5,Card
COF-00164,2024-08-09,"Latte",8,5.5,44,Card
COF-00165,2025-01-22,"Latte",10,5.5,55,Card
COF-00166,2025-01-15,"Latte",3,5.5,16.5,Card
COF-00167,2025-02-03,"Latte",9,5.5,49.5,Card
COF-00168,2024-08-07,"Latte",6,5.5,33,Card
COF-00169,2024-04-28,"Latte",3,5.5,16.5,Card
COF-00170,2024-12-20,"Latte",3,5.5,16.5,Card
COF-00171,2024-12-29,"Latte",7,5.5,38.5,Card
COF-00172,2024-08-02,"Latte",4,5.5,22,Card
COF-00173,2024-09-12,"Latte",6,5.5,33,Card
COF-00174,2025-01-11,"Latte",9,5.5,49.5,Card
COF-00175,2024-06-27,"Latte",8,5.5,44,Card
COF-00176,2024-09-04,"Latte",8,5.5,44,Card
COF-00177,2024-07-15,"Latte",10,5.5,55,Card
COF-00178,2024-05-30,"Latte",7,5.5,38.5,Card
COF-00179,2024-06-30,"Latte",6,5.5,33,Card
COF-00180,2024-08-30,"Latte",8,5.5,44,Card
COF-00181,2024-07-12,"Latte",8,5.5,44,Card
COF-00182,2024-08-30,"Latte",8,5.5,44,Card
COF-00183,2024-05-24,"Latte",6,5.5,33,Card
COF-00184,2025-01-12,"Latte",5,5.5,27.5,Card
COF-00185,2024-12-11,"Latte",3,5.5,16.5,Card
COF-00186,2025-03-01,"Latte",3,5.5,16.5,Card
COF-00187,2024-06-30,"Latte",8,5.5,44,Card
COF-00188,2024-03-18,"Latte",6,5.5,33,Card
COF-00189,2024-05-18,"Latte",7,5.5,38.5,Card
COF-00190,2024-06-07,"Latte",3,5.5,16.5,Card
COF-00191,2024-04-30,"Latte",3,5.5,16.5,Card
COF-00192,2024-07-05,"Latte",6,5.5,33,Card
COF-00193,2025-01-31,"Latte",9,5.5,49.5,Card
COF-00194,2024-08-23,"Latte",5,5.5,27.5,Card
COF-00195,2024-04-01,"Latte",7,5.5,38.5,Card
COF-00196,2024-10-01,"Latte",7,5.5,38.5,Card
COF-00197,2024-11-27,"Latte",6,5.5,33,Card
COF-00198,2024-08-16,"Latte",4,5.5,22,Card
COF-00199,2024-08-29,"Latte",5,5.5,27.5,Card
COF-00200,2025-03-01,"Latte",5,5.5,27.5,Card
COF-00201,2024-04-07,"Latte",10,5.5,55,Card
COF-00202,2024-03-02,"Latte",8,5.5,44,Card
COF-00203,2025-02-15,"Latte",6,5.5,33,Card
COF-00204,2025-01-26,"Latte",3,5.5,16.5,Card
COF-00205,2024-11-06,"Latte",9,5.5,49.5,Card
COF-00206,2024-06-11,"Latte",10,5.5,55,Card
COF-00207,2024-09-25,"Latte",8,5.5,44,Card
COF-00208,2024-08-13,"Latte",7,5.5,38.5,Card
COF-00209,2024-08-04,"Latte",8,5.5,44,Card
COF-00210,2025-01-20,"Latte",9,5.5,49.5,Card
COF-00211,2025-02-16,"Latte",10,5.5,55,Card
COF-00212,2025-03-22,"Latte",5,5.5,27.5,Card
COF-00213,2025-02-03,"Latte",3,5.5,16.5,Card
COF-00214,2024-07-02,"Latte",8,5.5,44,Card
COF-00215,2025-03-16,"Latte",9,5.5,49.5,Card
COF-00216,2024-03-31,"Latte",9,5.5,49.5,Card
COF-00217,2024-10-05,"Latte",4,5.5,22,Card
COF-00218,2024-08-06,"Latte",6,5.5,33,Card
COF-00219,2024-03-30,"Latte",8,5.5,44,Card
COF-00220,2024-11-16,"Latte",7,5.5,38.5,Card
COF-00221,2024-08-08,"Latte",3,5.5,16.5,Card
COF-00222,2024-08-14,"Latte",10,5.5,55,Card
COF-00223,2024-11-28,"Latte",8,5.5,44,Card
COF-00224,2024-04-16,"Latte",6,5.5,33,Card
COF-00225,2025-03-18,"Latte",4,5.5,22,Card
COF-00226,2025-03-02,"Latte",6,5.5,33,Card
COF-00227,2024-07-31,"Latte",5,5.5,27.5,Card
COF-00228,2024-10-19,"Latte",5,5.5,27.5,Card
COF-00229,2025-01-29,"Latte",6,5.5,33,Card
COF-00230,2025-03-20,"Latte",10,5.5,55,Card
COF-00231,2025-02-18,"Latte",4,5.5,22,Card
COF-00232,2025-03-19,"Latte",10,5.5,55,Card
COF-00233,2024-10-09,"Latte",7,5.5,38.5,Card
COF-00234,2024-05-05,"Latte",6,5.5,33,Card
COF-00235,2025-01-03,"Latte",6,5.5,33,Card
COF-00236,2024-08-22,"Latte",6,5.5,33,Card
COF-00237,2024-10-27,"Latte",4,5.5,22,Card
COF-00238,2024-11-28,"Latte",5,5.5,27.5,Card
COF-00239,2025-03-27,"Latte",9,5.5,49.5,Card
COF-00240,2025-02-13,"Latte",7,5.5,38.5,Card
COF-00241,2024-10-31,"Latte",8,5.5,44,Card
COF-00242,2025-01-28,"Latte",4,5.5,22,Card
COF-00243,2024-08-12,"Latte",10,5.5,55,Card
COF-00244,2024-08-10,"Latte",5,5.5,27.5,Card
COF-00245,2025-01-14,"Latte",4,5.5,22,Card
COF-00246,2025-01-10,"Latte",9,5.5,49.5,Card
COF-00247,2025-02-05,"Latte",6,5.5,33,Card
COF-00248,2024-07-18,"Latte",5,5.5,27.5,Card
COF-00249,2024-08-25,"Latte",4,5.5,22,Card
COF-00250,2024-05-12,"Latte",10,5.5,55,Card
COF-00251,2025-01-09,"Latte",8,5.5,44,Card
COF-00252,2024-08-27,"Latte",7,5.5,38.5,Card
COF-00253,2024-07-30,"Latte",10,5.5,55,Card
COF-00254,2024-10-22,"Latte",3,5.5,16.5,Card
COF-00255,2025-02-07,"Latte",4,5.5,22,Card
COF-00256,2024-06-30,"Latte",10,5.5,55,Card
COF-00257,2024-07-20,"Latte",4,5.5,22,Cash
COF-00258,2025-03-16,"Latte",3,5.5,16.5,Card
COF-00259,2024-08-05,"Latte",5,5.5,27.5,Card
COF-00260,2024-03-02,"Latte",6,5.5,33,Cash
COF-00261,2024-06-19,"Latte",4,5.5,22,Cash
COF-00262,2024-05-28,"Latte",7,5.5,38.5,Card
COF-00263,2025-03-12,"Latte",5,5.5,27.5,Card
COF-00264,2024-06-11,"Latte",6,5.5,33,Card
COF-00265,2024-11-02,"Latte",5,5.5,27.5,Card
COF-00266,2024-10-31,"Latte",6,5.5,33,Card
COF-00267,2025-03-18,"Latte",4,5.5,22,Card
COF-00268,2025-02-08,"Latte",9,5.5,49.5,Card
COF-00269,2024-04-02,"Latte",9,5.5,49.5,Card
COF-00270,2025-01-09,"Latte",3,5.5,16.5,Card
COF-00271,2024-07-03,"Latte",6,5.5,33,Card
COF-00272,2024-05-17,"Latte",5,5.5,27.5,Card
COF-00273,2024-08-13,"Latte",8,5.5,44,Card
COF-00274,2024-04-11,"Latte",5,5.5,27.5,Card
COF-00275,2024-07-30,"Latte",3,5.5,16.5,Card
COF-00276,2024-04-22,"Latte",5,5.5,27.5,Card
COF-00277,2025-01-07,"Latte",9,5.5,49.5,Card
COF-00278,2024-05-15,"Latte",3,5.5,16.5,Card
COF-00279,2024-11-30,"Latte",6,5.5,33,Card
COF-00280,2024-05-31,"Latte",4,5.5,22,Card
COF-00281,2024-03-08,"Latte",4,5.5,22,Card
COF-00282,2024-08-01,"Latte",10,5.5,55,Card
COF-00283,2024-07-10,"Latte",6,5.5,33,Card
COF-00284,2024-10-20,"Latte",4,5.5,22,Card
COF-00285,2024-10-17,"Latte",9,5.5,49.5,Card
COF-00286,2025-01-10,"Latte",6,5.5,33,Card
COF-00287,2024-03-05,"Latte",10,5.5,55,Card
COF-00288,2025-02-24,"Latte",3,5.5,16.5,Card
COF-00289,2024-09-16,"Latte",3,5.5,16.5,Card
COF-00290,2024-06-24,"Latte",7,5.5,38.5,Card
COF-00291,2024-07-31,"Latte",4,5.5,22,Card
COF-00292,2025-01-10,"Latte",3,5.5,16.5,Card
COF-00293,2024-05-30,"Latte",10,5.5,55,Card
COF-00294,2024-12-18,"Latte",9,5.5,49.5,Card
COF-00295,2025-01-12,"Latte",4,5.5,22,Card
COF-00296,2025-03-09,"Latte",7,5.5,38.5,Card
COF-00297,2024-09-01,"Latte",10,5.5,55,Card
COF-00298,2024-11-24,"Latte",4,5.5,22,Card
COF-00299,2024-06-24,"Latte",3,5.5,16.5,Card
COF-00300,2024-03-11,"Latte",10,5.5,55,Card
COF-00301,2024-12-01,"Latte",3,5.5,16.5,Card
COF-00302,2024-03-17,"Latte",4,5.5,22,Cash
COF-00303,2024-07-10,"Latte",9,5.5,49.5,Card
COF-00304,2024-10-18,"Latte",7,5.5,38.5,Card
COF-00305,2024-10-15,"Latte",5,5.5,27.5,Card
COF-00306,2024-10-17,"Latte",3,5.5,16.5,Card
COF-00307,2024-12-01,"Latte",7,5.5,38.5,Card
COF-00308,2024-05-05,"Latte",9,5.5,49.5,Card
COF-00309,2025-03-27,"Latte",8,5.5,44,Card
COF-00310,2024-07-02,"Latte",7,5.5,38.5,Card
COF-00311,2024-03-19,"Latte",4,5.5,22,Card
COF-00312,2024-07-10,"Latte",3,5.5,16.5,Card
COF-00313,2025-03-26,"Latte",9,5.5,49.5,Card
COF-00314,2024-10-11,"Latte",7,5.5,38.5,Card
COF-00315,2024-08-07,"Latte",10,5.5,55,Card
COF-00316,2024-08-18,"Latte",3,5.5,16.5,Card
COF-00317,2024-03-20,"Latte",8,5.5,44,Card
COF-00318,2024-07-18,"Latte",5,5.5,27.5,Card
COF-00319,2024-06-29,"Latte",7,5.5,38.5,Card
COF-00320,2024-07-05,"Latte",3,5.5,16.5,Card
COF-00321,2024-03-19,"Latte",3,5.5,16.5,Card
COF-00322,2025-01-09,"Latte",7,5.5,38.5,Card
COF-00323,2024-07-28,"Latte",4,5.5,22,Card
COF-00324,2024-07-31,"Latte",7,5.5,38.5,Card
COF-00325,2025-01-14,"Latte",4,5.5,22,Card
COF-00326,2024-12-01,"Latte",9,5.5,49.5,Card
COF-00327,2024-06-18,"Latte",7,5.5,38.5,Card
COF-00328,2024-03-09,"Latte",5,5.5,27.5,Card
COF-00329,2025-03-24,"Latte",8,5.5,44,Card
COF-00330,2025-01-07,"Latte",3,5.5,16.5,Card
COF-00331,2024-10-02,"Latte",8,5.5,44,Card
COF-00332,2024-09-13,"Latte",7,5.5,38.5,Card
COF-00333,2024-10-02,"Latte",7,5.5,38.5,Card
COF-00334,2025-03-17,"Latte",3,5.5,16.5,Card
COF-00335,2024-12-09,"Latte",8,5.5,44,Card
COF-00336,2024-11-13,"Latte",7,5.5,38.5,Card
COF-00337,2024-07-27,"Latte",7,5.5,38.5,Card
COF-00338,2024-06-18,"Latte",3,5.5,16.5,Card
COF-00339,2025-02-18,"Latte",3,5.5,16.5,Card
COF-00340,2024-09-08,"Latte",9,5.5,49.5,Card
COF-00341,2024-09-13,"Latte",7,5.5,38.5,Card
COF-00342,2024-12-11,"Latte",9,5.5,49.5,Card
COF-00343,2024-11-09,"Latte",5,5.5,27.5,Card
COF-00344,2024-07-22,"Latte",4,5.5,22,Card
COF-00345,2024-10-23,"Latte",5,5.5,27.5,Card
COF-00346,2024-12-22,"Latte",5,5.5,27.5,Card
COF-00347,2024-11-25,"Latte",5,5.5,27.5,Card
COF-00348,2024-11-21,"Latte",6,5.5,33,Card
COF-00349,2024-12-18,"Latte",5,5.5,27.5,Card
COF-00350,2024-05-26,"Latte",7,5.5,38.5,Card
COF-00351,2025-01-22,"Latte",3,5.5,16.5,Card
COF-00352,2024-09-14,"Latte",6,5.5,33,Card
COF-00353,2024-11-08,"Latte",10,5.5,55,Card
COF-00354,2024-05-15,"Latte",3,5.5,16.5,Card
COF-00355,2024-10-22,"Latte",3,5.5,16.5,Card
COF-00356,2024-10-31,"Latte",8,5.5,44,Card
COF-00357,2025-03-25,"Latte",4,5.5,22,Card
COF-00358,2024-05-03,"Latte",9,5.5,49.5,Card
COF-00359,2024-11-30,"Latte",9,5.5,49.5,Card
COF-00360,2025-01-11,"Latte",10,5.5,55,Card
COF-00361,2024-06-28,"Latte",6,5.5,33,Card
COF-00362,2024-04-14,"Latte",7,5.5,38.5,Card
COF-00363,2024-07-21,"Latte",3,5.5,16.5,Card
COF-00364,2024-03-17,"Latte",3,5.5,16.5,Card
COF-00365,2025-01-02,"Latte",6,5.5,33,Card
COF-00366,2025-02-28,"Latte",3,5.5,16.5,Card
COF-00367,2025-03-17,"Latte",3,5.5,16.5,Card
COF-00368,2025-02-18,"Latte",4,5.5,22,Card
COF-00369,2025-01-02,"Latte",8,5.5,44,Card
COF-00370,2024-07-01,"Latte",9,5.5,49.5,Card
COF-00371,2024-06-24,"Latte",9,5.5,49.5,Cash
COF-00372,2024-06-07,"Latte",10,5.5,55,Card
COF-00373,2024-09-22,"Latte",6,5.5,33,Card
COF-00374,2024-07-23,"Latte",5,5.5,27.5,Card
COF-00375,2025-02-13,"Latte",10,5.5,55,Card
COF-00376,2024-08-09,"Latte",6,5.5,33,Card
COF-00377,2024-05-04,"Latte",9,5.5,49.5,Card
COF-00378,2024-12-31,"Latte",9,5.5,49.5,Card
COF-00379,2025-03-24,"Latte",6,5.5,33,Card
COF-00380,2024-06-09,"Latte",5,5.5,27.5,Card
COF-00381,2025-01-24,"Latte",3,5.5,16.5,Card
COF-00382,2024-05-21,"Latte",9,5.5,49.5,Card
COF-00383,2024-06-28,"Latte",7,5.5,38.5,Card
COF-00384,2024-12-16,"Latte",6,5.5,33,Card
COF-00385,2025-03-01,"Latte",7,5.5,38.5,Card
COF-00386,2024-03-06,"Latte",3,5.5,16.5,Card
COF-00387,2024-08-15,"Latte",5,5.5,27.5,Card
COF-00388,2025-03-11,"Latte",4,5.5,22,Card
COF-00389,2025-02-16,"Latte",7,5.5,38.5,Cash
COF-00390,2024-04-28,"Latte",5,5.5,27.5,Card
COF-00391,2024-08-06,"Latte",5,5.5,27.5,Card
COF-00392,2024-10-29,"Latte",7,5.5,38.5,Card
COF-00393,2024-06-21,"Latte",8,5.5,44,Card
COF-00394,2024-12-27,"Latte",3,5.5,16.5,Card
COF-00395,2024-12-06,"Latte",6,5.5,33,Card
COF-00396,2024-05-01,"Latte",9,5.5,49.5,Card
COF-00397,2024-03-01,"Latte",10,5.5,55,Card
COF-00398,2025-02-18,"Latte",9,5.5,49.5,Card
COF-00399,2024-10-17,"Latte",10,5.5,55,Card
COF-00400,2024-06-12,"Latte",5,5.5,27.5,Card
COF-00401,2024-06-15,"Latte",4,5.5,22,Card
COF-00402,2024-04-16,"Latte",5,5.5,27.5,Card
COF-00403,2024-08-26,"Latte",5,5.5,27.5,Card
COF-00404,2024-11-15,"Latte",8,5.5,44,Card
COF-00405,2024-04-10,"Latte",8,5.5,44,Card
COF-00406,2024-08-17,"Latte",4,5.5,22,Card
COF-00407,2024-11-17,"Latte",8,5.5,44,Card
COF-00408,2024-12-28,"Latte",4,5.5,22,Card
COF-00409,2024-04-06,"Latte",7,5.5,38.5,Card
COF-00410,2024-05-10,"Latte",3,5.5,16.5,Card
COF-00411,2024-06-28,"Latte",3,5.5,16.5,Card
COF-00412,2025-03-16,"Latte",6,5.5,33,Card
COF-00413,2024-10-23,"Latte",7,5.5,38.5,Card
COF-00414,2024-06-02,"Latte",8,5.5,44,Card
COF-00415,2024-05-07,"Latte",5,5.5,27.5,Card
COF-00416,2024-03-23,"Latte",9,5.5,49.5,Card
COF-00417,2024-12-06,"Latte",4,5.5,22,Card
COF-00418,2024-05-13,"Latte",7,5.5,38.5,Card
COF-00419,2024-10-07,"Latte",7,5.5,38.5,Cash
COF-00420,2025-03-16,"Latte",3,5.5,16.5,Card
COF-00421,2024-12-03,"Latte",5,5.5,27.5,Card
COF-00422,2024-08-14,"Latte",5,5.5,27.5,Card
COF-00423,2025-03-21,"Latte",4,5.5,22,Card
COF-00424,2024-06-30,"Latte",9,5.5,49.5,Card
COF-00425,2024-11-03,"Latte",6,5.5,33,Card
COF-00426,2024-04-25,"Latte",7,5.5,38.5,Card
COF-00427,2024-03-25,"Latte",3,5.5,16.5,Card
COF-00428,2024-06-13,"Latte",6,5.5,33,Card
COF-00429,2025-03-31,"Latte",3,5.5,16.5,Card
COF-00430,2025-01-04,"Latte",6,5.5,33,Card
COF-00431,2025-03-11,"Latte",8,5.5,44,Card
COF-00432,2024-06-13,"Latte",7,5.5,38.5,Card
COF-00433,2024-06-07,"Latte",8,5.5,44,Card
COF-00434,2024-09-27,"Latte",3,5.5,16.5,Card
COF-00435,2025-03-31,"Latte",6,5.5,33,Card
COF-00436,2025-03-31,"Latte",7,5.5,38.5,Card
COF-00437,2024-10-06,"Latte",6,5.5,33,Card
COF-00438,2024-05-20,"Latte",10,5.5,55,Card
COF-00439,2024-04-17,"Latte",6,5.5,33,Card
COF-00440,2024-08-10,"Latte",6,5.5,33,Card
COF-00441,2024-06-21,"Latte",4,5.5,22,Card
COF-00442,2024-05-12,"Latte",5,5.5,27.5,Card
COF-00443,2024-04-03,"Latte",5,5.5,27.5,Card
COF-00444,2024-10-22,"Latte",10,5.5,55,Card
COF-00445,2025-01-16,"Latte",7,5.5,38.5,Card
COF-00446,2024-03-23,"Latte",5,5.5,27.5,Card
COF-00447,2024-10-05,"Latte",3,5.5,16.5,Card
COF-00448,2024-06-07,"Latte",4,5.5,22,Card
COF-00449,2024-03-30,"Latte",8,5.5,44,Card
COF-00450,2024-10-12,"Latte",4,5.5,22,Card
COF-00451,2024-11-06,"Latte",9,5.5,49.5,Card
COF-00452,2024-12-23,"Latte",4,5.5,22,Card
COF-00453,2025-02-27,"Latte",9,5.5,49.5,Card
COF-00454,2024-04-19,"Latte",10,5.5,55,Card
COF-00455,2024-06-21,"Latte",10,5.5,55,Card
COF-00456,2024-03-27,"Latte",6,5.5,33,Card
COF-00457,2024-03-18,"Latte",3,5.5,16.5,Card
COF-00458,2024-12-16,"Latte",9,5.5,49.5,Card
COF-00459,2024-11-27,"Latte",3,5.5,16.5,Card
COF-00460,2024-12-22,"Latte",3,5.5,16.5,Card
COF-00461,2024-08-29,"Latte",7,5.5,38.5,Card
COF-00462,2025-01-09,"Latte",10,5.5,55,Card
COF-00463,2024-09-21,"Latte",3,5.5,16.5,Card
COF-00464,2024-03-23,"Latte",4,5.5,22,Card
COF-00465,2024-03-11,"Latte",6,5.5,33,Card
COF-00466,2024-07-18,"Latte",10,5.5,55,Card
COF-00467,2024-08-30,"Latte",3,5.5,16.5,Card
COF-00468,2024-07-24,"Latte",7,5.5,38.5,Card
COF-00469,2025-02-28,"Latte",10,5.5,55,Card
COF-00470,2025-02-22,"Latte",3,5.5,16.5,Card
COF-00471,2025-03-02,"Latte",4,5.5,22,Card
COF-00472,2024-08-19,"Latte",8,5.5,44,Card
COF-00473,2025-03-24,"Latte",6,5.5,33,Card
COF-00474,2024-09-06,"Latte",7,5.5,38.5,Card
COF-00475,2024-04-05,"Latte",10,5.5,55,Card
COF-00476,2024-12-14,"Latte",8,5.5,44,Card
COF-00477,2024-07-11,"Latte",5,5.5,27.5,Card
COF-00478,2024-12-02,"Latte",5,5.5,27.5,Card
COF-00479,2024-06-10,"Latte",3,5.5,16.5,Card
COF-00480,2024-04-25,"Latte",9,5.5,49.5,Card
COF-00481,2024-03-27,"Latte",7,5.5,38.5,Card
COF-00482,2024-03-27,"Latte",4,5.5,22,Card
COF-00483,2024-12-18,"Latte",7,5.5,38.5,Card
COF-00484,2024-11-29,"Latte",5,5.5,27.5,Card
COF-00485,2024-06-15,"Latte",10,5.5,55,Card
COF-00486,2024-03-11,"Latte",5,5.5,27.5,Card
COF-00487,2024-04-30,"Latte",4,5.5,22,Card
COF-00488,2024-10-05,"Latte",7,5.5,38.5,Card
COF-00489,2024-04-26,"Latte",4,5.5,22,Card
COF-00490,2024-10-27,"Latte",4,5.5,22,Card
COF-00491,2024-08-08,"Latte",9,5.5,49.5,Card
COF-00492,2025-03-05,"Latte",6,5.5,33,Card
COF-00493,2024-07-11,"Latte",3,5.5,16.5,Card
COF-00494,2025-03-15,"Latte",10,5.5,55,Card
COF-00495,2024-11-22,"Latte",8,5.5,44,Card
COF-00496,2024-10-23,"Latte",6,5.5,33,Card
COF-00497,2024-11-10,"Latte",4,5.5,22,Card
COF-00498,2024-08-26,"Latte",10,5.5,55,Card
COF-00499,2025-02-09,"Latte",7,5.5,38.5,Card
COF-00500,2024-06-11,"Latte",10,5.5,55,Card
COF-00501,2024-04-03,"Latte",4,5.5,22,Card
COF-00502,2024-05-12,"Latte",5,5.5,27.5,Card
COF-00503,2025-02-03,"Latte",5,5.5,27.5,Card
COF-00504,2024-09-22,"Latte",8,5.5,44,Card
COF-00505,2024-11-27,"Latte",4,5.5,22,Card
COF-00506,2024-03-30,"Latte",10,5.5,55,Card
COF-00507,2025-01-02,"Latte",7,5.5,38.5,Card
COF-00508,2024-10-16,"Latte",10,5.5,55,Card
COF-00509,2024-12-28,"Latte",10,5.5,55,Card
COF-00510,2025-03-05,"Latte",3,5.5,16.5,Card
COF-00511,2025-02-20,"Latte",3,5.5,16.5,Card
COF-00512,2025-03-11,"Latte",9,5.5,49.5,Card
COF-00513,2024-12-03,"Latte",6,5.5,33,Card
COF-00514,2024-08-17,"Latte",8,5.5,44,Card
COF-00515,2024-12-15,"Latte",3,5.5,16.5,Card
COF-00516,2024-10-08,"Latte",9,5.5,49.5,Card
COF-00517,2024-09-06,"Latte",9,5.5,49.5,Card
COF-00518,2024-04-13,"Latte",6,5.5,33,Card
COF-00519,2024-04-12,"Latte",7,5.5,38.5,Card
COF-00520,2024-09-02,"Latte",6,5.5,33,Card
COF-00521,2024-11-24,"Latte",10,5.5,55,Card
COF-00522,2024-11-24,"Latte",7,5.5,38.5,Card
COF-00523,2024-05-01,"Latte",8,5.5,44,Card
COF-00524,2024-07-16,"Latte",6,5.5,33,Card
COF-00525,2024-10-13,"Latte",5,5.5,27.5,Card
COF-00526,2024-12-04,"Latte",9,5.5,49.5,Card
COF-00527,2024-08-10,"Latte",4,5.5,22,Card
COF-00528,2024-03-23,"Latte",6,5.5,33,Card
COF-00529,2024-06-12,"Latte",9,5.5,49.5,Card
COF-00530,2024-12-12,"Latte",9,5.5,49.5,Card
COF-00531,2024-11-29,"Latte",4,5.5,22,Card
COF-00532,2024-03-11,"Latte",9,5.5,49.5,Card
COF-00533,2025-01-19,"Latte",3,5.5,16.5,Card
COF-00534,2025-03-01,"Latte",6,5.5,33,Card
COF-00535,2024-09-05,"Latte",4,5.5,22,Card
COF-00536,2024-06-06,"Latte",7,5.5,38.5,Card
COF-00537,2024-10-12,"Latte",6,5.5,33,Card
COF-00538,2024-07-07,"Latte",3,5.5,16.5,Card
COF-00539,2024-04-24,"Latte",7,5.5,38.5,Card
COF-00540,2024-03-06,"Latte",6,5.5,33,Card
COF-00541,2024-03-10,"Latte",6,5.5,33,Card
COF-00542,2025-03-12,"Latte",8,5.5,44,Card
COF-00543,2024-07-04,"Latte",7,5.5,38.5,Card
COF-00544,2025-03-28,"Latte",10,5.5,55,Card
COF-00545,2024-07-12,"Latte",6,5.5,33,Card
COF-00546,2024-05-05,"Latte",7,5.5,38.5,Card
COF-00547,2025-01-27,"Latte",3,5.5,16.5,Card
COF-00548,2024-08-28,"Latte",4,5.5,22,Card
COF-00549,2024-12-06,"Latte",5,5.5,27.5,Card
COF-00550,2025-02-04,"Latte",10,5.5,55,Card
COF-00551,2024-07-16,"Latte",9,5.5,49.5,Card
COF-00552,2024-11-23,"Latte",10,5.5,55,Card
COF-00553,2024-04-21,"Latte",7,5.5,38.5,Card
COF-00554,2024-06-19,"Latte",10,5.5,55,Card
COF-00555,2024-10-01,"Latte",7,5.5,38.5,Card
COF-00556,2025-02-06,"Latte",10,5.5,55,Card
COF-00557,2024-08-10,"Latte",10,5.5,55,Card
COF-00558,2024-04-27,"Latte",4,5.5,22,Card
COF-00559,2024-10-15,"Latte",7,5.5,38.5,Card
COF-00560,2024-08-29,"Latte",4,5.5,22,Card
COF-00561,2025-03-19,"Latte",6,5.5,33,Card
COF-00562,2024-08-31,"Latte",8,5.5,44,Card
COF-00563,2024-05-02,"Latte",8,5.5,44,Card
COF-00564,2025-01-24,"Latte",3,5.5,16.5,Card
COF-00565,2025-01-30,"Latte",7,5.5,38.5,Card
COF-00566,2024-06-12,"Latte",10,5.5,55,Card
COF-00567,2025-02-28,"Latte",9,5.5,49.5,Card
COF-00568,2024-10-26,"Latte",6,5.5,33,Card
COF-00569,2024-04-06,"Latte",4,5.5,22,Card
COF-00570,2024-06-01,"Latte",3,5.5,16.5,Card
COF-00571,2024-11-29,"Latte",8,5.5,44,Card
COF-00572,2024-05-12,"Latte",5,5.5,27.5,Card
COF-00573,2024-07-11,"Latte",3,5.5,16.5,Card
COF-00574,2024-08-21,"Latte",8,5.5,44,Card
COF-00575,2025-03-25,"Latte",7,5.5,38.5,Card
COF-00576,2025-03-25,"Latte",5,5.5,27.5,Card
COF-00577,2024-07-03,"Latte",5,5.5,27.5,Card
COF-00578,2024-12-05,"Latte",7,5.5,38.5,Card
COF-00579,2025-02-24,"Latte",5,5.5,27.5,Cash
COF-00580,2024-12-19,"Latte",5,5.5,27.5,Card
COF-00581,2024-08-26,"Latte",10,5.5,55,Card
COF-00582,2024-06-10,"Latte",4,5.5,22,Card
COF-00583,2025-01-01,"Latte",8,5.5,44,Card
COF-00584,2024-10-31,"Latte",10,5.5,55,Card
COF-00585,2024-11-09,"Latte",6,5.5,33,Card
COF-00586,2024-03-23,"Latte",7,5.5,38.5,Card
COF-00587,2025-03-22,"Latte",3,5.5,16.5,Card
COF-00588,2024-03-07,"Latte",10,5.5,55,Card
COF-00589,2024-11-23,"Latte",10,5.5,55,Card
COF-00590,2025-02-12,"Latte",5,5.5,27.5,Card
COF-00591,2024-08-31,"Latte",7,5.5,38.5,Card
COF-00592,2024-09-09,"Latte",10,5.5,55,Card
COF-00593,2024-12-27,"Latte",8,5.5,44,Card
COF-00594,2024-10-14,"Latte",4,5.5,22,Card
COF-00595,2024-07-23,"Latte",8,5.5,44,Card
COF-00596,2025-01-19,"Latte",3,5.5,16.5,Card
COF-00597,2024-06-14,"Latte",9,5.5,49.5,Card
COF-00598,2024-04-22,"Latte",9,5.5,49.5,Card
COF-00599,2024-10-02,"Latte",6,5.5,33,Cash
COF-00600,2025-01-03,"Latte",7,5.5,38.5,Card
COF-00601,2024-06-01,"Latte",10,5.5,55,Card
COF-00602,2024-06-27,"Latte",4,5.5,22,Card
COF-00603,2024-04-21,"Latte",4,5.5,22,Card
COF-00604,2024-07-18,"Latte",5,5.5,27.5,Card
COF-00605,2024-08-21,"Latte",6,5.5,33,Card
COF-00606,2024-06-14,"Latte",8,5.5,44,Card
COF-00607,2024-08-03,"Latte",9,5.5,49.5,Card
COF-00608,2024-03-30,"Latte",7,5.5,38.5,Card
COF-00609,2024-05-23,"Latte",5,5.5,27.5,Card
COF-00610,2024-08-22,"Latte",10,5.5,55,Card
COF-00611,2025-01-02,"Latte",10,5.5,55,Card
COF-00612,2024-06-19,"Latte",5,5.5,27.5,Card
COF-00613,2024-06-05,"Latte",3,5.5,16.5,Card
COF-00614,2024-03-24,"Latte",8,5.5,44,Card
COF-00615,2024-10-09,"Latte",10,5.5,55,Card
COF-00616,2025-01-28,"Latte",8,5.5,44,Card
COF-00617,2024-07-24,"Latte",5,5.5,27.5,Card
COF-00618,2025-01-05,"Latte",6,5.5,33,Card
COF-00619,2024-06-02,"Latte",4,5.5,22,Card
COF-00620,2025-03-20,"Latte",3,5.5,16.5,Card
COF-00621,2024-09-16,"Latte",8,5.5,44,Card
COF-00622,2025-03-08,"Latte",7,5.5,38.5,Card
COF-00623,2024-12-21,"Latte",4,5.5,22,Card
COF-00624,2024-10-17,"Latte",3,5.5,16.5,Card
COF-00625,2024-11-25,"Latte",5,5.5,27.5,Card
COF-00626,2024-03-04,"Latte",7,5.5,38.5,Card
COF-00627,2025-02-06,"Latte",5,5.5,27.5,Card
COF-00628,2024-08-30,"Latte",3,5.5,16.5,Card
COF-00629,2025-01-01,"Latte",10,5.5,55,Card
COF-00630,2024-08-16,"Latte",3,5.5,16.5,Card
COF-00631,2024-03-16,"Latte",5,5.5,27.5,Card
COF-00632,2024-12-10,"Latte",7,5.5,38.5,Cash
COF-00633,2024-12-01,"Latte",7,5.5,38.5,Card
COF-00634,2024-06-03,"Latte",3,5.5,16.5,Card
COF-00635,2024-07-01,"Latte",9,5.5,49.5,Card
COF-00636,2024-05-17,"Latte",3,5.5,16.5,Card
COF-00637,2024-10-07,"Latte",4,5.5,22,Card
COF-00638,2024-10-14,"Latte",3,5.5,16.5,Card
COF-00639,2024-05-15,"Latte",3,5.5,16.5,Card
COF-00640,2024-10-04,"Latte",4,5.5,22,Card
COF-00641,2024-12-11,"Latte",5,5.5,27.5,Card
COF-00642,2025-02-09,"Latte",7,5.5,38.5,Card
COF-00643,2024-10-27,"Latte",10,5.5,55,Card
COF-00644,2024-05-05,"Latte",5,5.5,27.5,Card
COF-00645,2024-07-23,"Latte",8,5.5,44,Card
COF-00646,2024-04-07,"Latte",4,5.5,22,Card
COF-00647,2024-08-10,"Latte",7,5.5,38.5,Card
COF-00648,2024-10-01,"Latte",9,5.5,49.5,Card
COF-00649,2024-10-01,"Latte",6,5.5,33,Card
COF-00650,2024-06-09,"Latte",7,5.5,38.5,Card
COF-00651,2024-07-31,"Latte",4,5.5,22,Card
COF-00652,2024-12-25,"Latte",7,5.5,38.5,Card
COF-00653,2024-08-16,"Latte",6,5.5,33,Card
COF-00654,2024-09-15,"Latte",7,5.5,38.5,Card
COF-00655,2024-06-18,"Latte",6,5.5,33,Card
COF-00656,2024-12-23,"Latte",4,5.5,22,Card
COF-00657,2024-08-26,"Latte",3,5.5,16.5,Card
COF-00658,2024-07-09,"Latte",4,5.5,22,Card
COF-00659,2024-11-29,"Latte",4,5.5,22,Card
COF-00660,2024-06-26,"Latte",5,5.5,27.5,Card
COF-00661,2024-10-17,"Latte",5,5.5,27.5,Card
COF-00662,2024-06-13,"Latte",9,5.5,49.5,Card
COF-00663,2024-08-22,"Latte",7,5.5,38.5,Card
COF-00664,2024-09-13,"Latte",8,5.5,44,Card
COF-00665,2024-03-17,"Latte",10,5.5,55,Card
COF-00666,2024-12-22,"Latte",5,5.5,27.5,Card
COF-00667,2025-02-21,"Latte",9,5.5,49.5,Card
COF-00668,2024-11-29,"Latte",9,5.5,49.5,Card
COF-00669,2024-11-02,"Latte",3,5.5,16.5,Cash
COF-00670,2025-02-05,"Latte",3,5.5,16.5,Card
COF-00671,2024-07-06,"Latte",4,5.5,22,Card
COF-00672,2024-05-07,"Latte",10,5.5,55,Card
COF-00673,2024-12-05,"Latte",3,5.5,16.5,Card
COF-00674,2024-12-22,"Latte",5,5.5,27.5,Card
COF-00675,2024-07-25,"Latte",10,5.5,55,Card
COF-00676,2024-05-09,"Latte",5,5.5,27.5,Card
COF-00677,2024-10-24,"Latte",10,5.5,55,Card
COF-00678,2025-03-22,"Latte",6,5.5,33,Card
COF-00679,2025-01-19,"Latte",10,5.5,55,Card
COF-00680,2024-03-01,"Latte",8,5.5,44,Card
COF-00681,2024-05-01,"Latte",7,5.5,38.5,Card
COF-00682,2024-12-30,"Latte",4,5.5,22,Card
COF-00683,2024-10-28,"Latte",9,5.5,49.5,Card
COF-00684,2024-12-24,"Latte",3,5.5,16.5,Card
COF-00685,2025-02-06,"Latte",4,5.5,22,Card
COF-00686,2024-11-14,"Latte",5,5.5,27.5,Card
COF-00687,2024-03-05,"Latte",6,5.5,33,Card
COF-00688,2025-01-04,"Latte",5,5.5,27.5,Card
COF-00689,2024-08-17,"Latte",5,5.5,27.5,Card
COF-00690,2024-10-11,"Latte",5,5.5,27.5,Card
COF-00691,2024-11-26,"Latte",8,5.5,44,Card
COF-00692,2025-02-15,"Latte",7,5.5,38.5,Card
COF-00693,2024-03-25,"Latte",7,5.5,38.5,Card
COF-00694,2025-02-12,"Latte",7,5.5,38.5,Card
COF-00695,2024-06-04,"Latte",9,5.5,49.5,Card
COF-00696,2024-11-15,"Latte",3,5.5,16.5,Card
COF-00697,2024-03-24,"Latte",4,5.5,22,Card
COF-00698,2024-12-05,"Latte",10,5.5,55,Card
COF-00699,2025-03-16,"Latte",6,5.5,33,Card
COF-00700,2024-08-13,"Latte",5,5.5,27.5,Card
COF-00701,2025-01-16,"Latte",3,5.5,16.5,Card
COF-00702,2025-03-15,"Latte",3,5.5,16.5,Card
COF-00703,2025-02-15,"Latte",10,5.5,55,Card
COF-00704,2024-12-23,"Latte",7,5.5,38.5,Card
COF-00705,2024-03-26,"Latte",4,5.5,22,Card
COF-00706,2024-07-17,"Latte",7,5.5,38.5,Card
COF-00707,2024-05-29,"Latte",9,5.5,49.5,Card
COF-00708,2024-09-11,"Latte",7,5.5,38.5,Card
COF-00709,2024-08-29,"Latte",10,5.5,55,Card
COF-00710,2024-05-08,"Latte",10,5.5,55,Card
COF-00711,2024-08-11,"Latte",8,5.5,44,Card
COF-00712,2025-03-15,"Latte",3,5.5,16.5,Card
COF-00713,2025-02-18,"Latte",5,5.5,27.5,Card
COF-00714,2024-10-07,"Latte",9,5.5,49.5,Card
COF-00715,2024-11-24,"Latte",5,5.5,27.5,Card
COF-00716,2025-02-01,"Latte",8,5.5,44,Card
COF-00717,2024-07-03,"Latte",7,5.5,38.5,Card
COF-00718,2025-02-20,"Latte",4,5.5,22,Card
COF-00719,2024-10-20,"Latte",5,5.5,27.5,Card
COF-00720,2024-07-12,"Latte",7,5.5,38.5,Card
COF-00721,2024-11-03,"Latte",8,5.5,44,Card
COF-00722,2024-07-15,"Latte",5,5.5,27.5,Card
COF-00723,2024-08-29,"Latte",3,5.5,16.5,Card
COF-00724,2024-07-21,"Latte",6,5.5,33,Card
COF-00725,2024-11-10,"Latte",8,5.5,44,Cash
COF-00726,2024-04-10,"Latte",9,5.5,49.5,Card
COF-00727,2024-10-28,"Latte",7,5.5,38.5,Card
COF-00728,2025-02-03,"Latte",9,5.5,49.5,Card
COF-00729,2024-07-30,"Latte",7,5.5,38.5,Card
COF-00730,2024-11-29,"Latte",5,5.5,27.5,Card
COF-00731,2025-03-26,"Latte",7,5.5,38.5,Card
COF-00732,2024-11-25,"Latte",10,5.5,55,Card
COF-00733,2024-04-02,"Latte",5,5.5,27.5,Card
COF-00734,2024-11-03,"Latte",6,5.5,33,Card
COF-00735,2025-01-09,"Latte",10,5.5,55,Card
COF-00736,2024-10-15,"Latte",5,5.5,27.5,Card
COF-00737,2024-10-11,"Latte",6,5.5,33,Card
COF-00738,2024-07-11,"Latte",8,5.5,44,Card
COF-00739,2024-12-25,"Latte",9,5.5,49.5,Card
COF-00740,2024-12-17,"Latte",10,5.5,55,Card
COF-00741,2024-09-12,"Latte",9,5.5,49.5,Card
COF-00742,2024-07-04,"Latte",5,5.5,27.5,Card
COF-00743,2024-09-06,"Latte",10,5.5,55,Card
COF-00744,2025-03-13,"Latte",3,5.5,16.5,Card
COF-00745,2024-06-01,"Latte",10,5.5,55,Card
COF-00746,2025-01-12,"Latte",3,5.5,16.5,Card
COF-00747,2024-05-02,"Latte",9,5.5,49.5,Card
COF-00748,2025-03-05,"Latte",4,5.5,22,Card
COF-00749,2024-06-03,"Latte",8,5.5,44,Card
COF-00750,2025-02-13,"Latte",10,5.5,55,Card
COF-00751,2024-05-16,"Latte",5,5.5,27.5,Card
COF-00752,2024-04-25,"Latte",4,5.5,22,Card
COF-00753,2025-01-11,"Latte",6,5.5,33,Card
COF-00754,2024-06-13,"Latte",3,5.5,16.5,Card
COF-00755,2025-01-05,"Latte",7,5.5,38.5,Card
COF-00756,2024-03-13,"Latte",3,5.5,16.5,Card
COF-00757,2024-11-28,"Latte",10,5.5,55,Card
COF-00758,2025-03-15,"Latte",7,5.5,38.5,Card
COF-00759,2024-10-14,"Latte",7,5.5,38.5,Card
COF-00760,2025-02-02,"Latte",3,5.5,16.5,Card
COF-00761,2024-03-24,"Latte",7,5.5,38.5,Card
COF-00762,2024-10-13,"Latte",9,5.5,49.5,Card
COF-00763,2024-04-12,"Latte",3,5.5,16.5,Card
COF-00764,2024-10-17,"Latte",3,5.5,16.5,Card
COF-00765,2024-07-05,"Latte",10,5.5,55,Card
COF-00766,2025-03-14,"Latte",4,5.5,22,Card
COF-00767,2024-08-13,"Latte",4,5.5,22,Card
COF-00768,2024-04-06,"Latte",4,5.5,22,Card
COF-00769,2024-08-28,"Latte",4,5.5,22,Card
COF-00770,2024-05-24,"Latte",7,5.5,38.5,Card
COF-00771,2025-03-25,"Latte",10,5.5,55,Card
COF-00772,2025-02-03,"Latte",4,5.5,22,Card
COF-00773,2024-06-11,"Latte",4,5.5,22,Card
COF-00774,2025-01-08,"Latte",10,5.5,55,Cash
COF-00775,2025-02-16,"Latte",3,5.5,16.5,Card
COF-00776,2024-04-18,"Latte",8,5.5,44,Card
COF-00777,2024-08-26,"Latte",7,5.5,38.5,Card
COF-00778,2024-04-21,"Latte",6,5.5,33,Card
COF-00779,2024-05-08,"Latte",10,5.5,55,Card
COF-00780,2024-03-29,"Latte",3,5.5,16.5,Card
COF-00781,2025-02-21,"Latte",10,5.5,55,Card
COF-00782,2024-06-20,"Latte",7,5.5,38.5,Card
COF-00783,2024-05-13,"Latte",6,5.5,33,Card
COF-00784,2024-05-21,"Latte",8,5.5,44,Card
COF-00785,2024-11-16,"Latte",8,5.5,44,Card
COF-00786,2024-10-01,"Latte",4,5.5,22,Card
COF-00787,2024-03-07,"Latte",5,5.5,27.5,Card
COF-00788,2024-04-04,"Latte",9,5.5,49.5,Card
COF-00789,2024-05-02,"Latte",9,5.5,49.5,Card
COF-00790,2024-09-25,"Latte",8,5.5,44,Card
COF-00791,2024-04-09,"Americano with Milk",3,5,15,Card
COF-00792,2024-07-08,"Americano with Milk",9,5,45,Card
COF-00793,2024-09-06,"Americano with Milk",6,5,30,Card
COF-00794,2025-02-17,"Americano with Milk",9,5,45,Card
COF-00795,2025-03-30,"Americano with Milk",3,5,15,Card
COF-00796,2024-09-04,"Americano with Milk",5,5,25,Card
COF-00797,2024-10-20,"Americano with Milk",7,5,35,Card
COF-00798,2024-07-01,"Americano with Milk",2,5,10,Card
COF-00799,2025-03-04,"Americano with Milk",8,5,40,Card
COF-00800,2024-10-18,"Americano with Milk",2,5,10,Card
COF-00801,2024-10-04,"Americano with Milk",7,5,35,Card
COF-00802,2024-08-26,"Americano with Milk",2,5,10,Card
COF-00803,2025-01-29,"Americano with Milk",4,5,20,Card
COF-00804,2024-06-08,"Americano with Milk",2,5,10,Card
COF-00805,2024-10-19,"Americano with Milk",2,5,10,Card
COF-00806,2024-08-13,"Americano with Milk",2,5,10,Card
COF-00807,2024-03-09,"Americano with Milk",7,5,35,Card
COF-00808,2024-12-02,"Americano with Milk",9,5,45,Card
COF-00809,2024-09-05,"Americano with Milk",8,5,40,Card
COF-00810,2024-07-02,"Americano with Milk",5,5,25,Card
COF-00811,2025-02-21,"Americano with Milk",9,5,45,Card
COF-00812,2024-12-26,"Americano with Milk",4,5,20,Card
COF-00813,2024-08-06,"Americano with Milk",6,5,30,Card
COF-00814,2024-08-12,"Americano with Milk",7,5,35,Card
COF-00815,2024-03-31,"Americano with Milk",4,5,20,Card
COF-00816,2024-05-06,"Americano with Milk",7,5,35,Card
COF-00817,2024-07-31,"Americano with Milk",6,5,30,Card
COF-00818,2024-10-27,"Americano with Milk",6,5,30,Card
COF-00819,2024-07-23,"Americano with Milk",8,5,40,Card
COF-00820,2024-12-12,"Americano with Milk",9,5,45,Card
COF-00821,2024-07-28,"Americano with Milk",6,5,30,Card
COF-00822,2024-11-16,"Americano with Milk",4,5,20,Card
COF-00823,2024-04-14,"Americano with Milk",8,5,40,Card
COF-00824,2024-04-16,"Americano with Milk",2,5,10,Card
COF-00825,2024-07-31,"Americano with Milk",6,5,30,Card
COF-00826,2024-06-03,"Americano with Milk",6,5,30,Card
COF-00827,2024-09-09,"Americano with Milk",4,5,20,Card
COF-00828,2024-05-18,"Americano with Milk",9,5,45,Card
COF-00829,2024-07-18,"Americano with Milk",4,5,20,Card
COF-00830,2024-03-19,"Americano with Milk",5,5,25,Card
COF-00831,2024-10-09,"Americano with Milk",7,5,35,Card
COF-00832,2025-01-18,"Americano with Milk",2,5,10,Card
COF-00833,2024-05-22,"Americano with Milk",5,5,25,Card
COF-00834,2024-08-03,"Americano with Milk",2,5,10,Card
COF-00835,2024-05-01,"Americano with Milk",4,5,20,Card
COF-00836,2024-05-10,"Americano with Milk",3,5,15,Card
COF-00837,2024-07-29,"Americano with Milk",3,5,15,Card
COF-00838,2024-04-16,"Americano with Milk",3,5,15,Card
COF-00839,2024-06-08,"Americano with Milk",3,5,15,Card
COF-00840,2024-03-20,"Americano with Milk",4,5,20,Card
COF-00841,2025-01-29,"Americano with Milk",2,5,10,Card
COF-00842,2024-06-23,"Americano with Milk",6,5,30,Card
COF-00843,2025-03-21,"Americano with Milk",6,5,30,Card
COF-00844,2025-03-17,"Americano with Milk",2,5,10,Card
COF-00845,2024-10-30,"Americano with Milk",2,5,10,Card
COF-00846,2024-05-07,"Americano with Milk",2,5,10,Card
COF-00847,2024-08-02,"Americano with Milk",3,5,15,Card
COF-00848,2024-07-25,"Americano with Milk",7,5,35,Card
COF-00849,2024-06-11,"Americano with Milk",5,5,25,Card
COF-00850,2025-02-22,"Americano with Milk",6,5,30,Card
COF-00851,2024-09-10,"Americano with Milk",3,5,15,Card
COF-00852,2025-03-04,"Americano with Milk",6,5,30,Card
COF-00853,2024-08-31,"Americano with Milk",8,5,40,Card
COF-00854,2024-04-30,"Americano with Milk",3,5,15,Card
COF-00855,2024-08-02,"Americano with Milk",5,5,25,Card
COF-00856,2024-03-11,"Americano with Milk",6,5,30,Card
COF-00857,2024-08-10,"Americano with Milk",2,5,10,Card
COF-00858,2025-03-11,"Americano with Milk",7,5,35,Card
COF-00859,2025-03-26,"Americano with Milk",5,5,25,Card
COF-00860,2024-05-04,"Americano with Milk",2,5,10,Card
COF-00861,2025-02-21,"Americano with Milk",2,5,10,Cash
COF-00862,2024-12-07,"Americano with Milk",5,5,25,Card
COF-00863,2024-04-07,"Americano with Milk",7,5,35,Card
COF-00864,2024-06-15,"Americano with Milk",7,5,35,Card
COF-00865,2025-03-10,"Americano with Milk",3,5,15,Card
COF-00866,2024-08-12,"Americano with Milk",9,5,45,Card
COF-00867,2024-05-09,"Americano with Milk",3,5,15,Card
COF-00868,2024-06-26,"Americano with Milk",5,5,25,Card
COF-00869,2024-12-10,"Americano with Milk",6,5,30,Card
COF-00870,2025-03-22,"Americano with Milk",9,5,45,Card
COF-00871,2024-10-19,"Americano with Milk",4,5,20,Card
COF-00872,2024-10-24,"Americano with Milk",3,5,15,Card
COF-00873,2024-11-14,"Americano with Milk",7,5,35,Card
COF-00874,2024-05-27,"Americano with Milk",9,5,45,Card
COF-00875,2024-10-24,"Americano with Milk",3,5,15,Card
COF-00876,2025-03-18,"Americano with Milk",2,5,10,Card
COF-00877,2024-05-04,"Americano with Milk",6,5,30,Card
COF-00878,2024-04-29,"Americano with Milk",9,5,45,Card
COF-00879,2024-05-07,"Americano with Milk",6,5,30,Card
COF-00880,2024-09-22,"Americano with Milk",9,5,45,Card
COF-00881,2024-07-26,"Americano with Milk",2,5,10,Card
COF-00882,2024-09-01,"Americano with Milk",7,5,35,Card
COF-00883,2024-07-10,"Americano with Milk",4,5,20,Card
COF-00884,2025-01-26,"Americano with Milk",8,5,40,Card
COF-00885,2024-07-01,"Americano with Milk",9,5,45,Card
COF-00886,2024-04-19,"Americano with Milk",7,5,35,Card
COF-00887,2024-04-12,"Americano with Milk",8,5,40,Card
COF-00888,2024-04-01,"Americano with Milk",8,5,40,Card
COF-00889,2024-10-17,"Americano with Milk",5,5,25,Card
COF-00890,2024-03-18,"Americano with Milk",5,5,25,Card
COF-00891,2024-10-09,"Americano with Milk",3,5,15,Card
COF-00892,2024-03-04,"Americano with Milk",8,5,40,Card
COF-00893,2024-03-30,"Americano with Milk",3,5,15,Card
COF-00894,2025-03-21,"Americano with Milk",7,5,35,Card
COF-00895,2024-08-18,"Americano with Milk",4,5,20,Card
COF-00896,2024-05-17,"Americano with Milk",8,5,40,Card
COF-00897,2024-09-13,"Americano with Milk",2,5,10,Card
COF-00898,2024-05-27,"Americano with Milk",5,5,25,Card
COF-00899,2024-08-03,"Americano with Milk",4,5,20,Card
COF-00900,2024-07-24,"Americano with Milk",9,5,45,Card
COF-00901,2024-04-06,"Americano with Milk",4,5,20,Card
COF-00902,2024-07-15,"Americano with Milk",4,5,20,Card
COF-00903,2024-10-28,"Americano with Milk",4,5,20,Card
COF-00904,2024-09-09,"Americano with Milk",2,5,10,Card
COF-00905,2025-02-16,"Americano with Milk",3,5,15,Card
COF-00906,2025-02-13,"Americano with Milk",7,5,35,Card
COF-00907,2024-10-12,"Americano with Milk",5,5,25,Card
COF-00908,2024-06-19,"Americano with Milk",6,5,30,Card
COF-00909,2024-12-16,"Americano with Milk",4,5,20,Card
COF-00910,2024-08-25,"Americano with Milk",6,5,30,Card
COF-00911,2024-09-19,"Americano with Milk",7,5,35,Card
COF-00912,2024-05-26,"Americano with Milk",9,5,45,Card
COF-00913,2024-12-19,"Americano with Milk",2,5,10,Card
COF-00914,2024-05-08,"Americano with Milk",6,5,30,Card
COF-00915,2025-03-04,"Americano with Milk",2,5,10,Card
COF-00916,2024-07-16,"Americano with Milk",4,5,20,Card
COF-00917,2024-04-17,"Americano with Milk",6,5,30,Card
COF-00918,2025-01-17,"Americano with Milk",8,5,40,Card
COF-00919,2024-11-12,"Americano with Milk",8,5,40,Card
COF-00920,2024-09-27,"Americano with Milk",6,5,30,Card
COF-00921,2025-02-24,"Americano with Milk",3,5,15,Card
COF-00922,2024-10-04,"Americano with Milk",9,5,45,Card
COF-00923,2024-07-03,"Americano with Milk",7,5,35,Card
COF-00924,2025-01-01,"Americano with Milk",3,5,15,Card
COF-00925,2024-08-21,"Americano with Milk",5,5,25,Card
COF-00926,2024-03-23,"Americano with Milk",4,5,20,Card
COF-00927,2024-08-02,"Americano with Milk",5,5,25,Cash
COF-00928,2024-08-23,"Americano with Milk",4,5,20,Card
COF-00929,2025-02-25,"Americano with Milk",7,5,35,Card
COF-00930,2024-12-24,"Americano with Milk",6,5,30,Card
COF-00931,2024-10-25,"Americano with Milk",3,5,15,Card
COF-00932,2024-04-16,"Americano with Milk",4,5,20,Card
COF-00933,2025-02-02,"Americano with Milk",5,5,25,Card
COF-00934,2024-11-14,"Americano with Milk",2,5,10,Card
COF-00935,2024-03-10,"Americano with Milk",4,5,20,Card
COF-00936,2024-04-01,"Americano with Milk",5,5,25,Card
COF-00937,2024-12-01,"Americano with Milk",6,5,30,Card
COF-00938,2024-05-20,"Americano with Milk",3,5,15,Card
COF-00939,2025-03-03,"Americano with Milk",5,5,25,Card
COF-00940,2024-10-17,"Americano with Milk",7,5,35,Card
COF-00941,2024-08-18,"Americano with Milk",6,5,30,Card
COF-00942,2024-05-13,"Americano with Milk",3,5,15,Card
COF-00943,2024-04-06,"Americano with Milk",4,5,20,Card
COF-00944,2024-07-27,"Americano with Milk",3,5,15,Card
COF-00945,2024-09-15,"Americano with Milk",7,5,35,Card
COF-00946,2024-07-17,"Americano with Milk",5,5,25,Card
COF-00947,2024-12-16,"Americano with Milk",8,5,40,Card
COF-00948,2024-09-18,"Americano with Milk",2,5,10,Card
COF-00949,2024-10-25,"Americano with Milk",5,5,25,Card
COF-00950,2024-06-07,"Americano with Milk",3,5,15,Card
COF-00951,2024-10-22,"Americano with Milk",4,5,20,Card
COF-00952,2024-12-27,"Americano with Milk",3,5,15,Card
COF-00953,2024-10-08,"Americano with Milk",8,5,40,Card
COF-00954,2024-08-23,"Americano with Milk",9,5,45,Card
COF-00955,2024-06-14,"Americano with Milk",4,5,20,Card
COF-00956,2024-09-14,"Americano with Milk",7,5,35,Card
COF-00957,2025-02-09,"Americano with Milk",6,5,30,Card
COF-00958,2025-01-31,"Americano with Milk",8,5,40,Card
COF-00959,2025-03-14,"Americano with Milk",9,5,45,Card
COF-00960,2024-04-16,"Americano with Milk",6,5,30,Card
COF-00961,2025-02-03,"Americano with Milk",8,5,40,Card
COF-00962,2024-07-13,"Americano with Milk",8,5,40,Card
COF-00963,2024-05-27,"Americano with Milk",7,5,35,Card
COF-00964,2025-02-12,"Americano with Milk",8,5,40,Card
COF-00965,2025-01-15,"Americano with Milk",4,5,20,Card
COF-00966,2024-06-13,"Americano with Milk",3,5,15,Card
COF-00967,2024-10-22,"Americano with Milk",2,5,10,Card
COF-00968,2024-11-19,"Americano with Milk",5,5,25,Card
COF-00969,2024-12-21,"Americano with Milk",7,5,35,Card
COF-00970,2025-03-08,"Americano with Milk",8,5,40,Card
COF-00971,2025-03-20,"Americano with Milk",5,5,25,Card
COF-00972,2024-08-05,"Americano with Milk",6,5,30,Card
COF-00973,2025-03-02,"Americano with Milk",9,5,45,Card
COF-00974,2024-08-29,"Americano with Milk",4,5,20,Card
COF-00975,2025-02-16,"Americano with Milk",9,5,45,Card
COF-00976,2024-08-31,"Americano with Milk",2,5,10,Card
COF-00977,2025-03-15,"Americano with Milk",7,5,35,Card
COF-00978,2024-12-28,"Americano with Milk",6,5,30,Card
COF-00979,2024-04-01,"Americano with Milk",3,5,15,Card
COF-00980,2024-09-23,"Americano with Milk",6,5,30,Card
COF-00981,2024-09-16,"Americano with Milk",4,5,20,Card
COF-00982,2024-05-25,"Americano with Milk",9,5,45,Card
COF-00983,2024-07-09,"Americano with Milk",5,5,25,Card
COF-00984,2024-12-03,"Americano with Milk",4,5,20,Card
COF-00985,2024-05-19,"Americano with Milk",3,5,15,Card
COF-00986,2024-12-17,"Americano with Milk",8,5,40,Card
COF-00987,2025-01-20,"Americano with Milk",4,5,20,Card
COF-00988,2025-02-07,"Americano with Milk",9,5,45,Card
COF-00989,2024-11-02,"Americano with Milk",3,5,15,Card
COF-00990,2024-12-31,"Americano with Milk",4,5,20,Card
COF-00991,2024-11-24,"Americano with Milk",5,5,25,Card
COF-00992,2024-09-15,"Americano with Milk",9,5,45,Card
COF-00993,2024-03-10,"Americano with Milk",7,5,35,Card
COF-00994,2024-08-22,"Americano with Milk",3,5,15,Card
COF-00995,2025-02-01,"Americano with Milk",4,5,20,Card
COF-00996,2024-07-20,"Americano with Milk",6,5,30,Card
COF-00997,2024-11-15,"Americano with Milk",4,5,20,Card
COF-00998,2024-04-03,"Americano with Milk",7,5,35,Card
COF-00999,2024-07-11,"Americano with Milk",7,5,35,Card
COF-01000,2025-01-19,"Americano with Milk",6,5,30,Card
COF-01001,2024-08-18,"Americano with Milk",6,5,30,Card
COF-01002,2024-07-02,"Americano with Milk",2,5,10,Card
COF-01003,2025-03-27,"Americano with Milk",7,5,35,Card
COF-01004,2025-01-23,"Americano with Milk",7,5,35,Card
COF-01005,2024-06-27,"Americano with Milk",5,5,25,Card
COF-01006,2024-03-31,"Americano with Milk",2,5,10,Card
COF-01007,2024-12-28,"Americano with Milk",4,5,20,Card
COF-01008,2024-09-28,"Americano with Milk",2,5,10,Card
COF-01009,2025-03-23,"Americano with Milk",6,5,30,Card
COF-01010,2024-03-08,"Americano with Milk",3,5,15,Card
COF-01011,2024-12-03,"Americano with Milk",3,5,15,Card
COF-01012,2024-07-29,"Americano with Milk",2,5,10,Card
COF-01013,2024-09-27,"Americano with Milk",6,5,30,Card
COF-01014,2024-08-12,"Americano with Milk",4,5,20,Card
COF-01015,2024-05-19,"Americano with Milk",8,5,40,Card
COF-01016,2024-07-02,"Americano with Milk",8,5,40,Card
COF-01017,2024-05-04,"Americano with Milk",4,5,20,Card
COF-01018,2024-10-13,"Americano with Milk",2,5,10,Card
COF-01019,2024-03-25,"Americano with Milk",9,5,45,Card
COF-01020,2024-04-17,"Americano with Milk",4,5,20,Card
COF-01021,2024-06-01,"Americano with Milk",9,5,45,Card
COF-01022,2025-02-07,"Americano with Milk",3,5,15,Card
COF-01023,2024-03-09,"Americano with Milk",9,5,45,Card
COF-01024,2024-10-14,"Americano with Milk",6,5,30,Card
COF-01025,2024-09-10,"Americano with Milk",4,5,20,Card
COF-01026,2025-01-02,"Americano with Milk",4,5,20,Card
COF-01027,2024-07-15,"Americano with Milk",7,5,35,Card
COF-01028,2024-07-30,"Americano with Milk",8,5,40,Card
COF-01029,2024-11-30,"Americano with Milk",3,5,15,Card
COF-01030,2024-12-25,"Americano with Milk",4,5,20,Card
COF-01031,2024-04-23,"Americano with Milk",5,5,25,Card
COF-01032,2025-01-14,"Americano with Milk",3,5,15,Card
COF-01033,2024-07-10,"Americano with Milk",4,5,20,Card
COF-01034,2024-04-18,"Americano with Milk",4,5,20,Card
COF-01035,2025-03-12,"Americano with Milk",6,5,30,Card
COF-01036,2024-04-28,"Americano with Milk",2,5,10,Card
COF-01037,2024-08-16,"Americano with Milk",4,5,20,Card
COF-01038,2024-04-29,"Americano with Milk",8,5,40,Card
COF-01039,2024-11-01,"Americano with Milk",8,5,40,Card
COF-01040,2024-11-04,"Americano with Milk",3,5,15,Card
COF-01041,2024-07-22,"Americano with Milk",4,5,20,Card
COF-01042,2024-06-10,"Americano with Milk",5,5,25,Card
COF-01043,2024-06-15,"Americano with Milk",7,5,35,Card
COF-01044,2024-09-15,"Americano with Milk",5,5,25,Card
COF-01045,2024-10-21,"Americano with Milk",3,5,15,Card
COF-01046,2025-03-09,"Americano with Milk",5,5,25,Card
COF-01047,2024-05-16,"Americano with Milk",6,5,30,Card
COF-01048,2024-08-22,"Americano with Milk",4,5,20,Card
COF-01049,2024-10-03,"Americano with Milk",9,5,45,Card
COF-01050,2024-09-30,"Americano with Milk",3,5,15,Card
COF-01051,2024-06-22,"Americano with Milk",7,5,35,Card
COF-01052,2024-12-03,"Americano with Milk",8,5,40,Cash
COF-01053,2024-06-13,"Americano with Milk",7,5,35,Card
COF-01054,2024-10-17,"Americano with Milk",9,5,45,Card
COF-01055,2024-09-30,"Americano with Milk",9,5,45,Card
COF-01056,2024-10-12,"Americano with Milk",6,5,30,Card
COF-01057,2024-06-22,"Americano with Milk",7,5,35,Card
COF-01058,2025-01-28,"Americano with Milk",5,5,25,Card
COF-01059,2025-03-11,"Americano with Milk",9,5,45,Card
COF-01060,2024-10-13,"Americano with Milk",7,5,35,Card
COF-01061,2024-09-13,"Americano with Milk",7,5,35,Card
COF-01062,2025-01-26,"Americano with Milk",3,5,15,Card
COF-01063,2025-01-25,"Americano with Milk",9,5,45,Card
COF-01064,2024-07-19,"Americano with Milk",7,5,35,Card
COF-01065,2024-04-17,"Americano with Milk",6,5,30,Card
COF-01066,2024-11-12,"Americano with Milk",9,5,45,Card
COF-01067,2024-05-13,"Americano with Milk",9,5,45,Card
COF-01068,2024-04-03,"Americano with Milk",4,5,20,Card
COF-01069,2025-02-25,"Americano with Milk",5,5,25,Card
COF-01070,2024-09-28,"Americano with Milk",8,5,40,Card
COF-01071,2024-04-04,"Americano with Milk",7,5,35,Card
COF-01072,2024-11-30,"Americano with Milk",2,5,10,Card
COF-01073,2025-02-22,"Americano with Milk",7,5,35,Card
COF-01074,2024-04-11,"Americano with Milk",7,5,35,Card
COF-01075,2024-04-05,"Americano with Milk",9,5,45,Card
COF-01076,2024-11-25,"Americano with Milk",7,5,35,Card
COF-01077,2025-03-16,"Americano with Milk",4,5,20,Cash
COF-01078,2024-09-26,"Americano with Milk",5,5,25,Card
COF-01079,2024-03-13,"Americano with Milk",5,5,25,Card
COF-01080,2025-03-26,"Americano with Milk",9,5,45,Card
COF-01081,2024-09-02,"Americano with Milk",4,5,20,Card
COF-01082,2024-11-03,"Americano with Milk",4,5,20,Card
COF-01083,2024-12-25,"Americano with Milk",5,5,25,Card
COF-01084,2024-09-21,"Americano with Milk",7,5,35,Card
COF-01085,2024-12-02,"Americano with Milk",2,5,10,Card
COF-01086,2024-12-25,"Americano with Milk",9,5,45,Card
COF-01087,2024-09-19,"Americano with Milk",3,5,15,Card
COF-01088,2024-08-24,"Americano with Milk",6,5,30,Card
COF-01089,2025-01-19,"Americano with Milk",6,5,30,Card
COF-01090,2024-06-08,"Americano with Milk",7,5,35,Card
COF-01091,2024-11-22,"Americano with Milk",9,5,45,Card
COF-01092,2025-03-05,"Americano with Milk",7,5,35,Card
COF-01093,2024-09-27,"Americano with Milk",5,5,25,Card
COF-01094,2024-03-04,"Americano with Milk",9,5,45,Card
COF-01095,2024-06-28,"Americano with Milk",5,5,25,Card
COF-01096,2025-01-18,"Americano with Milk",8,5,40,Card
COF-01097,2024-09-09,"Americano with Milk",4,5,20,Card
COF-01098,2024-05-01,"Americano with Milk",5,5,25,Card
COF-01099,2024-03-22,"Americano with Milk",2,5,10,Card
COF-01100,2024-11-28,"Americano with Milk",8,5,40,Card
COF-01101,2024-11-26,"Americano with Milk",6,5,30,Card
COF-01102,2025-01-30,"Americano with Milk",8,5,40,Card
COF-01103,2024-08-16,"Americano with Milk",8,5,40,Card
COF-01104,2025-01-17,"Americano with Milk",3,5,15,Card
COF-01105,2024-11-15,"Americano with Milk",6,5,30,Card
COF-01106,2024-08-15,"Americano with Milk",3,5,15,Card
COF-01107,2025-02-15,"Americano with Milk",2,5,10,Card
COF-01108,2024-03-01,"Americano with Milk",8,5,40,Card
COF-01109,2024-06-11,"Americano with Milk",6,5,30,Card
COF-01110,2024-04-02,"Americano with Milk",9,5,45,Card
COF-01111,2024-12-03,"Americano with Milk",8,5,40,Card
COF-01112,2025-03-14,"Americano with Milk",4,5,20,Card
COF-01113,2024-09-28,"Americano with Milk",5,5,25,Card
COF-01114,2024-12-19,"Americano with Milk",5,5,25,Card
COF-01115,2025-02-03,"Americano with Milk",7,5,35,Card
COF-01116,2025-02-13,"Americano with Milk",5,5,25,Card
COF-01117,2024-07-30,"Americano with Milk",7,5,35,Card
COF-01118,2024-10-26,"Americano with Milk",8,5,40,Card
COF-01119,2025-03-24,"Americano with Milk",7,5,35,Card
COF-01120,2024-07-27,"Americano with Milk",6,5,30,Card
COF-01121,2024-07-27,"Americano with Milk",4,5,20,Card
COF-01122,2025-01-23,"Americano with Milk",2,5,10,Card
COF-01123,2025-02-10,"Americano with Milk",7,5,35,Card
COF-01124,2025-02-17,"Americano with Milk",9,5,45,Card
COF-01125,2024-09-23,"Americano with Milk",3,5,15,Card
COF-01126,2024-11-17,"Americano with Milk",3,5,15,Card
COF-01127,2024-07-12,"Americano with Milk",5,5,25,Cash
COF-01128,2024-09-04,"Americano with Milk",7,5,35,Card
COF-01129,2024-12-19,"Americano with Milk",2,5,10,Card
COF-01130,2025-02-01,"Americano with Milk",9,5,45,Card
COF-01131,2024-11-23,"Americano with Milk",3,5,15,Card
COF-01132,2024-06-20,"Americano with Milk",4,5,20,Card
COF-01133,2024-05-12,"Americano with Milk",2,5,10,Card
COF-01134,2024-11-21,"Americano with Milk",2,5,10,Card
COF-01135,2025-01-09,"Americano with Milk",5,5,25,Card
COF-01136,2024-05-12,"Americano with Milk",2,5,10,Card
COF-01137,2024-05-16,"Americano with Milk",4,5,20,Card
COF-01138,2024-11-13,"Americano with Milk",2,5,10,Card
COF-01139,2024-06-28,"Americano with Milk",9,5,45,Card
COF-01140,2024-11-06,"Americano with Milk",2,5,10,Cash
COF-01141,2024-07-11,"Americano with Milk",2,5,10,Card
COF-01142,2024-09-29,"Americano with Milk",3,5,15,Card
COF-01143,2025-01-22,"Americano with Milk",3,5,15,Card
COF-01144,2024-10-09,"Americano with Milk",5,5,25,Card
COF-01145,2024-09-27,"Americano with Milk",7,5,35,Card
COF-01146,2024-05-27,"Americano with Milk",7,5,35,Card
COF-01147,2024-09-20,"Americano with Milk",6,5,30,Cash
COF-01148,2024-08-04,"Americano with Milk",7,5,35,Card
COF-01149,2024-04-11,"Americano with Milk",2,5,10,Card
COF-01150,2024-11-13,"Americano with Milk",9,5,45,Card
COF-01151,2024-08-08,"Americano with Milk",6,5,30,Card
COF-01152,2024-10-01,"Americano with Milk",4,5,20,Card
COF-01153,2024-03-30,"Americano with Milk",4,5,20,Card
COF-01154,2024-03-03,"Americano with Milk",4,5,20,Card
COF-01155,2025-02-07,"Americano with Milk",7,5,35,Card
COF-01156,2024-08-15,"Americano with Milk",2,5,10,Card
COF-01157,2025-01-30,"Americano with Milk",2,5,10,Card
COF-01158,2024-08-19,"Americano with Milk",2,5,10,Card
COF-01159,2024-03-02,"Americano with Milk",9,5,45,Card
COF-01160,2024-03-29,"Americano with Milk",5,5,25,Card
COF-01161,2024-10-29,"Americano with Milk",3,5,15,Card
COF-01162,2024-07-05,"Americano with Milk",3,5,15,Card
COF-01163,2024-05-08,"Americano with Milk",9,5,45,Card
COF-01164,2024-07-29,"Americano with Milk",3,5,15,Card
COF-01165,2025-03-07,"Americano with Milk",6,5,30,Card
COF-01166,2024-05-07,"Americano with Milk",6,5,30,Card
COF-01167,2025-01-14,"Americano with Milk",7,5,35,Card
COF-01168,2024-12-21,"Americano with Milk",8,5,40,Card
COF-01169,2024-06-05,"Americano with Milk",9,5,45,Card
COF-01170,2024-08-10,"Americano with Milk",6,5,30,Card
COF-01171,2024-11-02,"Americano with Milk",2,5,10,Card
COF-01172,2024-03-31,"Americano with Milk",5,5,25,Card
COF-01173,2024-10-18,"Americano with Milk",6,5,30,Card
COF-01174,2025-02-27,"Americano with Milk",3,5,15,Card
COF-01175,2024-03-18,"Americano with Milk",5,5,25,Card
COF-01176,2025-01-10,"Americano with Milk",5,5,25,Card
COF-01177,2024-07-09,"Americano with Milk",8,5,40,Card
COF-01178,2024-07-12,"Americano with Milk",4,5,20,Card
COF-01179,2024-06-23,"Americano with Milk",8,5,40,Card
COF-01180,2024-07-21,"Americano with Milk",2,5,10,Card
COF-01181,2024-09-14,"Americano with Milk",8,5,40,Card
COF-01182,2025-03-06,"Americano with Milk",8,5,40,Card
COF-01183,2024-10-23,"Americano with Milk",8,5,40,Card
COF-01184,2024-03-09,"Americano with Milk",6,5,30,Card
COF-01185,2024-10-04,"Americano with Milk",9,5,45,Card
COF-01186,2025-01-02,"Americano with Milk",7,5,35,Card
COF-01187,2025-03-18,"Americano with Milk",5,5,25,Card
COF-01188,2025-01-17,"Americano with Milk",2,5,10,Card
COF-01189,2025-03-24,"Americano with Milk",4,5,20,Card
COF-01190,2024-03-31,"Americano with Milk",8,5,40,Card
COF-01191,2025-01-14,"Americano with Milk",3,5,15,Card
COF-01192,2024-06-23,"Americano with Milk",5,5,25,Card
COF-01193,2024-11-23,"Americano with Milk",2,5,10,Card
COF-01194,2025-01-09,"Americano with Milk",3,5,15,Card
COF-01195,2024-09-15,"Americano with Milk",4,5,20,Card
COF-01196,2024-08-20,"Americano with Milk",8,5,40,Card
COF-01197,2024-07-04,"Americano with Milk",6,5,30,Card
COF-01198,2024-03-15,"Americano with Milk",5,5,25,Card
COF-01199,2024-12-07,"Americano with Milk",7,5,35,Card
COF-01200,2024-12-23,"Americano with Milk",9,5,45,Card
COF-01201,2024-08-06,"Americano with Milk",6,5,30,Card
COF-01202,2024-10-18,"Americano with Milk",3,5,15,Card
COF-01203,2024-09-17,"Americano with Milk",4,5,20,Card
COF-01204,2025-03-10,"Americano with Milk",2,5,10,Card
COF-01205,2024-11-05,"Americano with Milk",3,5,15,Card
COF-01206,2025-01-28,"Americano with Milk",4,5,20,Card
COF-01207,2024-08-26,"Americano with Milk",6,5,30,Card
COF-01208,2024-07-24,"Americano with Milk",8,5,40,Card
COF-01209,2024-07-23,"Americano with Milk",8,5,40,Card
COF-01210,2025-01-27,"Americano with Milk",6,5,30,Card
COF-01211,2025-01-12,"Americano with Milk",9,5,45,Card
COF-01212,2024-05-31,"Americano with Milk",5,5,25,Card
COF-01213,2024-10-07,"Americano with Milk",9,5,45,Card
COF-01214,2025-02-16,"Americano with Milk",9,5,45,Card
COF-01215,2025-02-20,"Americano with Milk",4,5,20,Card
COF-01216,2024-10-12,"Americano with Milk",5,5,25,Card
COF-01217,2024-08-01,"Americano with Milk",8,5,40,Card
COF-01218,2025-02-25,"Americano with Milk",4,5,20,Card
COF-01219,2025-03-24,"Americano with Milk",2,5,10,Card
COF-01220,2025-01-12,"Americano with Milk",3,5,15,Card
COF-01221,2024-09-26,"Americano with Milk",7,5,35,Card
COF-01222,2024-12-18,"Americano with Milk",3,5,15,Card
COF-01223,2024-08-23,"Americano with Milk",5,5,25,Card
COF-01224,2024-10-10,"Americano with Milk",4,5,20,Card
COF-01225,2024-11-24,"Americano with Milk",6,5,30,Card
COF-01226,2025-03-18,"Americano with Milk",5,5,25,Card
COF-01227,2025-02-06,"Americano with Milk",8,5,40,Card
COF-01228,2024-10-28,"Americano with Milk",5,5,25,Card
COF-01229,2024-07-23,"Americano with Milk",9,5,45,Card
COF-01230,2024-12-19,"Americano with Milk",3,5,15,Card
COF-01231,2025-02-28,"Americano with Milk",8,5,40,Card
COF-01232,2024-11-11,"Americano with Milk",4,5,20,Card
COF-01233,2025-01-31,"Americano with Milk",3,5,15,Card
COF-01234,2024-05-30,"Americano with Milk",2,5,10,Cash
COF-01235,2024-08-22,"Americano with Milk",8,5,40,Card
COF-01236,2025-03-22,"Americano with Milk",3,5,15,Card
COF-01237,2025-01-10,"Americano with Milk",2,5,10,Card
COF-01238,2024-07-24,"Americano with Milk",9,5,45,Card
COF-01239,2024-04-03,"Americano with Milk",9,5,45,Card
COF-01240,2025-03-19,"Americano with Milk",4,5,20,Card
COF-01241,2024-10-07,"Americano with Milk",7,5,35,Card
COF-01242,2024-08-14,"Americano with Milk",7,5,35,Card
COF-01243,2024-12-01,"Americano with Milk",2,5,10,Card
COF-01244,2024-07-17,"Americano with Milk",2,5,10,Card
COF-01245,2024-05-05,"Americano with Milk",7,5,35,Card
COF-01246,2024-07-19,"Americano with Milk",3,5,15,Card
COF-01247,2024-04-21,"Americano with Milk",5,5,25,Card
COF-01248,2025-02-13,"Americano with Milk",9,5,45,Card
COF-01249,2025-01-09,"Americano with Milk",6,5,30,Card
COF-01250,2024-06-18,"Americano with Milk",6,5,30,Card
COF-01251,2024-03-21,"Americano with Milk",9,5,45,Card
COF-01252,2025-03-18,"Americano with Milk",7,5,35,Card
COF-01253,2025-02-03,"Americano with Milk",2,5,10,Card
COF-01254,2024-03-20,"Americano with Milk",4,5,20,Card
COF-01255,2024-09-30,"Americano with Milk",5,5,25,Card
COF-01256,2024-06-10,"Americano with Milk",3,5,15,Card
COF-01257,2024-12-23,"Americano with Milk",7,5,35,Card
COF-01258,2024-10-18,"Americano with Milk",8,5,40,Card
COF-01259,2024-10-27,"Americano with Milk",7,5,35,Card
COF-01260,2025-02-26,"Americano with Milk",7,5,35,Card
COF-01261,2024-12-07,"Americano with Milk",5,5,25,Card
COF-01262,2024-12-26,"Americano with Milk",4,5,20,Card
COF-01263,2024-09-23,"Americano with Milk",3,5,15,Card
COF-01264,2024-06-07,"Americano with Milk",5,5,25,Card
COF-01265,2024-08-25,"Americano with Milk",2,5,10,Card
COF-01266,2024-08-26,"Americano with Milk",4,5,20,Card
COF-01267,2024-07-10,"Americano with Milk",6,5,30,Card
COF-01268,2024-09-23,"Americano with Milk",6,5,30,Card
COF-01269,2024-11-30,"Americano with Milk",5,5,25,Card
COF-01270,2025-01-11,"Americano with Milk",4,5,20,Card
COF-01271,2024-11-18,"Americano with Milk",9,5,45,Card
COF-01272,2024-04-06,"Americano with Milk",4,5,20,Card
COF-01273,2024-12-14,"Americano with Milk",8,5,40,Card
COF-01274,2024-11-19,"Americano with Milk",7,5,35,Cash
COF-01275,2024-07-11,"Americano with Milk",6,5,30,Card
COF-01276,2024-10-23,"Americano with Milk",3,5,15,Card
COF-01277,2025-02-11,"Americano with Milk",3,5,15,Card
COF-01278,2024-06-13,"Americano with Milk",6,5,30,Card
COF-01279,2024-12-18,"Americano with Milk",3,5,15,Card
COF-01280,2024-11-09,"Americano with Milk",2,5,10,Card
COF-01281,2024-05-17,"Americano with Milk",7,5,35,Card
COF-01282,2025-03-17,"Americano with Milk",6,5,30,Card
COF-01283,2024-12-25,"Americano with Milk",4,5,20,Card
COF-01284,2024-06-06,"Americano with Milk",7,5,35,Card
COF-01285,2024-07-17,"Americano with Milk",7,5,35,Card
COF-01286,2024-07-17,"Americano with Milk",3,5,15,Cash
COF-01287,2024-10-24,"Americano with Milk",2,5,10,Card
COF-01288,2024-06-20,"Americano with Milk",9,5,45,Card
COF-01289,2024-11-21,"Americano with Milk",5,5,25,Card
COF-01290,2024-06-30,"Americano with Milk",4,5,20,Card
COF-01291,2025-03-18,"Americano with Milk",2,5,10,Card
COF-01292,2024-07-04,"Americano with Milk",5,5,25,Cash
COF-01293,2024-05-03,"Americano with Milk",4,5,20,Card
COF-01294,2024-11-23,"Americano with Milk",8,5,40,Card
COF-01295,2024-03-07,"Americano with Milk",7,5,35,Card
COF-01296,2024-12-29,"Americano with Milk",9,5,45,Card
COF-01297,2024-06-22,"Americano with Milk",5,5,25,Cash
COF-01298,2025-02-10,"Americano with Milk",2,5,10,Card
COF-01299,2024-09-14,"Americano with Milk",9,5,45,Card
COF-01300,2024-11-08,"Americano with Milk",4,5,20,Card
COF-01301,2024-05-18,"Americano with Milk",5,5,25,Cash
COF-01302,2024-10-22,"Americano with Milk",4,5,20,Card
COF-01303,2025-01-29,"Americano with Milk",2,5,10,Card
COF-01304,2025-01-06,"Americano with Milk",3,5,15,Card
COF-01305,2024-04-12,"Americano with Milk",9,5,45,Card
COF-01306,2024-10-05,"Americano with Milk",4,5,20,Card
COF-01307,2024-12-31,"Americano with Milk",9,5,45,Card
COF-01308,2024-08-21,"Americano with Milk",2,5,10,Card
COF-01309,2024-04-26,"Americano with Milk",2,5,10,Card
COF-01310,2024-12-23,"Americano with Milk",8,5,40,Card
COF-01311,2024-05-26,"Americano with Milk",6,5,30,Card
COF-01312,2024-12-13,"Americano with Milk",5,5,25,Card
COF-01313,2025-01-03,"Americano with Milk",5,5,25,Card
COF-01314,2025-01-10,"Americano with Milk",9,5,45,Card
COF-01315,2024-12-13,"Americano with Milk",5,5,25,Card
COF-01316,2024-05-15,"Americano with Milk",8,5,40,Card
COF-01317,2024-12-07,"Americano with Milk",9,5,45,Card
COF-01318,2024-09-18,"Americano with Milk",8,5,40,Card
COF-01319,2024-12-05,"Americano with Milk",8,5,40,Card
COF-01320,2024-03-14,"Americano with Milk",5,5,25,Card
COF-01321,2024-10-20,"Americano with Milk",2,5,10,Card
COF-01322,2024-11-07,"Americano with Milk",6,5,30,Card
COF-01323,2024-12-17,"Americano with Milk",5,5,25,Card
COF-01324,2025-02-07,"Americano with Milk",8,5,40,Card
COF-01325,2025-03-09,"Americano with Milk",9,5,45,Card
COF-01326,2024-10-24,"Americano with Milk",7,5,35,Card
COF-01327,2024-12-30,"Americano with Milk",9,5,45,Card
COF-01328,2025-03-03,"Americano with Milk",2,5,10,Card
COF-01329,2025-02-24,"Americano with Milk",7,5,35,Card
COF-01330,2024-11-29,"Americano with Milk",2,5,10,Card
COF-01331,2025-03-15,"Americano with Milk",7,5,35,Card
COF-01332,2024-05-02,"Americano with Milk",3,5,15,Card
COF-01333,2024-11-20,"Americano with Milk",2,5,10,Card
COF-01334,2024-09-27,"Americano with Milk",5,5,25,Card
COF-01335,2024-11-21,"Americano with Milk",8,5,40,Card
COF-01336,2025-01-14,"Americano with Milk",6,5,30,Card
COF-01337,2024-08-08,"Americano with Milk",2,5,10,Card
COF-01338,2025-02-24,"Americano with Milk",4,5,20,Card
COF-01339,2025-02-07,"Americano with Milk",7,5,35,Card
COF-01340,2024-07-15,"Americano with Milk",7,5,35,Card
COF-01341,2024-03-04,"Americano with Milk",2,5,10,Card
COF-01342,2024-12-14,"Americano with Milk",9,5,45,Card
COF-01343,2025-02-10,"Americano with Milk",8,5,40,Card
COF-01344,2024-05-01,"Americano with Milk",9,5,45,Card
COF-01345,2024-10-20,"Americano with Milk",3,5,15,Card
COF-01346,2025-03-07,"Americano with Milk",4,5,20,Card
COF-01347,2024-12-01,"Americano with Milk",2,5,10,Card
COF-01348,2024-12-29,"Americano with Milk",4,5,20,Card
COF-01349,2024-11-20,"Americano with Milk",2,5,10,Card
COF-01350,2024-09-02,"Americano with Milk",4,5,20,Card
COF-01351,2025-01-01,"Americano with Milk",4,5,20,Card
COF-01352,2024-03-29,"Americano with Milk",6,5,30,Card
COF-01353,2024-03-10,"Americano with Milk",9,5,45,Card
COF-01354,2024-04-27,"Americano with Milk",9,5,45,Card
COF-01355,2024-04-19,"Americano with Milk",3,5,15,Card
COF-01356,2024-08-17,"Americano with Milk",4,5,20,Card
COF-01357,2024-03-02,"Americano with Milk",9,5,45,Card
COF-01358,2025-02-03,"Americano with Milk",7,5,35,Card
COF-01359,2024-12-09,"Americano with Milk",3,5,15,Card
COF-01360,2024-08-24,"Americano with Milk",2,5,10,Card
COF-01361,2024-10-04,"Americano with Milk",5,5,25,Card
COF-01362,2024-05-27,"Americano with Milk",5,5,25,Card
COF-01363,2024-06-10,"Americano with Milk",6,5,30,Card
COF-01364,2024-04-05,"Americano with Milk",9,5,45,Card
COF-01365,2024-06-11,"Americano with Milk",6,5,30,Card
COF-01366,2024-07-22,"Americano with Milk",7,5,35,Card
COF-01367,2024-12-20,"Americano with Milk",3,5,15,Card
COF-01368,2024-08-28,"Americano with Milk",5,5,25,Card
COF-01369,2024-04-26,"Americano with Milk",9,5,45,Card
COF-01370,2024-12-19,"Americano with Milk",4,5,20,Card
COF-01371,2024-11-13,"Americano with Milk",6,5,30,Card
COF-01372,2024-03-30,"Americano with Milk",6,5,30,Card
COF-01373,2024-06-21,"Americano with Milk",9,5,45,Card
COF-01374,2024-10-08,"Americano with Milk",3,5,15,Card
COF-01375,2024-07-01,"Americano with Milk",9,5,45,Cash
COF-01376,2024-04-04,"Americano with Milk",6,5,30,Card
COF-01377,2024-08-27,"Americano with Milk",4,5,20,Card
COF-01378,2024-12-12,"Americano with Milk",7,5,35,Card
COF-01379,2024-04-24,"Americano with Milk",2,5,10,Card
COF-01380,2024-04-25,"Americano with Milk",2,5,10,Card
COF-01381,2025-03-07,"Americano with Milk",6,5,30,Card
COF-01382,2024-08-20,"Americano with Milk",5,5,25,Card
COF-01383,2024-08-19,"Americano with Milk",3,5,15,Card
COF-01384,2024-11-11,"Americano with Milk",2,5,10,Card
COF-01385,2024-05-07,"Americano with Milk",3,5,15,Card
COF-01386,2025-02-27,"Americano with Milk",3,5,15,Card
COF-01387,2024-07-12,"Americano with Milk",2,5,10,Card
COF-01388,2024-10-14,"Americano with Milk",4,5,20,Cash
COF-01389,2024-11-24,"Americano with Milk",9,5,45,Card
COF-01390,2024-03-25,"Americano with Milk",9,5,45,Card
COF-01391,2024-10-17,"Americano with Milk",3,5,15,Card
COF-01392,2024-08-06,"Americano with Milk",6,5,30,Card
COF-01393,2024-11-12,"Americano with Milk",8,5,40,Card
COF-01394,2024-11-28,"Americano with Milk",7,5,35,Card
COF-01395,2024-04-27,"Americano with Milk",8,5,40,Card
COF-01396,2025-02-06,"Americano with Milk",6,5,30,Card
COF-01397,2024-12-23,"Americano with Milk",3,5,15,Card
COF-01398,2024-08-03,"Americano with Milk",8,5,40,Cash
COF-01399,2024-04-29,"Americano with Milk",4,5,20,Card
COF-01400,2024-04-29,"Americano with Milk",8,5,40,Card
COF-01401,2024-08-26,"Americano with Milk",4,5,20,Card
COF-01402,2024-08-26,"Americano with Milk",2,5,10,Card
COF-01403,2025-02-24,"Americano with Milk",8,5,40,Card
COF-01404,2024-08-10,"Americano with Milk",4,5,20,Card
COF-01405,2024-03-30,"Americano with Milk",7,5,35,Card
COF-01406,2025-02-22,"Americano with Milk",5,5,25,Card
COF-01407,2024-12-16,"Americano with Milk",8,5,40,Card
COF-01408,2024-07-23,"Americano with Milk",4,5,20,Card
COF-01409,2024-10-08,"Americano with Milk",3,5,15,Card
COF-01410,2025-01-13,"Americano with Milk",3,5,15,Card
COF-01411,2024-08-19,"Americano with Milk",5,5,25,Card
COF-01412,2025-03-16,"Americano with Milk",3,5,15,Card
COF-01413,2024-05-04,"Americano with Milk",7,5,35,Card
COF-01414,2024-07-13,"Americano with Milk",9,5,45,Card
COF-01415,2025-03-13,"Americano with Milk",4,5,20,Card
COF-01416,2024-11-21,"Americano with Milk",4,5,20,Card
COF-01417,2024-10-31,"Americano with Milk",3,5,15,Card
COF-01418,2024-12-20,"Americano with Milk",5,5,25,Card
COF-01419,2024-04-24,"Americano with Milk",2,5,10,Card
COF-01420,2024-09-27,"Americano with Milk",9,5,45,Card
COF-01421,2024-10-20,"Americano with Milk",2,5,10,Card
COF-01422,2024-06-29,"Americano with Milk",9,5,45,Card
COF-01423,2024-05-03,"Americano with Milk",2,5,10,Card
COF-01424,2024-04-18,"Americano with Milk",7,5,35,Card
COF-01425,2024-12-17,"Americano with Milk",5,5,25,Card
COF-01426,2024-10-23,"Americano with Milk",5,5,25,Card
COF-01427,2024-12-30,"Americano with Milk",9,5,45,Card
COF-01428,2024-05-16,"Americano with Milk",3,5,15,Cash
COF-01429,2024-07-06,"Americano with Milk",7,5,35,Card
COF-01430,2024-05-07,"Americano with Milk",8,5,40,Card
COF-01431,2024-05-28,"Americano with Milk",7,5,35,Card
COF-01432,2025-02-09,"Americano with Milk",7,5,35,Card
COF-01433,2024-06-10,"Americano with Milk",7,5,35,Card
COF-01434,2024-05-09,"Americano with Milk",6,5,30,Card
COF-01435,2024-12-16,"Americano with Milk",5,5,25,Card
COF-01436,2024-05-19,"Americano with Milk",2,5,10,Cash
COF-01437,2024-04-03,"Americano with Milk",6,5,30,Card
COF-01438,2024-04-05,"Americano with Milk",8,5,40,Cash
COF-01439,2025-03-31,"Americano with Milk",5,5,25,Card
COF-01440,2024-09-22,"Americano with Milk",9,5,45,Card
COF-01441,2024-11-30,"Americano with Milk",9,5,45,Card
COF-01442,2024-06-15,"Americano with Milk",9,5,45,Card
COF-01443,2025-03-04,"Americano with Milk",8,5,40,Card
COF-01444,2024-03-03,"Americano with Milk",4,5,20,Card
COF-01445,2024-10-25,"Americano with Milk",6,5,30,Card
COF-01446,2024-11-21,"Americano with Milk",5,5,25,Card
COF-01447,2024-09-16,"Americano with Milk",2,5,10,Card
COF-01448,2024-03-23,"Americano with Milk",2,5,10,Card
COF-01449,2024-09-03,"Americano with Milk",3,5,15,Card
COF-01450,2025-01-12,"Americano with Milk",8,5,40,Card
COF-01451,2025-03-06,"Americano with Milk",7,5,35,Card
COF-01452,2024-04-02,"Americano with Milk",5,5,25,Card
COF-01453,2025-02-26,"Americano with Milk",5,5,25,Card
COF-01454,2024-08-03,"Americano with Milk",4,5,20,Card
COF-01455,2024-07-28,"Americano with Milk",2,5,10,Card
COF-01456,2025-02-25,"Americano with Milk",5,5,25,Card
COF-01457,2024-11-02,"Americano with Milk",4,5,20,Card
COF-01458,2024-05-29,"Americano with Milk",2,5,10,Card
COF-01459,2024-10-24,"Americano with Milk",7,5,35,Card
COF-01460,2024-03-02,"Americano with Milk",8,5,40,Card
COF-01461,2024-06-04,"Americano with Milk",3,5,15,Card
COF-01462,2024-06-25,"Americano with Milk",2,5,10,Card
COF-01463,2024-04-07,"Americano with Milk",6,5,30,Card
COF-01464,2025-02-05,"Americano with Milk",8,5,40,Card
COF-01465,2024-04-06,"Americano with Milk",2,5,10,Card
COF-01466,2024-09-30,"Americano with Milk",7,5,35,Cash
COF-01467,2024-04-02,"Americano with Milk",6,5,30,Card
COF-01468,2024-12-04,"Americano with Milk",3,5,15,Card
COF-01469,2024-08-11,"Americano with Milk",7,5,35,Card
COF-01470,2025-01-15,"Americano with Milk",5,5,25,Card
COF-01471,2024-10-29,"Americano with Milk",9,5,45,Card
COF-01472,2025-01-25,"Americano with Milk",3,5,15,Card
COF-01473,2024-05-02,"Americano with Milk",2,5,10,Cash
COF-01474,2024-10-24,"Americano with Milk",8,5,40,Card
COF-01475,2024-03-23,"Americano with Milk",8,5,40,Card
COF-01476,2025-03-09,"Americano with Milk",3,5,15,Card
COF-01477,2024-03-03,"Americano with Milk",2,5,10,Card
COF-01478,2025-02-20,"Americano with Milk",9,5,45,Card
COF-01479,2024-04-15,"Americano with Milk",6,5,30,Card
COF-01480,2024-08-23,"Americano with Milk",9,5,45,Card
COF-01481,2025-02-12,"Americano with Milk",4,5,20,Card
COF-01482,2024-06-13,"Americano with Milk",4,5,20,Card
COF-01483,2024-07-07,"Americano with Milk",4,5,20,Card
COF-01484,2024-12-08,"Americano with Milk",5,5,25,Card
COF-01485,2025-03-30,"Americano with Milk",5,5,25,Card
COF-01486,2024-11-26,"Americano with Milk",7,5,35,Card
COF-01487,2025-03-20,"Americano with Milk",5,5,25,Card
COF-01488,2025-01-18,"Americano with Milk",8,5,40,Card
COF-01489,2025-02-15,"Americano with Milk",7,5,35,Card
COF-01490,2024-08-18,"Americano with Milk",7,5,35,Card
COF-01491,2024-05-15,"Americano with Milk",7,5,35,Card
COF-01492,2024-11-11,"Americano with Milk",7,5,35,Card
COF-01493,2025-03-03,"Americano with Milk",8,5,40,Card
COF-01494,2024-12-14,"Americano with Milk",6,5,30,Card
COF-01495,2025-03-10,"Americano with Milk",4,5,20,Card
COF-01496,2024-07-21,"Americano with Milk",9,5,45,Card
COF-01497,2024-09-14,"Americano with Milk",5,5,25,Card
COF-01498,2024-09-25,"Americano with Milk",5,5,25,Card
COF-01499,2025-01-08,"Americano with Milk",2,5,10,Card
COF-01500,2024-10-31,"Americano with Milk",5,5,25,Card
COF-01501,2025-02-03,"Americano with Milk",9,5,45,Card
COF-01502,2024-07-16,"Americano with Milk",6,5,30,Card
COF-01503,2024-08-05,"Americano with Milk",4,5,20,Card
COF-01504,2024-05-23,"Americano with Milk",8,5,40,Card
COF-01505,2025-02-25,"Americano with Milk",3,5,15,Card
COF-01506,2024-11-29,"Americano with Milk",8,5,40,Card
COF-01507,2024-12-19,"Americano with Milk",6,5,30,Card
COF-01508,2024-10-04,"Americano with Milk",9,5,45,Card
COF-01509,2024-12-11,"Americano with Milk",7,5,35,Card
COF-01510,2025-01-07,"Americano with Milk",8,5,40,Card
COF-01511,2024-03-18,"Americano with Milk",4,5,20,Card
COF-01512,2025-03-19,"Americano with Milk",8,5,40,Card
COF-01513,2024-07-15,"Americano with Milk",6,5,30,Card
COF-01514,2024-03-06,"Americano with Milk",9,5,45,Card
COF-01515,2024-11-22,"Americano with Milk",4,5,20,Card
COF-01516,2024-03-17,"Americano with Milk",6,5,30,Card
COF-01517,2024-10-08,"Americano with Milk",2,5,10,Card
COF-01518,2025-03-22,"Americano with Milk",9,5,45,Card
COF-01519,2024-12-16,"Americano with Milk",4,5,20,Card
COF-01520,2024-06-06,"Americano with Milk",7,5,35,Card
COF-01521,2024-08-15,"Americano with Milk",6,5,30,Card
COF-01522,2024-04-12,"Americano with Milk",3,5,15,Card
COF-01523,2024-08-20,"Americano with Milk",9,5,45,Card
COF-01524,2024-04-21,"Americano with Milk",4,5,20,Card
COF-01525,2024-12-18,"Americano with Milk",7,5,35,Card
COF-01526,2024-06-08,"Americano with Milk",9,5,45,Card
COF-01527,2024-10-30,"Americano with Milk",7,5,35,Card
COF-01528,2024-03-08,"Americano with Milk",3,5,15,Card
COF-01529,2024-09-03,"Americano with Milk",2,5,10,Card
COF-01530,2024-10-12,"Americano with Milk",3,5,15,Card
COF-01531,2024-12-26,"Americano with Milk",2,5,10,Card
COF-01532,2025-02-26,"Americano with Milk",6,5,30,Card
COF-01533,2024-03-23,"Americano with Milk",6,5,30,Card
COF-01534,2024-05-30,"Americano with Milk",6,5,30,Card
COF-01535,2025-02-02,"Americano with Milk",5,5,25,Card
COF-01536,2025-02-25,"Americano with Milk",3,5,15,Card
COF-01537,2024-06-18,"Americano with Milk",5,5,25,Card
COF-01538,2024-07-05,"Americano with Milk",7,5,35,Card
COF-01539,2025-01-14,"Americano with Milk",5,5,25,Card
COF-01540,2024-12-20,"Americano with Milk",7,5,35,Card
COF-01541,2024-03-05,"Americano with Milk",8,5,40,Card
COF-01542,2025-01-15,"Americano with Milk",4,5,20,Card
COF-01543,2024-06-28,"Americano with Milk",8,5,40,Card
COF-01544,2024-05-27,"Americano with Milk",3,5,15,Card
COF-01545,2024-09-23,"Americano with Milk",5,5,25,Card
COF-01546,2024-07-28,"Americano with Milk",3,5,15,Card
COF-01547,2025-03-31,"Americano with Milk",6,5,30,Card
COF-01548,2024-06-22,"Americano with Milk",4,5,20,Card
COF-01549,2024-04-23,"Americano with Milk",5,5,25,Card
COF-01550,2024-03-10,"Americano with Milk",2,5,10,Card
COF-01551,2025-03-20,"Americano with Milk",4,5,20,Card
COF-01552,2024-03-11,"Americano with Milk",3,5,15,Card
COF-01553,2025-03-18,"Americano with Milk",2,5,10,Card
COF-01554,2024-09-16,"Americano with Milk",6,5,30,Card
COF-01555,2024-03-05,"Americano with Milk",2,5,10,Card
COF-01556,2024-04-16,"Americano with Milk",8,5,40,Card
COF-01557,2025-02-10,"Americano with Milk",5,5,25,Card
COF-01558,2024-10-16,"Americano with Milk",7,5,35,Card
COF-01559,2024-06-12,"Americano with Milk",7,5,35,Card
COF-01560,2025-03-13,"Americano with Milk",7,5,35,Card
COF-01561,2025-01-05,"Americano with Milk",4,5,20,Card
COF-01562,2025-03-11,"Americano with Milk",3,5,15,Card
COF-01563,2024-07-30,"Americano with Milk",5,5,25,Card
COF-01564,2024-07-10,"Americano with Milk",5,5,25,Card
COF-01565,2024-12-20,"Americano with Milk",5,5,25,Card
COF-01566,2024-08-14,"Americano with Milk",4,5,20,Card
COF-01567,2024-09-01,"Americano with Milk",2,5,10,Card
COF-01568,2024-05-27,"Americano with Milk",3,5,15,Card
COF-01569,2025-03-11,"Americano with Milk",5,5,25,Card
COF-01570,2025-01-31,"Americano with Milk",8,5,40,Card
COF-01571,2024-05-05,"Americano with Milk",2,5,10,Card
COF-01572,2024-04-17,"Americano with Milk",7,5,35,Card
COF-01573,2024-12-02,"Americano with Milk",2,5,10,Card
COF-01574,2024-08-10,"Americano with Milk",7,5,35,Card
COF-01575,2024-03-29,"Americano with Milk",6,5,30,Cash
COF-01576,2024-04-16,"Americano with Milk",8,5,40,Card
COF-01577,2024-04-23,"Americano with Milk",8,5,40,Card
COF-01578,2024-07-13,"Americano with Milk",5,5,25,Card
COF-01579,2024-06-26,"Americano with Milk",6,5,30,Card
COF-01580,2024-03-15,"Americano with Milk",9,5,45,Card
COF-01581,2024-07-01,"Americano with Milk",6,5,30,Card
COF-01582,2024-11-25,"Americano with Milk",3,5,15,Card
COF-01583,2024-12-23,"Americano with Milk",6,5,30,Card
COF-01584,2024-10-29,"Americano with Milk",7,5,35,Card
COF-01585,2024-08-17,"Americano with Milk",2,5,10,Card
COF-01586,2024-07-10,"Americano with Milk",3,5,15,Card
COF-01587,2024-11-17,"Americano with Milk",8,5,40,Card
COF-01588,2024-07-05,"Americano with Milk",7,5,35,Card
COF-01589,2024-03-18,"Americano with Milk",8,5,40,Card
COF-01590,2024-12-07,"Americano with Milk",8,5,40,Card
COF-01591,2024-05-21,"Americano with Milk",7,5,35,Card
COF-01592,2025-03-11,"Americano with Milk",2,5,10,Card
COF-01593,2024-10-15,"Americano with Milk",5,5,25,Card
COF-01594,2024-10-31,"Americano with Milk",4,5,20,Card
COF-01595,2024-09-04,"Americano with Milk",6,5,30,Card
COF-01596,2024-06-01,"Americano with Milk",9,5,45,Card
COF-01597,2024-07-29,"Americano with Milk",9,5,45,Card
COF-01598,2024-09-23,"Americano with Milk",5,5,25,Card
COF-01599,2024-06-28,"Americano with Milk",9,5,45,Card
COF-01600,2025-01-13,"Americano with Milk",7,5,35,Card
COF-01601,2025-02-09,"Americano with Milk",2,5,10,Card
COF-01602,2024-11-01,"Americano with Milk",5,5,25,Card
COF-01603,2024-04-30,"Americano with Milk",5,5,25,Card
COF-01604,2024-03-30,"Americano with Milk",8,5,40,Card
COF-01605,2024-05-31,"Americano with Milk",2,5,10,Card
COF-01606,2024-07-16,"Americano with Milk",8,5,40,Card
COF-01607,2025-01-13,"Americano with Milk",8,5,40,Card
COF-01608,2024-04-08,"Americano with Milk",4,5,20,Card
COF-01609,2024-12-20,"Americano with Milk",7,5,35,Card
COF-01610,2025-02-17,"Americano with Milk",7,5,35,Card
COF-01611,2024-07-30,"Americano with Milk",8,5,40,Card
COF-01612,2024-03-15,"Americano with Milk",7,5,35,Card
COF-01613,2024-08-10,"Americano with Milk",8,5,40,Card
COF-01614,2024-03-25,"Americano with Milk",2,5,10,Card
COF-01615,2024-09-03,"Americano with Milk",4,5,20,Card
COF-01616,2024-11-14,"Americano with Milk",4,5,20,Card
COF-01617,2024-12-05,"Americano with Milk",9,5,45,Card
COF-01618,2024-11-05,"Americano with Milk",2,5,10,Card
COF-01619,2024-08-15,"Americano with Milk",8,5,40,Card
COF-01620,2025-03-08,"Americano with Milk",9,5,45,Card
COF-01621,2025-01-01,"Americano with Milk",4,5,20,Card
COF-01622,2025-01-31,"Americano with Milk",7,5,35,Card
COF-01623,2024-03-03,"Americano with Milk",3,5,15,Card
COF-01624,2024-04-23,"Americano with Milk",9,5,45,Card
COF-01625,2024-03-29,"Americano with Milk",7,5,35,Card
COF-01626,2024-09-08,"Americano with Milk",7,5,35,Cash
COF-01627,2024-11-14,"Americano with Milk",2,5,10,Card
COF-01628,2025-03-13,"Americano with Milk",3,5,15,Card
COF-01629,2025-03-17,"Americano with Milk",8,5,40,Card
COF-01630,2025-03-03,"Americano with Milk",6,5,30,Card
COF-01631,2024-10-30,"Americano with Milk",5,5,25,Card
COF-01632,2024-08-04,"Americano with Milk",4,5,20,Card
COF-01633,2024-10-24,"Americano with Milk",6,5,30,Card
COF-01634,2024-05-27,"Americano with Milk",7,5,35,Card
COF-01635,2024-03-15,"Americano with Milk",6,5,30,Cash
COF-01636,2024-04-30,"Americano with Milk",6,5,30,Card
COF-01637,2024-04-07,"Americano with Milk",9,5,45,Card
COF-01638,2024-11-28,"Americano with Milk",4,5,20,Card
COF-01639,2024-07-08,"Americano with Milk",8,5,40,Card
COF-01640,2024-04-27,"Americano with Milk",9,5,45,Card
COF-01641,2024-05-24,"Americano with Milk",2,5,10,Card
COF-01642,2024-07-07,"Americano with Milk",6,5,30,Card
COF-01643,2024-03-06,"Americano with Milk",7,5,35,Card
COF-01644,2025-02-24,"Americano with Milk",9,5,45,Cash
COF-01645,2024-08-09,"Americano with Milk",5,5,25,Card
COF-01646,2024-06-28,"Americano with Milk",9,5,45,Card
COF-01647,2024-11-20,"Americano with Milk",8,5,40,Card
COF-01648,2024-09-19,"Americano with Milk",8,5,40,Card
COF-01649,2025-01-21,"Americano with Milk",9,5,45,Card
COF-01650,2024-05-16,"Americano with Milk",2,5,10,Card
COF-01651,2024-12-22,"Americano with Milk",5,5,25,Card
COF-01652,2024-11-23,"Americano with Milk",2,5,10,Card
COF-01653,2024-09-19,"Americano with Milk",7,5,35,Card
COF-01654,2024-10-07,"Americano with Milk",3,5,15,Card
COF-01655,2025-01-13,"Americano with Milk",3,5,15,Card
COF-01656,2024-04-26,"Americano with Milk",4,5,20,Card
COF-01657,2024-07-14,"Americano with Milk",2,5,10,Card
COF-01658,2024-08-27,"Americano with Milk",5,5,25,Card
COF-01659,2024-12-22,"Americano with Milk",7,5,35,Card
COF-01660,2025-02-22,"Americano with Milk",6,5,30,Card
COF-01661,2024-06-20,"Americano with Milk",8,5,40,Card
COF-01662,2025-03-27,"Americano with Milk",3,5,15,Card
COF-01663,2024-06-16,"Americano with Milk",7,5,35,Card
COF-01664,2025-02-09,"Americano with Milk",8,5,40,Card
COF-01665,2024-10-11,"Americano with Milk",2,5,10,Card
COF-01666,2024-06-30,"Americano with Milk",7,5,35,Card
COF-01667,2024-11-02,"Americano with Milk",7,5,35,Card
COF-01668,2024-07-08,"Americano with Milk",8,5,40,Card
COF-01669,2024-10-08,"Americano with Milk",4,5,20,Card
COF-01670,2024-11-16,"Americano with Milk",9,5,45,Card
COF-01671,2024-07-09,"Americano with Milk",6,5,30,Card
COF-01672,2024-08-29,"Americano with Milk",4,5,20,Card
COF-01673,2024-06-19,"Americano with Milk",8,5,40,Cash
COF-01674,2024-11-02,"Americano with Milk",8,5,40,Card
COF-01675,2024-08-18,"Americano with Milk",5,5,25,Card
COF-01676,2024-12-03,"Americano with Milk",9,5,45,Card
COF-01677,2024-08-10,"Americano with Milk",5,5,25,Card
COF-01678,2024-10-20,"Americano with Milk",4,5,20,Card
COF-01679,2025-03-11,"Americano with Milk",9,5,45,Card
COF-01680,2024-10-08,"Americano with Milk",5,5,25,Card
COF-01681,2024-08-27,"Americano with Milk",6,5,30,Card
COF-01682,2024-04-17,"Americano with Milk",6,5,30,Card
COF-01683,2025-03-30,"Americano with Milk",2,5,10,Card
COF-01684,2024-07-16,"Americano with Milk",2,5,10,Card
COF-01685,2024-11-05,"Americano with Milk",2,5,10,Card
COF-01686,2024-04-08,"Americano with Milk",9,5,45,Card
COF-01687,2025-01-16,"Americano with Milk",8,5,40,Card
COF-01688,2024-10-29,"Americano with Milk",3,5,15,Card
COF-01689,2024-06-30,"Americano with Milk",7,5,35,Card
COF-01690,2024-08-01,"Americano with Milk",6,5,30,Card
COF-01691,2024-07-18,"Americano with Milk",7,5,35,Card
COF-01692,2024-05-02,"Americano with Milk",3,5,15,Card
COF-01693,2024-12-19,"Americano with Milk",4,5,20,Card
COF-01694,2024-03-20,"Americano with Milk",7,5,35,Card
COF-01695,2024-09-26,"Americano with Milk",2,5,10,Card
COF-01696,2024-04-11,"Americano with Milk",9,5,45,Card
COF-01697,2024-03-05,"Americano with Milk",8,5,40,Card
COF-01698,2024-10-18,"Americano with Milk",7,5,35,Card
COF-01699,2024-08-27,"Americano with Milk",8,5,40,Card
COF-01700,2024-07-05,"Americano with Milk",8,5,40,Card
COF-01701,2025-02-04,"Cappuccino",8,5.75,46,Card
COF-01702,2024-09-20,"Cappuccino",10,5.75,57.5,Card
COF-01703,2024-09-15,"Cappuccino",7,5.75,40.25,Card
COF-01704,2024-10-04,"Cappuccino",6,5.75,34.5,Card
COF-01705,2024-08-28,"Cappuccino",9,5.75,51.75,Card
COF-01706,2024-11-08,"Cappuccino",4,5.75,23,Card
COF-01707,2024-03-30,"Cappuccino",5,5.75,28.75,Card
COF-01708,2024-03-16,"Cappuccino",6,5.75,34.5,Card
COF-01709,2024-06-13,"Cappuccino",9,5.75,51.75,Card
COF-01710,2025-01-19,"Cappuccino",8,5.75,46,Card
COF-01711,2025-02-17,"Cappuccino",6,5.75,34.5,Card
COF-01712,2024-04-19,"Cappuccino",5,5.75,28.75,Card
COF-01713,2024-05-08,"Cappuccino",4,5.75,23,Card
COF-01714,2024-04-11,"Cappuccino",8,5.75,46,Card
COF-01715,2024-08-27,"Cappuccino",7,5.75,40.25,Card
COF-01716,2024-09-03,"Cappuccino",4,5.75,23,Card
COF-01717,2024-08-12,"Cappuccino",9,5.75,51.75,Card
COF-01718,2024-05-11,"Cappuccino",5,5.75,28.75,Card
COF-01719,2024-03-08,"Cappuccino",9,5.75,51.75,Card
COF-01720,2025-03-07,"Cappuccino",5,5.75,28.75,Card
COF-01721,2024-07-10,"Cappuccino",8,5.75,46,Card
COF-01722,2024-09-15,"Cappuccino",8,5.75,46,Card
COF-01723,2024-04-04,"Cappuccino",6,5.75,34.5,Card
COF-01724,2024-03-22,"Cappuccino",7,5.75,40.25,Card
COF-01725,2024-04-17,"Cappuccino",10,5.75,57.5,Card
COF-01726,2024-06-26,"Cappuccino",8,5.75,46,Card
COF-01727,2024-05-07,"Cappuccino",9,5.75,51.75,Card
COF-01728,2025-03-29,"Cappuccino",6,5.75,34.5,Card
COF-01729,2024-10-14,"Cappuccino",8,5.75,46,Card
COF-01730,2025-02-15,"Cappuccino",4,5.75,23,Card
COF-01731,2025-02-08,"Cappuccino",5,5.75,28.75,Card
COF-01732,2025-01-26,"Cappuccino",9,5.75,51.75,Card
COF-01733,2024-12-09,"Cappuccino",10,5.75,57.5,Card
COF-01734,2024-10-06,"Cappuccino",6,5.75,34.5,Card
COF-01735,2024-08-09,"Cappuccino",6,5.75,34.5,Card
COF-01736,2024-11-26,"Cappuccino",4,5.75,23,Card
COF-01737,2024-03-06,"Cappuccino",9,5.75,51.75,Card
COF-01738,2024-07-03,"Cappuccino",9,5.75,51.75,Card
COF-01739,2024-10-21,"Cappuccino",6,5.75,34.5,Card
COF-01740,2025-02-11,"Cappuccino",10,5.75,57.5,Card
COF-01741,2024-12-28,"Cappuccino",5,5.75,28.75,Card
COF-01742,2024-05-21,"Cappuccino",5,5.75,28.75,Card
COF-01743,2024-07-01,"Cappuccino",5,5.75,28.75,Card
COF-01744,2024-11-23,"Cappuccino",8,5.75,46,Card
COF-01745,2024-04-13,"Cappuccino",8,5.75,46,Card
COF-01746,2025-01-26,"Cappuccino",8,5.75,46,Card
COF-01747,2024-09-30,"Cappuccino",10,5.75,57.5,Card
COF-01748,2025-02-17,"Cappuccino",10,5.75,57.5,Card
COF-01749,2024-04-22,"Cappuccino",7,5.75,40.25,Card
COF-01750,2024-06-30,"Cappuccino",5,5.75,28.75,Card
COF-01751,2024-11-11,"Cappuccino",9,5.75,51.75,Cash
COF-01752,2025-02-05,"Cappuccino",9,5.75,51.75,Card
COF-01753,2024-10-14,"Cappuccino",5,5.75,28.75,Card
COF-01754,2024-04-18,"Cappuccino",6,5.75,34.5,Card
COF-01755,2024-04-04,"Cappuccino",6,5.75,34.5,Card
COF-01756,2024-10-24,"Cappuccino",5,5.75,28.75,Card
COF-01757,2024-03-20,"Cappuccino",9,5.75,51.75,Card
COF-01758,2024-06-02,"Cappuccino",6,5.75,34.5,Card
COF-01759,2024-06-23,"Cappuccino",10,5.75,57.5,Card
COF-01760,2025-01-28,"Cappuccino",4,5.75,23,Card
COF-01761,2024-12-27,"Cappuccino",4,5.75,23,Card
COF-01762,2024-12-24,"Cappuccino",4,5.75,23,Card
COF-01763,2024-10-29,"Cappuccino",5,5.75,28.75,Card
COF-01764,2024-05-27,"Cappuccino",5,5.75,28.75,Card
COF-01765,2025-02-06,"Cappuccino",6,5.75,34.5,Card
COF-01766,2025-02-11,"Cappuccino",9,5.75,51.75,Card
COF-01767,2024-06-04,"Cappuccino",7,5.75,40.25,Card
COF-01768,2024-07-04,"Cappuccino",5,5.75,28.75,Card
COF-01769,2024-11-27,"Cappuccino",6,5.75,34.5,Card
COF-01770,2025-03-27,"Cappuccino",8,5.75,46,Card
COF-01771,2025-02-06,"Cappuccino",9,5.75,51.75,Card
COF-01772,2024-10-02,"Cappuccino",6,5.75,34.5,Card
COF-01773,2024-12-18,"Cappuccino",6,5.75,34.5,Card
COF-01774,2024-08-05,"Cappuccino",10,5.75,57.5,Card
COF-01775,2024-07-06,"Cappuccino",9,5.75,51.75,Card
COF-01776,2024-07-26,"Cappuccino",6,5.75,34.5,Card
COF-01777,2024-09-21,"Cappuccino",6,5.75,34.5,Card
COF-01778,2025-01-06,"Cappuccino",8,5.75,46,Card
COF-01779,2024-06-22,"Cappuccino",7,5.75,40.25,Card
COF-01780,2024-10-02,"Cappuccino",4,5.75,23,Card
COF-01781,2024-06-05,"Cappuccino",8,5.75,46,Card
COF-01782,2025-02-24,"Cappuccino",6,5.75,34.5,Card
COF-01783,2024-06-08,"Cappuccino",6,5.75,34.5,Card
COF-01784,2024-04-27,"Cappuccino",4,5.75,23,Card
COF-01785,2024-05-29,"Cappuccino",9,5.75,51.75,Card
COF-01786,2024-08-01,"Cappuccino",10,5.75,57.5,Card
COF-01787,2024-03-02,"Cappuccino",6,5.75,34.5,Card
COF-01788,2024-10-15,"Cappuccino",7,5.75,40.25,Card
COF-01789,2025-02-01,"Cappuccino",4,5.75,23,Card
COF-01790,2024-10-20,"Cappuccino",5,5.75,28.75,Card
COF-01791,2024-11-03,"Cappuccino",5,5.75,28.75,Card
COF-01792,2024-11-28,"Cappuccino",5,5.75,28.75,Card
COF-01793,2024-06-21,"Cappuccino",6,5.75,34.5,Card
COF-01794,2025-03-16,"Cappuccino",4,5.75,23,Card
COF-01795,2025-02-06,"Cappuccino",6,5.75,34.5,Card
COF-01796,2024-10-21,"Cappuccino",7,5.75,40.25,Card
COF-01797,2025-03-30,"Cappuccino",10,5.75,57.5,Card
COF-01798,2024-07-06,"Cappuccino",7,5.75,40.25,Card
COF-01799,2024-10-18,"Cappuccino",8,5.75,46,Card
COF-01800,2024-09-20,"Cappuccino",4,5.75,23,Card
COF-01801,2024-08-04,"Cappuccino",8,5.75,46,Card
COF-01802,2024-04-25,"Cappuccino",7,5.75,40.25,Card
COF-01803,2024-05-23,"Cappuccino",7,5.75,40.25,Card
COF-01804,2024-05-11,"Cappuccino",4,5.75,23,Card
COF-01805,2025-03-12,"Cappuccino",4,5.75,23,Card
COF-01806,2025-03-26,"Cappuccino",8,5.75,46,Card
COF-01807,2025-02-15,"Cappuccino",5,5.75,28.75,Card
COF-01808,2024-07-29,"Cappuccino",8,5.75,46,Card
COF-01809,2024-09-02,"Cappuccino",6,5.75,34.5,Card
COF-01810,2024-09-17,"Cappuccino",4,5.75,23,Card
COF-01811,2024-05-25,"Cappuccino",9,5.75,51.75,Card
COF-01812,2024-05-17,"Cappuccino",7,5.75,40.25,Card
COF-01813,2025-03-27,"Cappuccino",9,5.75,51.75,Card
COF-01814,2024-07-08,"Cappuccino",6,5.75,34.5,Cash
COF-01815,2024-03-26,"Cappuccino",9,5.75,51.75,Card
COF-01816,2025-02-07,"Cappuccino",6,5.75,34.5,Card
COF-01817,2024-10-10,"Cappuccino",8,5.75,46,Card
COF-01818,2024-03-21,"Cappuccino",8,5.75,46,Card
COF-01819,2024-12-29,"Cappuccino",4,5.75,23,Card
COF-01820,2024-12-03,"Cappuccino",8,5.75,46,Card
COF-01821,2024-06-25,"Cappuccino",8,5.75,46,Card
COF-01822,2024-05-20,"Cappuccino",10,5.75,57.5,Card
COF-01823,2024-05-29,"Cappuccino",9,5.75,51.75,Card
COF-01824,2024-12-17,"Cappuccino",10,5.75,57.5,Card
COF-01825,2024-06-06,"Cappuccino",7,5.75,40.25,Card
COF-01826,2024-09-11,"Cappuccino",6,5.75,34.5,Card
COF-01827,2024-10-10,"Cappuccino",8,5.75,46,Card
COF-01828,2024-04-30,"Cappuccino",10,5.75,57.5,Card
COF-01829,2024-09-28,"Cappuccino",5,5.75,28.75,Card
COF-01830,2024-10-09,"Cappuccino",7,5.75,40.25,Card
COF-01831,2024-08-01,"Cappuccino",6,5.75,34.5,Card
COF-01832,2024-11-08,"Cappuccino",4,5.75,23,Card
COF-01833,2024-10-20,"Cappuccino",10,5.75,57.5,Card
COF-01834,2024-08-31,"Cappuccino",8,5.75,46,Card
COF-01835,2024-03-10,"Cappuccino",9,5.75,51.75,Card
COF-01836,2025-03-17,"Cappuccino",9,5.75,51.75,Card
COF-01837,2025-02-25,"Cappuccino",5,5.75,28.75,Card
COF-01838,2024-06-24,"Cappuccino",4,5.75,23,Card
COF-01839,2024-06-21,"Cappuccino",4,5.75,23,Card
COF-01840,2025-03-03,"Cappuccino",8,5.75,46,Card
COF-01841,2024-05-14,"Cappuccino",8,5.75,46,Card
COF-01842,2025-03-01,"Cappuccino",6,5.75,34.5,Card
COF-01843,2025-03-06,"Cappuccino",8,5.75,46,Card
COF-01844,2024-05-22,"Cappuccino",10,5.75,57.5,Card
COF-01845,2025-03-02,"Cappuccino",4,5.75,23,Card
COF-01846,2024-07-03,"Cappuccino",4,5.75,23,Card
COF-01847,2025-02-22,"Cappuccino",7,5.75,40.25,Card
COF-01848,2024-04-02,"Cappuccino",8,5.75,46,Card
COF-01849,2025-02-01,"Cappuccino",4,5.75,23,Card
COF-01850,2025-03-24,"Cappuccino",6,5.75,34.5,Card
COF-01851,2025-02-24,"Cappuccino",8,5.75,46,Card
COF-01852,2024-03-20,"Cappuccino",5,5.75,28.75,Card
COF-01853,2024-06-24,"Cappuccino",4,5.75,23,Card
COF-01854,2025-02-16,"Cappuccino",4,5.75,23,Card
COF-01855,2024-09-27,"Cappuccino",8,5.75,46,Card
COF-01856,2024-06-06,"Cappuccino",6,5.75,34.5,Card
COF-01857,2024-04-14,"Cappuccino",10,5.75,57.5,Cash
COF-01858,2024-11-13,"Cappuccino",4,5.75,23,Card
COF-01859,2024-08-23,"Cappuccino",4,5.75,23,Cash
COF-01860,2024-05-07,"Cappuccino",4,5.75,23,Card
COF-01861,2024-10-08,"Cappuccino",10,5.75,57.5,Card
COF-01862,2024-11-09,"Cappuccino",6,5.75,34.5,Card
COF-01863,2024-06-12,"Cappuccino",10,5.75,57.5,Card
COF-01864,2025-03-24,"Cappuccino",4,5.75,23,Card
COF-01865,2024-11-07,"Cappuccino",4,5.75,23,Card
COF-01866,2024-05-03,"Cappuccino",7,5.75,40.25,Card
COF-01867,2025-01-04,"Cappuccino",8,5.75,46,Card
COF-01868,2024-04-15,"Cappuccino",10,5.75,57.5,Card
COF-01869,2025-02-11,"Cappuccino",5,5.75,28.75,Card
COF-01870,2024-04-07,"Cappuccino",8,5.75,46,Card
COF-01871,2025-03-17,"Cappuccino",4,5.75,23,Card
COF-01872,2024-05-29,"Cappuccino",6,5.75,34.5,Card
COF-01873,2025-03-10,"Cappuccino",10,5.75,57.5,Card
COF-01874,2024-04-23,"Cappuccino",10,5.75,57.5,Card
COF-01875,2024-05-23,"Cappuccino",4,5.75,23,Card
COF-01876,2025-03-26,"Cappuccino",4,5.75,23,Cash
COF-01877,2024-10-08,"Cappuccino",5,5.75,28.75,Card
COF-01878,2024-03-28,"Cappuccino",6,5.75,34.5,Card
COF-01879,2024-09-25,"Cappuccino",7,5.75,40.25,Card
COF-01880,2025-02-06,"Cappuccino",9,5.75,51.75,Card
COF-01881,2024-10-24,"Cappuccino",5,5.75,28.75,Card
COF-01882,2024-11-15,"Cappuccino",4,5.75,23,Card
COF-01883,2025-03-30,"Cappuccino",6,5.75,34.5,Card
COF-01884,2024-08-31,"Cappuccino",5,5.75,28.75,Card
COF-01885,2024-09-30,"Cappuccino",8,5.75,46,Card
COF-01886,2024-06-02,"Cappuccino",10,5.75,57.5,Card
COF-01887,2024-08-24,"Cappuccino",10,5.75,57.5,Card
COF-01888,2024-11-06,"Cappuccino",7,5.75,40.25,Card
COF-01889,2024-10-29,"Cappuccino",10,5.75,57.5,Card
COF-01890,2024-10-11,"Cappuccino",8,5.75,46,Card
COF-01891,2025-03-28,"Cappuccino",4,5.75,23,Card
COF-01892,2024-07-24,"Cappuccino",7,5.75,40.25,Card
COF-01893,2024-05-27,"Cappuccino",7,5.75,40.25,Card
COF-01894,2024-03-16,"Cappuccino",10,5.75,57.5,Card
COF-01895,2024-07-05,"Cappuccino",4,5.75,23,Card
COF-01896,2025-02-21,"Cappuccino",7,5.75,40.25,Card
COF-01897,2025-01-27,"Cappuccino",6,5.75,34.5,Card
COF-01898,2024-07-16,"Cappuccino",6,5.75,34.5,Card
COF-01899,2025-01-09,"Cappuccino",10,5.75,57.5,Card
COF-01900,2025-03-11,"Cappuccino",4,5.75,23,Card
COF-01901,2024-05-08,"Cappuccino",7,5.75,40.25,Card
COF-01902,2025-01-12,"Cappuccino",7,5.75,40.25,Card
COF-01903,2024-09-25,"Cappuccino",5,5.75,28.75,Card
COF-01904,2025-01-13,"Cappuccino",4,5.75,23,Card
COF-01905,2024-11-02,"Cappuccino",6,5.75,34.5,Card
COF-01906,2024-11-08,"Cappuccino",6,5.75,34.5,Card
COF-01907,2024-06-07,"Cappuccino",8,5.75,46,Card
COF-01908,2025-03-27,"Cappuccino",9,5.75,51.75,Card
COF-01909,2024-07-13,"Cappuccino",8,5.75,46,Card
COF-01910,2024-06-11,"Cappuccino",8,5.75,46,Card
COF-01911,2024-05-14,"Cappuccino",5,5.75,28.75,Card
COF-01912,2025-03-27,"Cappuccino",10,5.75,57.5,Card
COF-01913,2025-02-18,"Cappuccino",7,5.75,40.25,Card
COF-01914,2025-03-08,"Cappuccino",6,5.75,34.5,Card
COF-01915,2024-11-06,"Cappuccino",4,5.75,23,Card
COF-01916,2024-05-18,"Cappuccino",9,5.75,51.75,Cash
COF-01917,2025-03-20,"Cappuccino",5,5.75,28.75,Card
COF-01918,2024-05-14,"Cappuccino",8,5.75,46,Card
COF-01919,2024-12-27,"Cappuccino",5,5.75,28.75,Card
COF-01920,2024-06-29,"Cappuccino",7,5.75,40.25,Card
COF-01921,2024-09-03,"Cappuccino",5,5.75,28.75,Card
COF-01922,2024-10-01,"Cappuccino",8,5.75,46,Card
COF-01923,2025-01-24,"Cappuccino",8,5.75,46,Card
COF-01924,2024-07-14,"Cappuccino",9,5.75,51.75,Card
COF-01925,2025-01-19,"Cappuccino",6,5.75,34.5,Card
COF-01926,2024-03-04,"Cappuccino",6,5.75,34.5,Card
COF-01927,2024-04-21,"Cappuccino",4,5.75,23,Card
COF-01928,2024-11-12,"Cappuccino",6,5.75,34.5,Card
COF-01929,2025-02-27,"Cappuccino",4,5.75,23,Card
COF-01930,2024-05-11,"Cappuccino",5,5.75,28.75,Card
COF-01931,2025-02-03,"Cappuccino",8,5.75,46,Card
COF-01932,2025-01-09,"Cappuccino",7,5.75,40.25,Card
COF-01933,2024-12-25,"Cappuccino",4,5.75,23,Card
COF-01934,2024-09-29,"Cappuccino",6,5.75,34.5,Card
COF-01935,2024-09-04,"Cappuccino",8,5.75,46,Card
COF-01936,2025-02-02,"Cappuccino",6,5.75,34.5,Card
COF-01937,2024-03-01,"Cappuccino",9,5.75,51.75,Card
COF-01938,2024-03-05,"Cappuccino",5,5.75,28.75,Card
COF-01939,2025-02-23,"Cappuccino",9,5.75,51.75,Card
COF-01940,2024-05-12,"Cappuccino",8,5.75,46,Card
COF-01941,2024-05-06,"Cappuccino",8,5.75,46,Card
COF-01942,2025-02-04,"Cappuccino",7,5.75,40.25,Card
COF-01943,2024-12-19,"Cappuccino",4,5.75,23,Card
COF-01944,2024-05-28,"Cappuccino",5,5.75,28.75,Card
COF-01945,2024-06-16,"Cappuccino",8,5.75,46,Card
COF-01946,2025-01-22,"Cappuccino",5,5.75,28.75,Card
COF-01947,2024-03-01,"Cappuccino",4,5.75,23,Card
COF-01948,2024-05-12,"Cappuccino",5,5.75,28.75,Card
COF-01949,2025-01-31,"Cappuccino",9,5.75,51.75,Card
COF-01950,2024-12-16,"Cappuccino",10,5.75,57.5,Card
COF-01951,2024-04-20,"Cappuccino",8,5.75,46,Card
COF-01952,2025-01-14,"Cappuccino",6,5.75,34.5,Card
COF-01953,2024-11-27,"Cappuccino",8,5.75,46,Card
COF-01954,2024-06-13,"Cappuccino",4,5.75,23,Card
COF-01955,2024-10-05,"Cappuccino",9,5.75,51.75,Card
COF-01956,2024-10-10,"Cappuccino",9,5.75,51.75,Card
COF-01957,2024-10-02,"Cappuccino",4,5.75,23,Card
COF-01958,2024-07-05,"Cappuccino",5,5.75,28.75,Card
COF-01959,2025-03-25,"Cappuccino",10,5.75,57.5,Card
COF-01960,2025-03-03,"Cappuccino",4,5.75,23,Card
COF-01961,2024-12-15,"Cappuccino",4,5.75,23,Card
COF-01962,2024-05-16,"Cappuccino",4,5.75,23,Card
COF-01963,2025-01-11,"Cappuccino",7,5.75,40.25,Card
COF-01964,2024-03-24,"Cappuccino",4,5.75,23,Card
COF-01965,2024-09-23,"Cappuccino",9,5.75,51.75,Card
COF-01966,2024-06-21,"Cappuccino",8,5.75,46,Card
COF-01967,2025-03-23,"Cappuccino",6,5.75,34.5,Card
COF-01968,2025-01-27,"Cappuccino",5,5.75,28.75,Card
COF-01969,2025-03-30,"Cappuccino",9,5.75,51.75,Card
COF-01970,2025-02-22,"Cappuccino",9,5.75,51.75,Card
COF-01971,2024-06-06,"Cappuccino",9,5.75,51.75,Card
COF-01972,2024-09-14,"Cappuccino",7,5.75,40.25,Card
COF-01973,2024-05-22,"Cappuccino",6,5.75,34.5,Card
COF-01974,2025-01-19,"Cappuccino",9,5.75,51.75,Card
COF-01975,2024-07-18,"Cappuccino",7,5.75,40.25,Card
COF-01976,2024-04-06,"Cappuccino",9,5.75,51.75,Card
COF-01977,2024-10-29,"Cappuccino",8,5.75,46,Card
COF-01978,2024-03-26,"Cappuccino",10,5.75,57.5,Card
COF-01979,2024-09-30,"Cappuccino",10,5.75,57.5,Card
COF-01980,2024-07-11,"Cappuccino",5,5.75,28.75,Card
COF-01981,2024-06-23,"Cappuccino",10,5.75,57.5,Card
COF-01982,2025-01-27,"Cappuccino",9,5.75,51.75,Card
COF-01983,2025-03-13,"Cappuccino",4,5.75,23,Card
COF-01984,2025-01-29,"Cappuccino",4,5.75,23,Card
COF-01985,2024-12-12,"Cappuccino",5,5.75,28.75,Card
COF-01986,2025-01-22,"Cappuccino",7,5.75,40.25,Card
COF-01987,2025-02-05,"Cappuccino",10,5.75,57.5,Cash
COF-01988,2025-03-10,"Cappuccino",6,5.75,34.5,Card
COF-01989,2024-03-14,"Cappuccino",5,5.75,28.75,Card
COF-01990,2025-02-13,"Cappuccino",10,5.75,57.5,Card
COF-01991,2024-06-21,"Cappuccino",10,5.75,57.5,Card
COF-01992,2024-08-04,"Cappuccino",7,5.75,40.25,Card
COF-01993,2024-11-06,"Cappuccino",7,5.75,40.25,Card
COF-01994,2024-10-08,"Cappuccino",4,5.75,23,Card
COF-01995,2024-06-04,"Cappuccino",9,5.75,51.75,Card
COF-01996,2024-03-31,"Cappuccino",6,5.75,34.5,Card
COF-01997,2024-05-20,"Cappuccino",8,5.75,46,Card
COF-01998,2024-04-16,"Cappuccino",7,5.75,40.25,Card
COF-01999,2024-06-17,"Cappuccino",6,5.75,34.5,Card
COF-02000,2024-09-22,"Cappuccino",9,5.75,51.75,Card
COF-02001,2024-10-14,"Cappuccino",4,5.75,23,Card
COF-02002,2024-10-09,"Cappuccino",7,5.75,40.25,Card
COF-02003,2024-04-15,"Cappuccino",6,5.75,34.5,Card
COF-02004,2024-11-12,"Cappuccino",5,5.75,28.75,Card
COF-02005,2024-03-12,"Cappuccino",6,5.75,34.5,Card
COF-02006,2024-06-02,"Cappuccino",8,5.75,46,Card
COF-02007,2024-09-15,"Cappuccino",10,5.75,57.5,Card
COF-02008,2024-03-06,"Cappuccino",8,5.75,46,Card
COF-02009,2024-06-02,"Cappuccino",5,5.75,28.75,Card
COF-02010,2025-02-07,"Cappuccino",4,5.75,23,Card
COF-02011,2024-06-18,"Cappuccino",4,5.75,23,Card
COF-02012,2024-03-18,"Cappuccino",10,5.75,57.5,Card
COF-02013,2024-12-07,"Cappuccino",8,5.75,46,Card
COF-02014,2024-08-14,"Cappuccino",10,5.75,57.5,Cash
COF-02015,2024-05-06,"Cappuccino",7,5.75,40.25,Card
COF-02016,2024-08-18,"Cappuccino",4,5.75,23,Card
COF-02017,2024-09-26,"Cappuccino",4,5.75,23,Card
COF-02018,2024-03-28,"Cappuccino",4,5.75,23,Card
COF-02019,2025-01-06,"Cappuccino",7,5.75,40.25,Card
COF-02020,2025-01-19,"Cappuccino",6,5.75,34.5,Card
COF-02021,2025-01-11,"Cappuccino",5,5.75,28.75,Card
COF-02022,2024-08-20,"Cappuccino",6,5.75,34.5,Card
COF-02023,2024-06-15,"Cappuccino",10,5.75,57.5,Card
COF-02024,2024-12-02,"Cappuccino",7,5.75,40.25,Card
COF-02025,2024-07-06,"Cappuccino",4,5.75,23,Card
COF-02026,2025-01-25,"Cappuccino",9,5.75,51.75,Card
COF-02027,2024-12-13,"Cappuccino",9,5.75,51.75,Card
COF-02028,2024-05-31,"Cappuccino",6,5.75,34.5,Card
COF-02029,2024-10-06,"Cappuccino",5,5.75,28.75,Card
COF-02030,2025-02-02,"Cappuccino",5,5.75,28.75,Card
COF-02031,2024-11-23,"Cappuccino",10,5.75,57.5,Card
COF-02032,2025-01-17,"Cappuccino",8,5.75,46,Card
COF-02033,2025-01-11,"Cappuccino",9,5.75,51.75,Card
COF-02034,2024-08-22,"Cappuccino",5,5.75,28.75,Card
COF-02035,2025-02-02,"Cappuccino",9,5.75,51.75,Card
COF-02036,2024-10-28,"Cappuccino",9,5.75,51.75,Card
COF-02037,2025-02-04,"Cappuccino",10,5.75,57.5,Card
COF-02038,2024-06-14,"Cappuccino",4,5.75,23,Card
COF-02039,2024-07-01,"Cappuccino",7,5.75,40.25,Card
COF-02040,2024-04-20,"Cappuccino",10,5.75,57.5,Card
COF-02041,2025-03-25,"Cappuccino",6,5.75,34.5,Card
COF-02042,2025-02-16,"Cappuccino",4,5.75,23,Card
COF-02043,2024-11-22,"Cappuccino",7,5.75,40.25,Card
COF-02044,2024-06-18,"Cappuccino",4,5.75,23,Card
COF-02045,2025-03-07,"Cappuccino",5,5.75,28.75,Card
COF-02046,2025-03-22,"Cappuccino",6,5.75,34.5,Card
COF-02047,2024-10-13,"Cappuccino",10,5.75,57.5,Card
COF-02048,2024-05-02,"Cappuccino",10,5.75,57.5,Card
COF-02049,2024-12-07,"Cappuccino",6,5.75,34.5,Card
COF-02050,2025-01-24,"Cappuccino",7,5.75,40.25,Card
COF-02051,2025-01-15,"Cappuccino",8,5.75,46,Card
COF-02052,2024-03-10,"Cappuccino",7,5.75,40.25,Card
COF-02053,2024-07-29,"Cappuccino",10,5.75,57.5,Card
COF-02054,2025-02-10,"Cappuccino",10,5.75,57.5,Card
COF-02055,2024-09-06,"Cappuccino",8,5.75,46,Card
COF-02056,2024-10-23,"Cappuccino",6,5.75,34.5,Card
COF-02057,2025-02-12,"Cappuccino",6,5.75,34.5,Card
COF-02058,2024-08-06,"Cappuccino",7,5.75,40.25,Card
COF-02059,2024-12-03,"Cappuccino",9,5.75,51.75,Card
COF-02060,2024-08-12,"Cappuccino",5,5.75,28.75,Card
COF-02061,2025-01-26,"Cappuccino",9,5.75,51.75,Cash
COF-02062,2024-08-08,"Cappuccino",7,5.75,40.25,Card
COF-02063,2024-06-13,"Cappuccino",10,5.75,57.5,Card
COF-02064,2025-02-16,"Cappuccino",8,5.75,46,Card
COF-02065,2024-12-02,"Cappuccino",8,5.75,46,Cash
COF-02066,2024-05-27,"Cappuccino",8,5.75,46,Card
COF-02067,2024-08-02,"Cappuccino",4,5.75,23,Card
COF-02068,2025-03-27,"Cappuccino",10,5.75,57.5,Card
COF-02069,2025-02-05,"Cappuccino",6,5.75,34.5,Card
COF-02070,2025-02-26,"Cappuccino",6,5.75,34.5,Card
COF-02071,2024-07-10,"Cappuccino",10,5.75,57.5,Card
COF-02072,2024-05-17,"Cappuccino",4,5.75,23,Card
COF-02073,2024-06-03,"Cappuccino",4,5.75,23,Card
COF-02074,2024-10-06,"Cappuccino",6,5.75,34.5,Card
COF-02075,2025-03-24,"Cappuccino",10,5.75,57.5,Card
COF-02076,2025-01-04,"Cappuccino",8,5.75,46,Card
COF-02077,2025-03-02,"Cappuccino",7,5.75,40.25,Card
COF-02078,2024-03-03,"Cappuccino",4,5.75,23,Card
COF-02079,2024-09-28,"Cappuccino",9,5.75,51.75,Card
COF-02080,2025-01-22,"Cappuccino",7,5.75,40.25,Card
COF-02081,2024-06-07,"Cappuccino",6,5.75,34.5,Card
COF-02082,2024-05-18,"Cappuccino",7,5.75,40.25,Card
COF-02083,2024-11-01,"Cappuccino",7,5.75,40.25,Card
COF-02084,2025-02-27,"Cappuccino",10,5.75,57.5,Card
COF-02085,2024-06-27,"Cappuccino",9,5.75,51.75,Card
COF-02086,2024-11-19,"Cappuccino",4,5.75,23,Card
COF-02087,2024-08-20,"Cappuccino",4,5.75,23,Card
COF-02088,2024-06-09,"Cappuccino",10,5.75,57.5,Card
COF-02089,2024-09-07,"Cappuccino",6,5.75,34.5,Card
COF-02090,2024-12-13,"Cappuccino",8,5.75,46,Card
COF-02091,2024-05-20,"Cappuccino",6,5.75,34.5,Card
COF-02092,2024-03-22,"Cappuccino",6,5.75,34.5,Card
COF-02093,2025-01-20,"Cappuccino",9,5.75,51.75,Card
COF-02094,2024-04-11,"Cappuccino",5,5.75,28.75,Card
COF-02095,2024-05-20,"Cappuccino",4,5.75,23,Card
COF-02096,2024-10-02,"Cappuccino",8,5.75,46,Card
COF-02097,2024-06-20,"Cappuccino",10,5.75,57.5,Card
COF-02098,2025-03-02,"Cappuccino",6,5.75,34.5,Card
COF-02099,2024-07-19,"Cappuccino",10,5.75,57.5,Card
COF-02100,2024-12-22,"Cappuccino",9,5.75,51.75,Card
COF-02101,2024-12-01,"Cappuccino",10,5.75,57.5,Card
COF-02102,2024-09-01,"Cappuccino",8,5.75,46,Card
COF-02103,2024-03-30,"Cappuccino",5,5.75,28.75,Card
COF-02104,2025-01-11,"Cappuccino",9,5.75,51.75,Card
COF-02105,2024-09-29,"Cappuccino",6,5.75,34.5,Card
COF-02106,2024-09-18,"Cappuccino",4,5.75,23,Card
COF-02107,2024-07-15,"Cappuccino",10,5.75,57.5,Card
COF-02108,2024-12-21,"Cappuccino",7,5.75,40.25,Card
COF-02109,2024-07-17,"Cappuccino",5,5.75,28.75,Cash
COF-02110,2024-03-28,"Cappuccino",8,5.75,46,Card
COF-02111,2024-11-01,"Cappuccino",4,5.75,23,Card
COF-02112,2024-05-17,"Cappuccino",6,5.75,34.5,Card
COF-02113,2024-07-19,"Cappuccino",9,5.75,51.75,Card
COF-02114,2025-03-02,"Cappuccino",7,5.75,40.25,Card
COF-02115,2024-11-17,"Cappuccino",7,5.75,40.25,Cash
COF-02116,2024-10-31,"Cappuccino",6,5.75,34.5,Card
COF-02117,2024-10-01,"Cappuccino",9,5.75,51.75,Card
COF-02118,2024-07-30,"Cappuccino",6,5.75,34.5,Card
COF-02119,2024-10-30,"Cappuccino",10,5.75,57.5,Card
COF-02120,2024-03-21,"Cappuccino",4,5.75,23,Card
COF-02121,2024-10-05,"Cappuccino",4,5.75,23,Card
COF-02122,2024-05-28,"Cappuccino",5,5.75,28.75,Card
COF-02123,2024-05-01,"Cappuccino",6,5.75,34.5,Card
COF-02124,2024-11-14,"Cappuccino",5,5.75,28.75,Card
COF-02125,2024-11-27,"Cappuccino",6,5.75,34.5,Card
COF-02126,2024-05-02,"Cappuccino",4,5.75,23,Card
COF-02127,2024-12-29,"Cappuccino",9,5.75,51.75,Card
COF-02128,2025-03-15,"Cappuccino",7,5.75,40.25,Card
COF-02129,2024-07-21,"Cappuccino",5,5.75,28.75,Card
COF-02130,2024-06-22,"Cappuccino",8,5.75,46,Card
COF-02131,2025-01-17,"Cappuccino",6,5.75,34.5,Card
COF-02132,2025-02-04,"Cappuccino",6,5.75,34.5,Card
COF-02133,2025-02-25,"Cappuccino",7,5.75,40.25,Card
COF-02134,2024-06-08,"Cappuccino",7,5.75,40.25,Card
COF-02135,2024-04-24,"Cappuccino",10,5.75,57.5,Card
COF-02136,2024-11-08,"Cappuccino",8,5.75,46,Card
COF-02137,2024-07-04,"Cappuccino",7,5.75,40.25,Card
COF-02138,2024-09-12,"Cappuccino",6,5.75,34.5,Card
COF-02139,2024-10-02,"Cappuccino",8,5.75,46,Card
COF-02140,2024-12-01,"Cappuccino",10,5.75,57.5,Card
COF-02141,2024-04-11,"Cappuccino",10,5.75,57.5,Card
COF-02142,2024-08-30,"Cappuccino",9,5.75,51.75,Card
COF-02143,2024-11-28,"Cappuccino",9,5.75,51.75,Card
COF-02144,2025-03-30,"Cappuccino",5,5.75,28.75,Card
COF-02145,2024-11-15,"Cappuccino",7,5.75,40.25,Card
COF-02146,2025-01-28,"Cappuccino",9,5.75,51.75,Card
COF-02147,2024-05-02,"Cappuccino",9,5.75,51.75,Card
COF-02148,2024-11-26,"Cappuccino",10,5.75,57.5,Card
COF-02149,2024-10-24,"Cappuccino",6,5.75,34.5,Cash
COF-02150,2024-06-04,"Cappuccino",6,5.75,34.5,Card
COF-02151,2025-03-28,"Cappuccino",5,5.75,28.75,Card
COF-02152,2024-07-21,"Cappuccino",5,5.75,28.75,Card
COF-02153,2024-06-22,"Cappuccino",8,5.75,46,Card
COF-02154,2025-01-27,"Cappuccino",10,5.75,57.5,Card
COF-02155,2025-03-08,"Cappuccino",6,5.75,34.5,Card
COF-02156,2024-05-23,"Cappuccino",9,5.75,51.75,Card
COF-02157,2024-04-12,"Cappuccino",8,5.75,46,Card
COF-02158,2025-01-26,"Cappuccino",7,5.75,40.25,Card
COF-02159,2024-08-07,"Cappuccino",6,5.75,34.5,Card
COF-02160,2024-11-09,"Cappuccino",10,5.75,57.5,Card
COF-02161,2025-01-26,"Americano",6,4.5,27,Card
COF-02162,2024-06-12,"Americano",3,4.5,13.5,Card
COF-02163,2024-04-01,"Americano",5,4.5,22.5,Card
COF-02164,2024-11-26,"Americano",7,4.5,31.5,Card
COF-02165,2024-10-20,"Americano",5,4.5,22.5,Card
COF-02166,2024-11-19,"Americano",8,4.5,36,Card
COF-02167,2025-02-23,"Americano",6,4.5,27,Card
COF-02168,2024-06-06,"Americano",4,4.5,18,Card
COF-02169,2024-03-05,"Americano",4,4.5,18,Card
COF-02170,2024-08-17,"Americano",10,4.5,45,Card
COF-02171,2024-11-29,"Americano",8,4.5,36,Card
COF-02172,2024-09-26,"Americano",3,4.5,13.5,Card
COF-02173,2024-07-22,"Americano",8,4.5,36,Card
COF-02174,2024-05-14,"Americano",4,4.5,18,Card
COF-02175,2024-08-05,"Americano",6,4.5,27,Card
COF-02176,2024-11-02,"Americano",4,4.5,18,Card
COF-02177,2024-07-27,"Americano",8,4.5,36,Card
COF-02178,2024-06-09,"Americano",8,4.5,36,Card
COF-02179,2024-03-14,"Americano",7,4.5,31.5,Card
COF-02180,2025-02-18,"Americano",5,4.5,22.5,Card
COF-02181,2024-07-15,"Americano",8,4.5,36,Card
COF-02182,2024-11-12,"Americano",10,4.5,45,Card
COF-02183,2024-07-10,"Americano",3,4.5,13.5,Card
COF-02184,2024-06-13,"Americano",5,4.5,22.5,Card
COF-02185,2024-07-09,"Americano",8,4.5,36,Card
COF-02186,2025-03-09,"Americano",9,4.5,40.5,Card
COF-02187,2024-09-02,"Americano",6,4.5,27,Card
COF-02188,2024-08-31,"Americano",3,4.5,13.5,Card
COF-02189,2024-03-18,"Americano",6,4.5,27,Card
COF-02190,2024-07-14,"Americano",6,4.5,27,Card
COF-02191,2024-05-16,"Americano",6,4.5,27,Card
COF-02192,2024-09-01,"Americano",9,4.5,40.5,Card
COF-02193,2024-05-19,"Americano",9,4.5,40.5,Card
COF-02194,2024-06-01,"Americano",5,4.5,22.5,Card
COF-02195,2025-02-21,"Americano",3,4.5,13.5,Card
COF-02196,2024-10-29,"Americano",10,4.5,45,Cash
COF-02197,2024-05-24,"Americano",3,4.5,13.5,Card
COF-02198,2024-10-26,"Americano",6,4.5,27,Card
COF-02199,2025-03-09,"Americano",10,4.5,45,Card
COF-02200,2024-04-17,"Americano",7,4.5,31.5,Card
COF-02201,2025-03-30,"Americano",10,4.5,45,Card
COF-02202,2025-02-22,"Americano",3,4.5,13.5,Card
COF-02203,2024-11-08,"Americano",9,4.5,40.5,Card
COF-02204,2025-01-02,"Americano",8,4.5,36,Card
COF-02205,2024-06-17,"Americano",4,4.5,18,Card
COF-02206,2024-12-11,"Americano",7,4.5,31.5,Card
COF-02207,2025-01-05,"Americano",6,4.5,27,Card
COF-02208,2025-02-22,"Americano",4,4.5,18,Card
COF-02209,2024-11-19,"Americano",7,4.5,31.5,Card
COF-02210,2024-10-11,"Americano",7,4.5,31.5,Card
COF-02211,2025-02-12,"Americano",3,4.5,13.5,Card
COF-02212,2025-02-10,"Americano",4,4.5,18,Card
COF-02213,2024-11-02,"Americano",10,4.5,45,Card
COF-02214,2024-10-24,"Americano",10,4.5,45,Card
COF-02215,2024-04-22,"Americano",6,4.5,27,Card
COF-02216,2024-11-12,"Americano",5,4.5,22.5,Card
COF-02217,2024-12-27,"Americano",4,4.5,18,Card
COF-02218,2024-11-16,"Americano",5,4.5,22.5,Card
COF-02219,2024-03-19,"Americano",3,4.5,13.5,Card
COF-02220,2024-05-04,"Americano",4,4.5,18,Card
COF-02221,2025-01-09,"Americano",3,4.5,13.5,Card
COF-02222,2025-02-27,"Americano",10,4.5,45,Card
COF-02223,2025-03-11,"Americano",6,4.5,27,Card
COF-02224,2025-01-11,"Americano",3,4.5,13.5,Card
COF-02225,2025-02-19,"Americano",4,4.5,18,Card
COF-02226,2024-08-26,"Americano",9,4.5,40.5,Card
COF-02227,2024-03-22,"Americano",3,4.5,13.5,Card
COF-02228,2025-01-30,"Americano",9,4.5,40.5,Card
COF-02229,2024-11-08,"Americano",4,4.5,18,Card
COF-02230,2025-03-22,"Americano",9,4.5,40.5,Card
COF-02231,2024-08-20,"Americano",6,4.5,27,Card
COF-02232,2024-10-10,"Americano",9,4.5,40.5,Card
COF-02233,2024-12-10,"Americano",4,4.5,18,Card
COF-02234,2024-11-28,"Americano",8,4.5,36,Card
COF-02235,2024-05-16,"Americano",10,4.5,45,Card
COF-02236,2024-12-26,"Americano",9,4.5,40.5,Card
COF-02237,2024-12-09,"Americano",7,4.5,31.5,Card
COF-02238,2024-05-08,"Americano",3,4.5,13.5,Card
COF-02239,2024-05-25,"Americano",10,4.5,45,Card
COF-02240,2024-03-16,"Americano",5,4.5,22.5,Card
COF-02241,2025-02-28,"Americano",10,4.5,45,Card
COF-02242,2025-02-02,"Americano",5,4.5,22.5,Card
COF-02243,2025-01-14,"Americano",5,4.5,22.5,Card
COF-02244,2024-10-06,"Americano",8,4.5,36,Card
COF-02245,2024-04-29,"Americano",5,4.5,22.5,Card
COF-02246,2024-07-11,"Americano",8,4.5,36,Card
COF-02247,2024-05-10,"Americano",10,4.5,45,Card
COF-02248,2024-10-19,"Americano",5,4.5,22.5,Card
COF-02249,2025-01-21,"Americano",5,4.5,22.5,Card
COF-02250,2024-09-28,"Americano",5,4.5,22.5,Card
COF-02251,2024-11-08,"Americano",8,4.5,36,Card
COF-02252,2025-02-06,"Americano",9,4.5,40.5,Card
COF-02253,2024-07-19,"Americano",5,4.5,22.5,Card
COF-02254,2024-09-08,"Americano",10,4.5,45,Card
COF-02255,2025-01-02,"Americano",4,4.5,18,Card
COF-02256,2024-12-27,"Americano",3,4.5,13.5,Card
COF-02257,2025-02-23,"Americano",10,4.5,45,Card
COF-02258,2024-08-14,"Americano",9,4.5,40.5,Card
COF-02259,2024-05-23,"Americano",5,4.5,22.5,Card
COF-02260,2024-07-14,"Americano",3,4.5,13.5,Card
COF-02261,2024-06-22,"Americano",5,4.5,22.5,Card
COF-02262,2024-09-21,"Americano",10,4.5,45,Card
COF-02263,2024-11-03,"Americano",5,4.5,22.5,Card
COF-02264,2024-10-20,"Americano",10,4.5,45,Card
COF-02265,2024-06-06,"Americano",8,4.5,36,Card
COF-02266,2024-03-15,"Americano",9,4.5,40.5,Card
COF-02267,2024-07-23,"Americano",3,4.5,13.5,Card
COF-02268,2024-10-27,"Americano",8,4.5,36,Card
COF-02269,2024-10-11,"Americano",4,4.5,18,Card
COF-02270,2024-09-26,"Americano",8,4.5,36,Card
COF-02271,2024-03-06,"Americano",3,4.5,13.5,Card
COF-02272,2024-09-14,"Americano",4,4.5,18,Card
COF-02273,2024-08-22,"Americano",5,4.5,22.5,Card
COF-02274,2025-01-17,"Americano",4,4.5,18,Card
COF-02275,2024-04-27,"Americano",5,4.5,22.5,Card
COF-02276,2025-03-23,"Americano",4,4.5,18,Card
COF-02277,2024-09-06,"Americano",4,4.5,18,Card
COF-02278,2024-10-29,"Americano",10,4.5,45,Card
COF-02279,2025-02-02,"Americano",8,4.5,36,Card
COF-02280,2024-09-23,"Americano",10,4.5,45,Card
COF-02281,2024-06-01,"Americano",3,4.5,13.5,Card
COF-02282,2024-05-03,"Americano",7,4.5,31.5,Card
COF-02283,2024-03-01,"Americano",8,4.5,36,Card
COF-02284,2024-06-06,"Americano",7,4.5,31.5,Card
COF-02285,2025-02-04,"Americano",7,4.5,31.5,Card
COF-02286,2024-09-18,"Americano",6,4.5,27,Card
COF-02287,2024-10-09,"Americano",7,4.5,31.5,Card
COF-02288,2024-11-12,"Americano",3,4.5,13.5,Card
COF-02289,2025-02-25,"Americano",6,4.5,27,Card
COF-02290,2024-07-15,"Americano",8,4.5,36,Card
COF-02291,2024-03-13,"Americano",10,4.5,45,Card
COF-02292,2024-10-01,"Americano",7,4.5,31.5,Card
COF-02293,2024-04-10,"Americano",10,4.5,45,Card
COF-02294,2025-03-08,"Americano",10,4.5,45,Card
COF-02295,2024-11-23,"Americano",4,4.5,18,Card
COF-02296,2025-03-21,"Americano",9,4.5,40.5,Card
COF-02297,2024-03-17,"Americano",5,4.5,22.5,Card
COF-02298,2024-07-13,"Americano",10,4.5,45,Card
COF-02299,2024-11-16,"Americano",7,4.5,31.5,Card
COF-02300,2024-05-01,"Americano",4,4.5,18,Card
COF-02301,2025-03-01,"Americano",8,4.5,36,Card
COF-02302,2025-03-23,"Americano",4,4.5,18,Card
COF-02303,2024-06-03,"Americano",5,4.5,22.5,Card
COF-02304,2025-02-15,"Americano",6,4.5,27,Card
COF-02305,2024-10-11,"Americano",7,4.5,31.5,Card
COF-02306,2024-10-31,"Americano",10,4.5,45,Card
COF-02307,2025-02-20,"Americano",10,4.5,45,Card
COF-02308,2024-10-30,"Americano",5,4.5,22.5,Card
COF-02309,2024-06-27,"Americano",8,4.5,36,Card
COF-02310,2025-03-12,"Americano",10,4.5,45,Card
COF-02311,2025-03-28,"Americano",10,4.5,45,Card
COF-02312,2024-10-12,"Americano",3,4.5,13.5,Card
COF-02313,2024-07-07,"Americano",8,4.5,36,Cash
COF-02314,2025-02-20,"Americano",8,4.5,36,Card
COF-02315,2024-08-28,"Americano",4,4.5,18,Card
COF-02316,2024-12-19,"Americano",9,4.5,40.5,Card
COF-02317,2024-12-21,"Americano",3,4.5,13.5,Card
COF-02318,2024-05-31,"Americano",5,4.5,22.5,Card
COF-02319,2024-09-24,"Americano",5,4.5,22.5,Card
COF-02320,2025-01-11,"Americano",8,4.5,36,Card
COF-02321,2024-12-10,"Americano",5,4.5,22.5,Card
COF-02322,2025-03-20,"Americano",10,4.5,45,Card
COF-02323,2024-12-18,"Americano",10,4.5,45,Card
COF-02324,2024-06-25,"Americano",5,4.5,22.5,Card
COF-02325,2025-01-11,"Americano",10,4.5,45,Card
COF-02326,2024-05-24,"Americano",4,4.5,18,Card
COF-02327,2024-07-23,"Americano",7,4.5,31.5,Card
COF-02328,2024-10-31,"Americano",4,4.5,18,Card
COF-02329,2024-08-01,"Americano",9,4.5,40.5,Card
COF-02330,2024-08-18,"Americano",3,4.5,13.5,Card
COF-02331,2025-03-16,"Americano",7,4.5,31.5,Cash
COF-02332,2024-09-12,"Americano",4,4.5,18,Card
COF-02333,2024-03-01,"Americano",6,4.5,27,Card
COF-02334,2024-09-05,"Americano",3,4.5,13.5,Card
COF-02335,2024-12-18,"Americano",6,4.5,27,Card
COF-02336,2024-07-10,"Americano",6,4.5,27,Card
COF-02337,2024-04-10,"Americano",5,4.5,22.5,Card
COF-02338,2024-05-21,"Americano",6,4.5,27,Card
COF-02339,2024-10-27,"Americano",3,4.5,13.5,Card
COF-02340,2024-10-21,"Americano",7,4.5,31.5,Card
COF-02341,2024-12-29,"Americano",5,4.5,22.5,Card
COF-02342,2025-02-16,"Americano",5,4.5,22.5,Card
COF-02343,2024-06-11,"Americano",5,4.5,22.5,Card
COF-02344,2024-12-24,"Americano",4,4.5,18,Card
COF-02345,2025-02-18,"Americano",10,4.5,45,Card
COF-02346,2024-04-24,"Americano",10,4.5,45,Card
COF-02347,2024-04-09,"Americano",3,4.5,13.5,Card
COF-02348,2024-08-20,"Americano",5,4.5,22.5,Card
COF-02349,2024-10-10,"Americano",9,4.5,40.5,Card
COF-02350,2025-02-20,"Americano",10,4.5,45,Card
COF-02351,2024-07-25,"Americano",6,4.5,27,Card
COF-02352,2024-04-14,"Americano",8,4.5,36,Card
COF-02353,2025-01-23,"Americano",9,4.5,40.5,Card
COF-02354,2025-03-22,"Americano",3,4.5,13.5,Card
COF-02355,2024-08-21,"Americano",5,4.5,22.5,Card
COF-02356,2024-09-02,"Americano",5,4.5,22.5,Card
COF-02357,2024-10-11,"Americano",6,4.5,27,Card
COF-02358,2024-07-09,"Americano",6,4.5,27,Card
COF-02359,2025-01-18,"Americano",5,4.5,22.5,Card
COF-02360,2024-05-22,"Americano",5,4.5,22.5,Card
COF-02361,2024-11-25,"Americano",5,4.5,22.5,Card
COF-02362,2024-12-18,"Americano",6,4.5,27,Card
COF-02363,2025-01-02,"Americano",9,4.5,40.5,Card
COF-02364,2025-02-02,"Americano",5,4.5,22.5,Card
COF-02365,2024-11-06,"Americano",3,4.5,13.5,Card
COF-02366,2024-05-18,"Americano",10,4.5,45,Card
COF-02367,2024-11-11,"Americano",3,4.5,13.5,Card
COF-02368,2024-10-03,"Americano",5,4.5,22.5,Card
COF-02369,2025-02-03,"Americano",3,4.5,13.5,Card
COF-02370,2024-07-25,"Americano",5,4.5,22.5,Card
COF-02371,2024-12-10,"Americano",7,4.5,31.5,Card
COF-02372,2024-10-01,"Americano",5,4.5,22.5,Card
COF-02373,2024-12-06,"Americano",8,4.5,36,Card
COF-02374,2024-06-23,"Americano",8,4.5,36,Card
COF-02375,2024-07-23,"Americano",8,4.5,36,Card
COF-02376,2024-05-15,"Americano",8,4.5,36,Card
COF-02377,2024-10-04,"Americano",7,4.5,31.5,Card
COF-02378,2025-03-31,"Americano",7,4.5,31.5,Card
COF-02379,2024-04-22,"Americano",4,4.5,18,Card
COF-02380,2024-03-02,"Americano",10,4.5,45,Card
COF-02381,2025-02-15,"Americano",6,4.5,27,Card
COF-02382,2025-01-12,"Americano",4,4.5,18,Card
COF-02383,2024-09-18,"Americano",3,4.5,13.5,Card
COF-02384,2024-06-12,"Americano",6,4.5,27,Card
COF-02385,2024-03-07,"Americano",5,4.5,22.5,Card
COF-02386,2025-02-27,"Americano",4,4.5,18,Card
COF-02387,2024-06-09,"Americano",8,4.5,36,Card
COF-02388,2024-10-04,"Americano",9,4.5,40.5,Card
COF-02389,2024-03-19,"Americano",8,4.5,36,Card
COF-02390,2024-06-24,"Americano",6,4.5,27,Card
COF-02391,2024-11-30,"Americano",8,4.5,36,Card
COF-02392,2024-10-31,"Americano",6,4.5,27,Card
COF-02393,2024-03-18,"Americano",7,4.5,31.5,Card
COF-02394,2024-09-04,"Americano",8,4.5,36,Card
COF-02395,2024-10-01,"Americano",5,4.5,22.5,Card
COF-02396,2024-03-14,"Americano",10,4.5,45,Card
COF-02397,2025-01-22,"Americano",4,4.5,18,Card
COF-02398,2024-08-07,"Americano",8,4.5,36,Card
COF-02399,2024-03-01,"Americano",5,4.5,22.5,Card
COF-02400,2025-01-14,"Americano",9,4.5,40.5,Card
COF-02401,2024-11-06,"Americano",4,4.5,18,Card
COF-02402,2024-11-19,"Americano",7,4.5,31.5,Card
COF-02403,2024-09-06,"Americano",6,4.5,27,Card
COF-02404,2024-04-17,"Americano",9,4.5,40.5,Card
COF-02405,2024-03-19,"Americano",9,4.5,40.5,Card
COF-02406,2024-12-17,"Americano",3,4.5,13.5,Card
COF-02407,2024-10-04,"Americano",3,4.5,13.5,Card
COF-02408,2025-01-30,"Americano",6,4.5,27,Card
COF-02409,2024-05-22,"Americano",5,4.5,22.5,Card
COF-02410,2024-10-27,"Americano",7,4.5,31.5,Card
COF-02411,2024-12-01,"Americano",4,4.5,18,Card
COF-02412,2024-05-03,"Americano",9,4.5,40.5,Card
COF-02413,2025-03-01,"Americano",9,4.5,40.5,Card
COF-02414,2024-07-15,"Americano",7,4.5,31.5,Card
COF-02415,2024-06-09,"Americano",8,4.5,36,Card
COF-02416,2024-07-13,"Americano",5,4.5,22.5,Card
COF-02417,2024-05-30,"Americano",5,4.5,22.5,Card
COF-02418,2024-03-23,"Americano",5,4.5,22.5,Card
COF-02419,2024-11-22,"Americano",9,4.5,40.5,Card
COF-02420,2024-09-11,"Americano",6,4.5,27,Card
COF-02421,2025-01-24,"Americano",9,4.5,40.5,Card
COF-02422,2025-02-17,"Americano",6,4.5,27,Card
COF-02423,2025-01-14,"Americano",10,4.5,45,Card
COF-02424,2024-09-21,"Americano",9,4.5,40.5,Card
COF-02425,2025-01-16,"Americano",4,4.5,18,Card
COF-02426,2024-05-02,"Americano",7,4.5,31.5,Card
COF-02427,2025-01-31,"Americano",9,4.5,40.5,Card
COF-02428,2025-03-26,"Americano",6,4.5,27,Card
COF-02429,2024-12-14,"Americano",8,4.5,36,Card
COF-02430,2024-03-27,"Americano",6,4.5,27,Card
COF-02431,2024-12-08,"Americano",6,4.5,27,Card
COF-02432,2024-08-22,"Americano",7,4.5,31.5,Card
COF-02433,2025-01-12,"Americano",5,4.5,22.5,Card
COF-02434,2024-12-05,"Americano",7,4.5,31.5,Card
COF-02435,2024-03-12,"Americano",8,4.5,36,Card
COF-02436,2024-05-18,"Americano",4,4.5,18,Card
COF-02437,2024-06-21,"Americano",7,4.5,31.5,Card
COF-02438,2025-03-29,"Americano",8,4.5,36,Card
COF-02439,2024-07-15,"Americano",9,4.5,40.5,Card
COF-02440,2024-08-19,"Americano",4,4.5,18,Card
COF-02441,2024-11-15,"Americano",8,4.5,36,Card
COF-02442,2025-02-13,"Americano",9,4.5,40.5,Card
COF-02443,2024-12-10,"Americano",5,4.5,22.5,Card
COF-02444,2025-01-03,"Americano",5,4.5,22.5,Card
COF-02445,2024-09-04,"Americano",4,4.5,18,Card
COF-02446,2024-09-02,"Americano",10,4.5,45,Card
COF-02447,2025-02-18,"Americano",7,4.5,31.5,Card
COF-02448,2025-03-04,"Americano",9,4.5,40.5,Card
COF-02449,2025-02-07,"Americano",8,4.5,36,Card
COF-02450,2025-01-22,"Americano",3,4.5,13.5,Card
COF-02451,2024-05-12,"Americano",5,4.5,22.5,Card
COF-02452,2024-09-14,"Americano",3,4.5,13.5,Card
COF-02453,2024-03-27,"Americano",4,4.5,18,Card
COF-02454,2024-03-29,"Americano",6,4.5,27,Card
COF-02455,2024-07-19,"Americano",7,4.5,31.5,Card
COF-02456,2025-03-14,"Americano",7,4.5,31.5,Card
COF-02457,2024-06-08,"Americano",10,4.5,45,Card
COF-02458,2025-01-24,"Americano",7,4.5,31.5,Card
COF-02459,2024-08-01,"Americano",8,4.5,36,Card
COF-02460,2024-08-17,"Americano",3,4.5,13.5,Card
COF-02461,2024-10-21,"Americano",10,4.5,45,Card
COF-02462,2024-03-12,"Americano",7,4.5,31.5,Card
COF-02463,2024-03-16,"Americano",10,4.5,45,Card
COF-02464,2024-10-02,"Americano",6,4.5,27,Card
COF-02465,2024-12-25,"Americano",9,4.5,40.5,Card
COF-02466,2024-09-23,"Americano",7,4.5,31.5,Card
COF-02467,2025-01-16,"Americano",10,4.5,45,Card
COF-02468,2024-06-23,"Americano",7,4.5,31.5,Card
COF-02469,2025-01-02,"Americano",5,4.5,22.5,Card
COF-02470,2024-10-10,"Americano",3,4.5,13.5,Card
COF-02471,2025-01-25,"Americano",8,4.5,36,Card
COF-02472,2025-01-21,"Americano",6,4.5,27,Card
COF-02473,2024-10-24,"Americano",5,4.5,22.5,Card
COF-02474,2024-05-07,"Americano",10,4.5,45,Card
COF-02475,2024-08-10,"Americano",8,4.5,36,Card
COF-02476,2024-04-01,"Americano",3,4.5,13.5,Card
COF-02477,2024-10-17,"Americano",9,4.5,40.5,Card
COF-02478,2024-11-26,"Americano",7,4.5,31.5,Card
COF-02479,2025-02-14,"Americano",5,4.5,22.5,Card
COF-02480,2024-03-23,"Americano",5,4.5,22.5,Card
COF-02481,2024-05-01,"Americano",6,4.5,27,Card
COF-02482,2024-12-29,"Americano",8,4.5,36,Card
COF-02483,2024-11-24,"Americano",10,4.5,45,Card
COF-02484,2024-08-30,"Americano",10,4.5,45,Card
COF-02485,2024-07-23,"Americano",8,4.5,36,Card
COF-02486,2024-11-15,"Americano",10,4.5,45,Card
COF-02487,2024-12-19,"Americano",8,4.5,36,Card
COF-02488,2024-04-17,"Americano",10,4.5,45,Card
COF-02489,2024-05-09,"Americano",4,4.5,18,Cash
COF-02490,2024-03-11,"Americano",10,4.5,45,Card
COF-02491,2024-06-17,"Americano",7,4.5,31.5,Card
COF-02492,2024-11-20,"Americano",3,4.5,13.5,Card
COF-02493,2024-11-25,"Americano",8,4.5,36,Card
COF-02494,2024-12-10,"Americano",6,4.5,27,Card
COF-02495,2024-07-26,"Americano",3,4.5,13.5,Card
COF-02496,2025-02-21,"Americano",5,4.5,22.5,Card
COF-02497,2024-04-15,"Americano",4,4.5,18,Card
COF-02498,2024-08-25,"Americano",5,4.5,22.5,Card
COF-02499,2025-03-19,"Americano",3,4.5,13.5,Card
COF-02500,2024-10-31,"Americano",7,4.5,31.5,Card
COF-02501,2024-12-17,"Americano",8,4.5,36,Card
COF-02502,2024-05-04,"Americano",4,4.5,18,Card
COF-02503,2024-05-07,"Americano",8,4.5,36,Card
COF-02504,2024-10-03,"Americano",10,4.5,45,Card
COF-02505,2025-02-10,"Americano",3,4.5,13.5,Card
COF-02506,2024-04-20,"Americano",8,4.5,36,Card
COF-02507,2024-06-28,"Americano",5,4.5,22.5,Card
COF-02508,2024-03-20,"Americano",10,4.5,45,Card
COF-02509,2024-12-25,"Americano",9,4.5,40.5,Card
COF-02510,2024-09-23,"Americano",8,4.5,36,Card
COF-02511,2025-03-12,"Americano",3,4.5,13.5,Card
COF-02512,2024-08-19,"Americano",10,4.5,45,Card
COF-02513,2024-05-01,"Americano",4,4.5,18,Card
COF-02514,2024-10-10,"Americano",8,4.5,36,Card
COF-02515,2024-07-16,"Americano",7,4.5,31.5,Card
COF-02516,2024-05-14,"Americano",7,4.5,31.5,Card
COF-02517,2024-06-10,"Americano",9,4.5,40.5,Card
COF-02518,2024-11-06,"Americano",5,4.5,22.5,Card
COF-02519,2024-12-15,"Americano",8,4.5,36,Card
COF-02520,2024-06-19,"Americano",6,4.5,27,Card
COF-02521,2024-04-29,"Americano",8,4.5,36,Card
COF-02522,2024-11-12,"Americano",7,4.5,31.5,Card
COF-02523,2024-05-11,"Americano",6,4.5,27,Card
COF-02524,2024-10-04,"Americano",10,4.5,45,Card
COF-02525,2025-03-03,"Americano",8,4.5,36,Card
COF-02526,2024-05-22,"Americano",8,4.5,36,Card
COF-02527,2024-08-28,"Americano",7,4.5,31.5,Card
COF-02528,2025-03-07,"Americano",5,4.5,22.5,Card
COF-02529,2024-11-28,"Americano",5,4.5,22.5,Card
COF-02530,2024-12-18,"Americano",8,4.5,36,Card
COF-02531,2024-03-04,"Americano",10,4.5,45,Card
COF-02532,2024-10-14,"Americano",6,4.5,27,Card
COF-02533,2024-11-03,"Americano",8,4.5,36,Card
COF-02534,2024-07-16,"Americano",3,4.5,13.5,Card
COF-02535,2024-06-07,"Americano",8,4.5,36,Card
COF-02536,2024-12-24,"Americano",8,4.5,36,Card
COF-02537,2025-01-01,"Americano",7,4.5,31.5,Card
COF-02538,2024-08-04,"Americano",9,4.5,40.5,Card
COF-02539,2024-04-12,"Americano",4,4.5,18,Card
COF-02540,2024-04-26,"Americano",10,4.5,45,Card
COF-02541,2024-05-04,"Americano",6,4.5,27,Card
COF-02542,2024-12-21,"Americano",7,4.5,31.5,Card
COF-02543,2024-12-15,"Americano",5,4.5,22.5,Card
COF-02544,2024-08-29,"Americano",7,4.5,31.5,Cash
COF-02545,2024-07-26,"Americano",3,4.5,13.5,Card
COF-02546,2024-04-18,"Americano",8,4.5,36,Card
COF-02547,2025-03-27,"Americano",10,4.5,45,Card
COF-02548,2024-05-06,"Americano",10,4.5,45,Card
COF-02549,2024-07-02,"Americano",7,4.5,31.5,Card
COF-02550,2025-03-18,"Americano",6,4.5,27,Card
COF-02551,2024-12-02,"Americano",6,4.5,27,Card
COF-02552,2024-12-01,"Americano",4,4.5,18,Card
COF-02553,2024-08-04,"Americano",7,4.5,31.5,Card
COF-02554,2024-12-30,"Americano",3,4.5,13.5,Card
COF-02555,2024-06-09,"Americano",5,4.5,22.5,Card
COF-02556,2025-03-23,"Americano",3,4.5,13.5,Card
COF-02557,2024-06-18,"Americano",10,4.5,45,Card
COF-02558,2025-01-22,"Americano",4,4.5,18,Card
COF-02559,2024-11-17,"Americano",10,4.5,45,Card
COF-02560,2024-10-07,"Americano",6,4.5,27,Card
COF-02561,2024-03-19,"Americano",9,4.5,40.5,Card
COF-02562,2024-04-18,"Americano",9,4.5,40.5,Card
COF-02563,2024-06-14,"Americano",8,4.5,36,Card
COF-02564,2025-03-31,"Americano",8,4.5,36,Card
COF-02565,2024-08-01,"Americano",4,4.5,18,Card
COF-02566,2024-06-14,"Americano",10,4.5,45,Card
COF-02567,2024-06-06,"Americano",5,4.5,22.5,Card
COF-02568,2024-07-12,"Americano",8,4.5,36,Card
COF-02569,2024-11-25,"Americano",9,4.5,40.5,Card
COF-02570,2024-12-06,"Americano",3,4.5,13.5,Card
COF-02571,2024-04-02,"Americano",9,4.5,40.5,Card
COF-02572,2024-06-04,"Americano",8,4.5,36,Card
COF-02573,2024-08-30,"Americano",4,4.5,18,Card
COF-02574,2025-01-24,"Americano",8,4.5,36,Card
COF-02575,2025-01-07,"Americano",5,4.5,22.5,Card
COF-02576,2024-07-10,"Americano",6,4.5,27,Card
COF-02577,2024-04-16,"Americano",6,4.5,27,Card
COF-02578,2025-01-25,"Americano",5,4.5,22.5,Card
COF-02579,2024-07-13,"Americano",8,4.5,36,Card
COF-02580,2024-08-08,"Americano",6,4.5,27,Card
COF-02581,2025-01-01,"Americano",7,4.5,31.5,Card
COF-02582,2024-12-18,"Americano",10,4.5,45,Card
COF-02583,2024-04-18,"Americano",4,4.5,18,Card
COF-02584,2024-11-15,"Americano",9,4.5,40.5,Card
COF-02585,2024-04-05,"Americano",6,4.5,27,Card
COF-02586,2024-06-04,"Americano",7,4.5,31.5,Card
COF-02587,2024-05-28,"Americano",5,4.5,22.5,Card
COF-02588,2024-08-05,"Americano",7,4.5,31.5,Card
COF-02589,2024-04-12,"Americano",4,4.5,18,Card
COF-02590,2025-03-17,"Americano",10,4.5,45,Cash
COF-02591,2024-05-10,"Americano",3,4.5,13.5,Card
COF-02592,2024-11-20,"Americano",3,4.5,13.5,Card
COF-02593,2024-12-05,"Americano",3,4.5,13.5,Card
COF-02594,2024-07-25,"Americano",4,4.5,18,Card
COF-02595,2024-08-21,"Americano",6,4.5,27,Card
COF-02596,2024-06-27,"Americano",8,4.5,36,Card
COF-02597,2024-09-07,"Americano",3,4.5,13.5,Card
COF-02598,2024-11-20,"Americano",4,4.5,18,Card
COF-02599,2024-08-30,"Americano",6,4.5,27,Card
COF-02600,2025-03-31,"Americano",8,4.5,36,Card
COF-02601,2024-07-21,"Americano",4,4.5,18,Card
COF-02602,2024-09-07,"Americano",6,4.5,27,Card
COF-02603,2024-04-05,"Americano",6,4.5,27,Card
COF-02604,2024-09-02,"Americano",7,4.5,31.5,Card
COF-02605,2024-03-20,"Americano",9,4.5,40.5,Card
COF-02606,2024-04-22,"Americano",10,4.5,45,Card
COF-02607,2024-03-23,"Americano",9,4.5,40.5,Card
COF-02608,2024-11-06,"Americano",6,4.5,27,Card
COF-02609,2025-02-01,"Americano",7,4.5,31.5,Card
COF-02610,2024-10-24,"Americano",4,4.5,18,Card
COF-02611,2024-05-12,"Americano",8,4.5,36,Card
COF-02612,2024-11-30,"Americano",3,4.5,13.5,Card
COF-02613,2024-03-23,"Americano",10,4.5,45,Card
COF-02614,2025-01-26,"Americano",4,4.5,18,Card
COF-02615,2024-10-02,"Americano",3,4.5,13.5,Card
COF-02616,2024-11-19,"Americano",7,4.5,31.5,Card
COF-02617,2025-03-11,"Americano",5,4.5,22.5,Card
COF-02618,2025-01-28,"Americano",10,4.5,45,Card
COF-02619,2024-05-04,"Americano",8,4.5,36,Card
COF-02620,2024-08-19,"Americano",8,4.5,36,Card
COF-02621,2025-02-10,"Americano",6,4.5,27,Card
COF-02622,2024-11-20,"Americano",5,4.5,22.5,Card
COF-02623,2024-03-31,"Americano",5,4.5,22.5,Card
COF-02624,2024-04-06,"Americano",3,4.5,13.5,Cash
COF-02625,2024-04-25,"Americano",4,4.5,18,Card
COF-02626,2024-05-11,"Americano",3,4.5,13.5,Card
COF-02627,2024-06-07,"Americano",4,4.5,18,Card
COF-02628,2024-10-03,"Americano",8,4.5,36,Card
COF-02629,2024-06-14,"Americano",5,4.5,22.5,Card
COF-02630,2024-10-23,"Americano",7,4.5,31.5,Card
COF-02631,2024-07-27,"Americano",7,4.5,31.5,Card
COF-02632,2024-03-08,"Americano",10,4.5,45,Card
COF-02633,2024-04-13,"Americano",9,4.5,40.5,Card
COF-02634,2024-12-14,"Americano",7,4.5,31.5,Card
COF-02635,2024-09-09,"Americano",9,4.5,40.5,Card
COF-02636,2024-08-10,"Americano",8,4.5,36,Card
COF-02637,2024-05-28,"Americano",10,4.5,45,Card
COF-02638,2024-05-20,"Americano",4,4.5,18,Card
COF-02639,2024-03-30,"Americano",5,4.5,22.5,Card
COF-02640,2024-07-10,"Americano",6,4.5,27,Card
COF-02641,2024-03-27,"Americano",6,4.5,27,Card
COF-02642,2024-10-08,"Americano",8,4.5,36,Card
COF-02643,2024-11-25,"Americano",3,4.5,13.5,Card
COF-02644,2025-02-12,"Americano",3,4.5,13.5,Card
COF-02645,2024-12-20,"Americano",7,4.5,31.5,Card
COF-02646,2024-11-04,"Americano",3,4.5,13.5,Card
COF-02647,2024-11-04,"Americano",9,4.5,40.5,Card
COF-02648,2024-03-16,"Americano",5,4.5,22.5,Card
COF-02649,2024-11-11,"Americano",4,4.5,18,Card
COF-02650,2025-02-11,"Americano",10,4.5,45,Card
COF-02651,2025-02-12,"Americano",9,4.5,40.5,Card
COF-02652,2025-01-05,"Americano",8,4.5,36,Card
COF-02653,2024-08-21,"Americano",10,4.5,45,Card
COF-02654,2025-01-11,"Americano",8,4.5,36,Card
COF-02655,2024-08-31,"Americano",5,4.5,22.5,Card
COF-02656,2024-08-16,"Americano",6,4.5,27,Card
COF-02657,2025-01-31,"Americano",6,4.5,27,Card
COF-02658,2024-03-18,"Americano",8,4.5,36,Card
COF-02659,2024-06-29,"Americano",3,4.5,13.5,Card
COF-02660,2024-06-18,"Americano",10,4.5,45,Card
COF-02661,2024-03-05,"Hot Chocolate",9,6,54,Card
COF-02662,2024-11-04,"Hot Chocolate",3,6,18,Card
COF-02663,2024-12-19,"Hot Chocolate",10,6,60,Card
COF-02664,2024-09-09,"Hot Chocolate",4,6,24,Card
COF-02665,2024-11-13,"Hot Chocolate",9,6,54,Card
COF-02666,2024-03-23,"Hot Chocolate",7,6,42,Card
COF-02667,2024-11-08,"Hot Chocolate",4,6,24,Card
COF-02668,2025-01-02,"Hot Chocolate",3,6,18,Card
COF-02669,2024-07-22,"Hot Chocolate",9,6,54,Card
COF-02670,2025-03-03,"Hot Chocolate",6,6,36,Card
COF-02671,2024-03-01,"Hot Chocolate",4,6,24,Cash
COF-02672,2024-10-24,"Hot Chocolate",9,6,54,Card
COF-02673,2024-08-08,"Hot Chocolate",9,6,54,Card
COF-02674,2024-10-30,"Hot Chocolate",8,6,48,Card
COF-02675,2025-01-12,"Hot Chocolate",5,6,30,Card
COF-02676,2024-04-23,"Hot Chocolate",6,6,36,Card
COF-02677,2024-08-14,"Hot Chocolate",4,6,24,Card
COF-02678,2024-04-01,"Hot Chocolate",8,6,48,Card
COF-02679,2025-01-24,"Hot Chocolate",4,6,24,Card
COF-02680,2024-11-24,"Hot Chocolate",5,6,30,Card
COF-02681,2024-05-28,"Hot Chocolate",9,6,54,Card
COF-02682,2024-05-31,"Hot Chocolate",6,6,36,Card
COF-02683,2024-04-18,"Hot Chocolate",3,6,18,Card
COF-02684,2024-05-18,"Hot Chocolate",8,6,48,Card
COF-02685,2024-11-28,"Hot Chocolate",3,6,18,Card
COF-02686,2024-05-22,"Hot Chocolate",10,6,60,Card
COF-02687,2024-06-03,"Hot Chocolate",4,6,24,Card
COF-02688,2024-05-18,"Hot Chocolate",7,6,42,Card
COF-02689,2024-05-11,"Hot Chocolate",10,6,60,Card
COF-02690,2024-07-04,"Hot Chocolate",9,6,54,Card
COF-02691,2024-04-29,"Hot Chocolate",8,6,48,Card
COF-02692,2024-05-09,"Hot Chocolate",6,6,36,Card
COF-02693,2024-03-12,"Hot Chocolate",7,6,42,Card
COF-02694,2024-06-01,"Hot Chocolate",3,6,18,Card
COF-02695,2025-01-24,"Hot Chocolate",4,6,24,Card
COF-02696,2024-12-07,"Hot Chocolate",6,6,36,Card
COF-02697,2024-05-03,"Hot Chocolate",7,6,42,Card
COF-02698,2024-04-15,"Hot Chocolate",6,6,36,Card
COF-02699,2024-12-13,"Hot Chocolate",3,6,18,Card
COF-02700,2024-06-04,"Hot Chocolate",3,6,18,Card
COF-02701,2024-09-15,"Hot Chocolate",9,6,54,Card
COF-02702,2024-09-10,"Hot Chocolate",3,6,18,Card
COF-02703,2024-05-08,"Hot Chocolate",7,6,42,Card
COF-02704,2024-11-17,"Hot Chocolate",4,6,24,Card
COF-02705,2025-01-04,"Hot Chocolate",3,6,18,Card
COF-02706,2024-04-08,"Hot Chocolate",5,6,30,Card
COF-02707,2024-11-09,"Hot Chocolate",6,6,36,Card
COF-02708,2025-02-22,"Hot Chocolate",4,6,24,Card
COF-02709,2024-06-25,"Hot Chocolate",3,6,18,Card
COF-02710,2024-09-25,"Hot Chocolate",6,6,36,Card
COF-02711,2024-10-11,"Hot Chocolate",9,6,54,Card
COF-02712,2024-07-04,"Hot Chocolate",8,6,48,Card
COF-02713,2024-03-26,"Hot Chocolate",5,6,30,Card
COF-02714,2024-11-21,"Hot Chocolate",7,6,42,Card
COF-02715,2025-03-28,"Hot Chocolate",6,6,36,Card
COF-02716,2025-02-01,"Hot Chocolate",5,6,30,Card
COF-02717,2025-01-22,"Hot Chocolate",8,6,48,Card
COF-02718,2024-03-09,"Hot Chocolate",7,6,42,Card
COF-02719,2024-03-14,"Hot Chocolate",7,6,42,Card
COF-02720,2024-04-23,"Hot Chocolate",4,6,24,Cash
COF-02721,2024-11-07,"Hot Chocolate",8,6,48,Card
COF-02722,2024-06-12,"Hot Chocolate",3,6,18,Card
COF-02723,2025-02-14,"Hot Chocolate",6,6,36,Card
COF-02724,2024-03-03,"Hot Chocolate",3,6,18,Cash
COF-02725,2024-04-14,"Hot Chocolate",10,6,60,Card
COF-02726,2024-11-13,"Hot Chocolate",10,6,60,Card
COF-02727,2024-12-03,"Hot Chocolate",6,6,36,Card
COF-02728,2025-02-02,"Hot Chocolate",8,6,48,Card
COF-02729,2024-12-05,"Hot Chocolate",7,6,42,Card
COF-02730,2025-03-07,"Hot Chocolate",5,6,30,Card
COF-02731,2024-10-09,"Hot Chocolate",10,6,60,Card
COF-02732,2024-05-03,"Hot Chocolate",3,6,18,Card
COF-02733,2025-01-18,"Hot Chocolate",8,6,48,Card
COF-02734,2024-03-21,"Hot Chocolate",10,6,60,Card
COF-02735,2024-05-02,"Hot Chocolate",9,6,54,Card
COF-02736,2024-11-10,"Hot Chocolate",10,6,60,Card
COF-02737,2024-11-14,"Hot Chocolate",6,6,36,Card
COF-02738,2025-03-27,"Hot Chocolate",6,6,36,Card
COF-02739,2024-07-01,"Hot Chocolate",9,6,54,Card
COF-02740,2024-06-03,"Hot Chocolate",7,6,42,Card
COF-02741,2024-05-21,"Hot Chocolate",10,6,60,Card
COF-02742,2024-04-26,"Hot Chocolate",6,6,36,Card
COF-02743,2025-02-09,"Hot Chocolate",10,6,60,Card
COF-02744,2024-03-14,"Hot Chocolate",9,6,54,Card
COF-02745,2024-06-09,"Hot Chocolate",8,6,48,Card
COF-02746,2025-01-25,"Hot Chocolate",8,6,48,Card
COF-02747,2024-05-31,"Hot Chocolate",3,6,18,Card
COF-02748,2024-10-07,"Hot Chocolate",5,6,30,Card
COF-02749,2024-08-25,"Hot Chocolate",7,6,42,Card
COF-02750,2024-08-04,"Hot Chocolate",9,6,54,Card
COF-02751,2025-03-12,"Hot Chocolate",7,6,42,Card
COF-02752,2025-02-02,"Hot Chocolate",9,6,54,Cash
COF-02753,2024-11-28,"Hot Chocolate",3,6,18,Card
COF-02754,2024-09-09,"Hot Chocolate",9,6,54,Card
COF-02755,2024-12-01,"Hot Chocolate",7,6,42,Card
COF-02756,2024-09-15,"Hot Chocolate",8,6,48,Card
COF-02757,2024-06-19,"Hot Chocolate",6,6,36,Card
COF-02758,2024-03-25,"Hot Chocolate",3,6,18,Card
COF-02759,2025-02-25,"Hot Chocolate",8,6,48,Card
COF-02760,2024-06-20,"Hot Chocolate",8,6,48,Card
COF-02761,2024-10-28,"Hot Chocolate",6,6,36,Card
COF-02762,2024-11-24,"Hot Chocolate",3,6,18,Card
COF-02763,2024-03-03,"Hot Chocolate",6,6,36,Card
COF-02764,2024-08-27,"Hot Chocolate",4,6,24,Card
COF-02765,2024-09-16,"Hot Chocolate",8,6,48,Card
COF-02766,2024-11-23,"Hot Chocolate",9,6,54,Card
COF-02767,2024-07-16,"Hot Chocolate",10,6,60,Card
COF-02768,2024-12-07,"Hot Chocolate",3,6,18,Card
COF-02769,2024-05-09,"Hot Chocolate",10,6,60,Card
COF-02770,2024-11-27,"Hot Chocolate",10,6,60,Card
COF-02771,2024-07-22,"Hot Chocolate",6,6,36,Card
COF-02772,2024-09-17,"Hot Chocolate",10,6,60,Card
COF-02773,2025-02-04,"Hot Chocolate",3,6,18,Card
COF-02774,2024-06-27,"Hot Chocolate",6,6,36,Card
COF-02775,2025-03-25,"Hot Chocolate",9,6,54,Card
COF-02776,2024-08-05,"Hot Chocolate",7,6,42,Card
COF-02777,2024-05-18,"Hot Chocolate",4,6,24,Card
COF-02778,2025-03-28,"Hot Chocolate",10,6,60,Card
COF-02779,2024-03-12,"Hot Chocolate",10,6,60,Card
COF-02780,2024-12-13,"Hot Chocolate",7,6,42,Card
COF-02781,2024-11-25,"Hot Chocolate",5,6,30,Card
COF-02782,2024-10-24,"Hot Chocolate",3,6,18,Card
COF-02783,2024-07-22,"Hot Chocolate",10,6,60,Card
COF-02784,2025-03-31,"Hot Chocolate",9,6,54,Card
COF-02785,2024-04-21,"Hot Chocolate",3,6,18,Card
COF-02786,2024-09-15,"Hot Chocolate",8,6,48,Card
COF-02787,2024-03-18,"Hot Chocolate",9,6,54,Card
COF-02788,2024-07-01,"Hot Chocolate",6,6,36,Card
COF-02789,2024-08-11,"Hot Chocolate",5,6,30,Card
COF-02790,2024-10-14,"Hot Chocolate",6,6,36,Card
COF-02791,2025-03-05,"Hot Chocolate",4,6,24,Card
COF-02792,2024-07-15,"Hot Chocolate",7,6,42,Card
COF-02793,2025-02-13,"Hot Chocolate",6,6,36,Card
COF-02794,2024-10-21,"Hot Chocolate",3,6,18,Card
COF-02795,2024-08-05,"Hot Chocolate",4,6,24,Card
COF-02796,2025-03-10,"Hot Chocolate",9,6,54,Card
COF-02797,2024-06-25,"Hot Chocolate",7,6,42,Card
COF-02798,2024-03-29,"Hot Chocolate",8,6,48,Card
COF-02799,2025-02-04,"Hot Chocolate",5,6,30,Card
COF-02800,2024-12-21,"Hot Chocolate",4,6,24,Card
COF-02801,2024-06-13,"Hot Chocolate",9,6,54,Card
COF-02802,2025-02-16,"Hot Chocolate",3,6,18,Card
COF-02803,2024-07-07,"Hot Chocolate",9,6,54,Card
COF-02804,2024-06-19,"Hot Chocolate",7,6,42,Card
COF-02805,2024-10-06,"Hot Chocolate",6,6,36,Card
COF-02806,2025-01-01,"Hot Chocolate",10,6,60,Card
COF-02807,2024-06-22,"Hot Chocolate",6,6,36,Card
COF-02808,2024-10-20,"Hot Chocolate",5,6,30,Card
COF-02809,2025-01-13,"Hot Chocolate",9,6,54,Card
COF-02810,2025-01-07,"Hot Chocolate",6,6,36,Card
COF-02811,2024-07-13,"Hot Chocolate",4,6,24,Card
COF-02812,2024-03-08,"Hot Chocolate",5,6,30,Card
COF-02813,2024-03-16,"Hot Chocolate",7,6,42,Card
COF-02814,2024-12-19,"Hot Chocolate",7,6,42,Card
COF-02815,2024-08-27,"Hot Chocolate",3,6,18,Card
COF-02816,2025-01-23,"Hot Chocolate",7,6,42,Card
COF-02817,2025-03-26,"Hot Chocolate",3,6,18,Card
COF-02818,2024-10-03,"Hot Chocolate",6,6,36,Card
COF-02819,2024-05-21,"Hot Chocolate",8,6,48,Card
COF-02820,2024-10-13,"Hot Chocolate",3,6,18,Card
COF-02821,2024-05-29,"Hot Chocolate",7,6,42,Card
COF-02822,2024-05-12,"Hot Chocolate",10,6,60,Card
COF-02823,2024-04-28,"Hot Chocolate",7,6,42,Card
COF-02824,2024-09-12,"Hot Chocolate",8,6,48,Card
COF-02825,2024-05-01,"Hot Chocolate",7,6,42,Card
COF-02826,2024-08-20,"Hot Chocolate",4,6,24,Card
COF-02827,2024-03-16,"Hot Chocolate",10,6,60,Card
COF-02828,2024-05-28,"Hot Chocolate",9,6,54,Card
COF-02829,2025-01-06,"Hot Chocolate",9,6,54,Card
COF-02830,2024-09-04,"Hot Chocolate",9,6,54,Card
COF-02831,2024-12-18,"Hot Chocolate",6,6,36,Card
COF-02832,2025-03-04,"Hot Chocolate",7,6,42,Card
COF-02833,2025-01-01,"Hot Chocolate",5,6,30,Card
COF-02834,2024-08-16,"Hot Chocolate",8,6,48,Card
COF-02835,2024-04-12,"Hot Chocolate",6,6,36,Card
COF-02836,2024-03-22,"Hot Chocolate",6,6,36,Card
COF-02837,2025-02-11,"Hot Chocolate",9,6,54,Card
COF-02838,2024-06-05,"Hot Chocolate",7,6,42,Card
COF-02839,2025-02-03,"Hot Chocolate",3,6,18,Card
COF-02840,2025-02-20,"Hot Chocolate",6,6,36,Card
COF-02841,2025-01-14,"Hot Chocolate",8,6,48,Card
COF-02842,2024-09-03,"Hot Chocolate",9,6,54,Card
COF-02843,2025-03-24,"Hot Chocolate",4,6,24,Card
COF-02844,2024-12-27,"Hot Chocolate",8,6,48,Card
COF-02845,2024-05-13,"Hot Chocolate",7,6,42,Card
COF-02846,2024-07-23,"Hot Chocolate",3,6,18,Card
COF-02847,2024-03-19,"Hot Chocolate",8,6,48,Card
COF-02848,2024-12-27,"Hot Chocolate",7,6,42,Card
COF-02849,2024-04-15,"Hot Chocolate",6,6,36,Card
COF-02850,2024-07-02,"Hot Chocolate",3,6,18,Card
COF-02851,2024-07-18,"Hot Chocolate",9,6,54,Card
COF-02852,2025-03-03,"Hot Chocolate",7,6,42,Cash
COF-02853,2024-06-10,"Hot Chocolate",8,6,48,Card
COF-02854,2024-04-03,"Hot Chocolate",3,6,18,Card
COF-02855,2025-02-12,"Hot Chocolate",3,6,18,Card
COF-02856,2024-11-20,"Hot Chocolate",3,6,18,Card
COF-02857,2025-01-19,"Hot Chocolate",6,6,36,Card
COF-02858,2024-08-14,"Hot Chocolate",9,6,54,Card
COF-02859,2024-12-23,"Hot Chocolate",3,6,18,Card
COF-02860,2024-11-26,"Hot Chocolate",5,6,30,Card
COF-02861,2024-07-10,"Hot Chocolate",8,6,48,Card
COF-02862,2024-09-24,"Hot Chocolate",6,6,36,Card
COF-02863,2025-03-31,"Hot Chocolate",5,6,30,Card
COF-02864,2024-06-20,"Hot Chocolate",3,6,18,Card
COF-02865,2024-10-12,"Hot Chocolate",10,6,60,Card
COF-02866,2024-05-31,"Hot Chocolate",10,6,60,Card
COF-02867,2025-03-05,"Hot Chocolate",6,6,36,Card
COF-02868,2024-03-07,"Hot Chocolate",6,6,36,Card
COF-02869,2024-11-01,"Hot Chocolate",10,6,60,Cash
COF-02870,2024-05-21,"Hot Chocolate",4,6,24,Card
COF-02871,2025-03-05,"Hot Chocolate",7,6,42,Card
COF-02872,2024-09-08,"Hot Chocolate",9,6,54,Card
COF-02873,2024-03-06,"Hot Chocolate",5,6,30,Card
COF-02874,2024-07-06,"Hot Chocolate",8,6,48,Card
COF-02875,2025-02-28,"Hot Chocolate",7,6,42,Card
COF-02876,2024-08-10,"Hot Chocolate",9,6,54,Card
COF-02877,2024-03-03,"Hot Chocolate",7,6,42,Card
COF-02878,2024-10-24,"Hot Chocolate",9,6,54,Card
COF-02879,2025-01-20,"Hot Chocolate",5,6,30,Card
COF-02880,2024-10-15,"Hot Chocolate",10,6,60,Card
COF-02881,2024-12-29,"Hot Chocolate",9,6,54,Card
COF-02882,2024-08-16,"Hot Chocolate",5,6,30,Card
COF-02883,2024-05-17,"Hot Chocolate",3,6,18,Card
COF-02884,2024-06-10,"Hot Chocolate",4,6,24,Card
COF-02885,2024-12-30,"Hot Chocolate",7,6,42,Card
COF-02886,2024-11-08,"Hot Chocolate",3,6,18,Card
COF-02887,2024-05-14,"Hot Chocolate",4,6,24,Card
COF-02888,2024-04-20,"Hot Chocolate",4,6,24,Card
COF-02889,2024-08-09,"Hot Chocolate",5,6,30,Card
COF-02890,2024-07-26,"Hot Chocolate",8,6,48,Card
COF-02891,2024-05-28,"Hot Chocolate",6,6,36,Card
COF-02892,2024-06-01,"Hot Chocolate",7,6,42,Card
COF-02893,2024-12-10,"Hot Chocolate",6,6,36,Card
COF-02894,2025-02-02,"Hot Chocolate",4,6,24,Card
COF-02895,2024-11-27,"Hot Chocolate",9,6,54,Card
COF-02896,2024-11-08,"Hot Chocolate",9,6,54,Card
COF-02897,2024-04-22,"Hot Chocolate",4,6,24,Card
COF-02898,2024-05-30,"Hot Chocolate",6,6,36,Card
COF-02899,2024-08-04,"Hot Chocolate",8,6,48,Card
COF-02900,2024-08-16,"Hot Chocolate",3,6,18,Cash
COF-02901,2024-12-07,"Hot Chocolate",9,6,54,Card
COF-02902,2024-12-30,"Hot Chocolate",3,6,18,Card
COF-02903,2024-03-31,"Hot Chocolate",7,6,42,Card
COF-02904,2025-02-19,"Hot Chocolate",10,6,60,Card
COF-02905,2024-12-26,"Hot Chocolate",5,6,30,Card
COF-02906,2024-07-04,"Hot Chocolate",6,6,36,Card
COF-02907,2024-07-19,"Hot Chocolate",9,6,54,Card
COF-02908,2024-11-26,"Hot Chocolate",4,6,24,Card
COF-02909,2024-05-27,"Hot Chocolate",10,6,60,Card
COF-02910,2024-12-24,"Hot Chocolate",9,6,54,Card
COF-02911,2024-06-21,"Hot Chocolate",5,6,30,Card
COF-02912,2024-05-09,"Hot Chocolate",4,6,24,Card
COF-02913,2024-07-12,"Hot Chocolate",10,6,60,Card
COF-02914,2024-09-23,"Hot Chocolate",7,6,42,Card
COF-02915,2024-04-02,"Hot Chocolate",4,6,24,Card
COF-02916,2024-10-30,"Cocoa",5,6.25,31.25,Card
COF-02917,2024-12-04,"Cocoa",2,6.25,12.5,Card
COF-02918,2024-04-27,"Cocoa",2,6.25,12.5,Card
COF-02919,2024-09-18,"Cocoa",2,6.25,12.5,Card
COF-02920,2025-03-11,"Cocoa",6,6.25,37.5,Card
COF-02921,2024-12-17,"Cocoa",4,6.25,25,Card
COF-02922,2024-04-26,"Cocoa",6,6.25,37.5,Card
COF-02923,2024-04-19,"Cocoa",6,6.25,37.5,Card
COF-02924,2024-10-25,"Cocoa",9,6.25,56.25,Card
COF-02925,2024-12-15,"Cocoa",8,6.25,50,Card
COF-02926,2024-05-24,"Cocoa",6,6.25,37.5,Cash
COF-02927,2024-05-24,"Cocoa",6,6.25,37.5,Card
COF-02928,2025-03-27,"Cocoa",2,6.25,12.5,Card
COF-02929,2024-12-10,"Cocoa",3,6.25,18.75,Card
COF-02930,2024-05-30,"Cocoa",7,6.25,43.75,Card
COF-02931,2025-01-15,"Cocoa",5,6.25,31.25,Card
COF-02932,2024-11-25,"Cocoa",8,6.25,50,Card
COF-02933,2024-10-22,"Cocoa",9,6.25,56.25,Card
COF-02934,2024-11-08,"Cocoa",5,6.25,31.25,Card
COF-02935,2025-02-08,"Cocoa",2,6.25,12.5,Card
COF-02936,2024-11-20,"Cocoa",5,6.25,31.25,Card
COF-02937,2024-03-16,"Cocoa",4,6.25,25,Card
COF-02938,2024-10-14,"Cocoa",7,6.25,43.75,Card
COF-02939,2024-09-18,"Cocoa",7,6.25,43.75,Card
COF-02940,2025-03-06,"Cocoa",5,6.25,31.25,Card
COF-02941,2024-08-07,"Cocoa",9,6.25,56.25,Card
COF-02942,2024-03-28,"Cocoa",8,6.25,50,Card
COF-02943,2024-05-04,"Cocoa",2,6.25,12.5,Card
COF-02944,2025-03-19,"Cocoa",6,6.25,37.5,Card
COF-02945,2024-08-02,"Cocoa",6,6.25,37.5,Card
COF-02946,2024-11-10,"Cocoa",2,6.25,12.5,Card
COF-02947,2024-11-19,"Cocoa",2,6.25,12.5,Card
COF-02948,2025-03-25,"Cocoa",3,6.25,18.75,Card
COF-02949,2024-11-30,"Cocoa",3,6.25,18.75,Card
COF-02950,2024-08-14,"Cocoa",3,6.25,18.75,Card
COF-02951,2025-03-18,"Cocoa",7,6.25,43.75,Card
COF-02952,2024-04-26,"Cocoa",3,6.25,18.75,Card
COF-02953,2025-03-19,"Cocoa",8,6.25,50,Card
COF-02954,2024-09-16,"Cocoa",6,6.25,37.5,Card
COF-02955,2024-05-16,"Cocoa",2,6.25,12.5,Card
COF-02956,2024-12-27,"Cocoa",3,6.25,18.75,Card
COF-02957,2025-01-22,"Cocoa",8,6.25,50,Card
COF-02958,2024-07-08,"Cocoa",4,6.25,25,Card
COF-02959,2024-12-25,"Cocoa",5,6.25,31.25,Card
COF-02960,2024-10-03,"Cocoa",5,6.25,31.25,Card
COF-02961,2025-03-07,"Cocoa",7,6.25,43.75,Card
COF-02962,2024-03-03,"Cocoa",2,6.25,12.5,Card
COF-02963,2024-04-29,"Cocoa",3,6.25,18.75,Card
COF-02964,2024-09-24,"Cocoa",7,6.25,43.75,Card
COF-02965,2024-11-08,"Cocoa",3,6.25,18.75,Card
COF-02966,2024-07-19,"Cocoa",8,6.25,50,Card
COF-02967,2024-11-30,"Cocoa",9,6.25,56.25,Card
COF-02968,2024-09-13,"Cocoa",6,6.25,37.5,Card
COF-02969,2024-08-11,"Cocoa",7,6.25,43.75,Card
COF-02970,2024-04-24,"Cocoa",5,6.25,31.25,Card
COF-02971,2025-02-14,"Cocoa",5,6.25,31.25,Card
COF-02972,2024-12-23,"Cocoa",6,6.25,37.5,Card
COF-02973,2024-09-11,"Cocoa",3,6.25,18.75,Card
COF-02974,2024-12-09,"Cocoa",6,6.25,37.5,Card
COF-02975,2025-01-18,"Cocoa",4,6.25,25,Card
COF-02976,2024-06-30,"Cocoa",7,6.25,43.75,Card
COF-02977,2025-01-24,"Cocoa",5,6.25,31.25,Card
COF-02978,2024-10-20,"Cocoa",8,6.25,50,Card
COF-02979,2024-09-17,"Cocoa",5,6.25,31.25,Card
COF-02980,2024-10-11,"Cocoa",6,6.25,37.5,Card
COF-02981,2024-10-13,"Cocoa",2,6.25,12.5,Card
COF-02982,2024-09-25,"Cocoa",7,6.25,43.75,Card
COF-02983,2025-02-19,"Cocoa",9,6.25,56.25,Card
COF-02984,2025-01-04,"Cocoa",8,6.25,50,Card
COF-02985,2024-03-20,"Cocoa",9,6.25,56.25,Card
COF-02986,2024-04-15,"Cocoa",7,6.25,43.75,Card
COF-02987,2024-04-17,"Cocoa",2,6.25,12.5,Card
COF-02988,2024-06-21,"Cocoa",4,6.25,25,Card
COF-02989,2024-05-13,"Cocoa",4,6.25,25,Card
COF-02990,2025-03-23,"Cocoa",3,6.25,18.75,Card
COF-02991,2024-10-30,"Cocoa",9,6.25,56.25,Card
COF-02992,2024-12-05,"Cocoa",3,6.25,18.75,Card
COF-02993,2024-03-30,"Cocoa",4,6.25,25,Card
COF-02994,2025-03-06,"Cocoa",5,6.25,31.25,Card
COF-02995,2024-09-19,"Cocoa",2,6.25,12.5,Card
COF-02996,2024-03-10,"Cocoa",6,6.25,37.5,Card
COF-02997,2024-04-19,"Cocoa",5,6.25,31.25,Card
COF-02998,2025-02-03,"Cocoa",5,6.25,31.25,Card
COF-02999,2024-08-10,"Cocoa",4,6.25,25,Card
COF-03000,2025-02-11,"Cocoa",4,6.25,25,Card
COF-03001,2024-11-26,"Cocoa",9,6.25,56.25,Card
COF-03002,2024-09-03,"Cocoa",3,6.25,18.75,Card
COF-03003,2024-03-07,"Cocoa",4,6.25,25,Card
COF-03004,2024-12-11,"Cocoa",2,6.25,12.5,Card
COF-03005,2024-11-05,"Cocoa",3,6.25,18.75,Card
COF-03006,2024-04-29,"Cocoa",8,6.25,50,Card
COF-03007,2024-08-25,"Cocoa",3,6.25,18.75,Card
COF-03008,2024-12-01,"Cocoa",8,6.25,50,Card
COF-03009,2024-07-22,"Cocoa",8,6.25,50,Card
COF-03010,2024-04-09,"Cocoa",4,6.25,25,Card
COF-03011,2025-02-17,"Cocoa",3,6.25,18.75,Card
COF-03012,2024-07-04,"Cocoa",4,6.25,25,Card
COF-03013,2024-05-03,"Cocoa",2,6.25,12.5,Card
COF-03014,2024-10-23,"Cocoa",2,6.25,12.5,Card
COF-03015,2024-03-16,"Cocoa",5,6.25,31.25,Card
COF-03016,2024-07-27,"Cocoa",3,6.25,18.75,Card
COF-03017,2025-01-08,"Cocoa",4,6.25,25,Card
COF-03018,2024-08-25,"Cocoa",5,6.25,31.25,Card
COF-03019,2024-10-19,"Cocoa",9,6.25,56.25,Card
COF-03020,2025-01-06,"Cocoa",2,6.25,12.5,Card
COF-03021,2024-08-31,"Cocoa",9,6.25,56.25,Card
COF-03022,2025-03-24,"Cocoa",8,6.25,50,Card
COF-03023,2024-08-21,"Cocoa",4,6.25,25,Card
COF-03024,2024-05-22,"Cocoa",9,6.25,56.25,Card
COF-03025,2024-07-28,"Cocoa",8,6.25,50,Card
COF-03026,2024-10-09,"Cocoa",7,6.25,43.75,Card
COF-03027,2024-09-17,"Cocoa",9,6.25,56.25,Card
COF-03028,2024-05-23,"Cocoa",4,6.25,25,Card
COF-03029,2024-07-12,"Cocoa",5,6.25,31.25,Card
COF-03030,2024-12-29,"Cocoa",7,6.25,43.75,Card
COF-03031,2024-08-15,"Cocoa",4,6.25,25,Card
COF-03032,2024-09-02,"Cocoa",3,6.25,18.75,Card
COF-03033,2024-04-26,"Cocoa",2,6.25,12.5,Card
COF-03034,2024-09-16,"Cocoa",9,6.25,56.25,Card
COF-03035,2024-07-12,"Cocoa",6,6.25,37.5,Card
COF-03036,2025-01-05,"Cocoa",2,6.25,12.5,Card
COF-03037,2024-03-13,"Cocoa",2,6.25,12.5,Card
COF-03038,2024-10-30,"Cocoa",4,6.25,25,Card
COF-03039,2025-02-12,"Cocoa",4,6.25,25,Card
COF-03040,2024-03-08,"Cocoa",7,6.25,43.75,Card
COF-03041,2024-03-31,"Cocoa",7,6.25,43.75,Card
COF-03042,2024-11-17,"Cocoa",8,6.25,50,Card
COF-03043,2025-01-11,"Cocoa",9,6.25,56.25,Card
COF-03044,2024-03-23,"Cocoa",5,6.25,31.25,Card
COF-03045,2025-02-10,"Cocoa",2,6.25,12.5,Card
COF-03046,2024-10-30,"Cocoa",8,6.25,50,Card
COF-03047,2024-12-28,"Cocoa",6,6.25,37.5,Card
COF-03048,2024-05-13,"Cocoa",7,6.25,43.75,Card
COF-03049,2025-03-08,"Cocoa",8,6.25,50,Card
COF-03050,2025-01-17,"Cocoa",6,6.25,37.5,Card
COF-03051,2024-09-09,"Cocoa",3,6.25,18.75,Card
COF-03052,2024-05-14,"Cocoa",5,6.25,31.25,Card
COF-03053,2024-07-11,"Cocoa",7,6.25,43.75,Card
COF-03054,2024-11-14,"Cocoa",9,6.25,56.25,Card
COF-03055,2025-02-06,"Cocoa",9,6.25,56.25,Card
COF-03056,2024-12-15,"Cocoa",7,6.25,43.75,Card
COF-03057,2024-03-27,"Cocoa",4,6.25,25,Card
COF-03058,2025-02-13,"Cocoa",4,6.25,25,Card
COF-03059,2024-03-06,"Cocoa",9,6.25,56.25,Card
COF-03060,2025-02-10,"Cocoa",7,6.25,43.75,Card
COF-03061,2024-09-22,"Cocoa",9,6.25,56.25,Card
COF-03062,2025-01-26,"Cocoa",6,6.25,37.5,Card
COF-03063,2024-05-12,"Cocoa",7,6.25,43.75,Card
COF-03064,2025-01-06,"Cocoa",4,6.25,25,Card
COF-03065,2025-03-03,"Cocoa",2,6.25,12.5,Card
COF-03066,2024-05-22,"Cocoa",4,6.25,25,Card
COF-03067,2024-04-09,"Cocoa",3,6.25,18.75,Card
COF-03068,2025-01-18,"Cocoa",7,6.25,43.75,Card
COF-03069,2024-09-15,"Cocoa",6,6.25,37.5,Card
COF-03070,2024-07-07,"Cocoa",3,6.25,18.75,Card
COF-03071,2024-07-08,"Cocoa",5,6.25,31.25,Card
COF-03072,2025-01-18,"Cocoa",3,6.25,18.75,Cash
COF-03073,2025-01-29,"Cocoa",2,6.25,12.5,Card
COF-03074,2024-07-02,"Cocoa",6,6.25,37.5,Card
COF-03075,2024-12-04,"Cocoa",4,6.25,25,Card
COF-03076,2024-05-11,"Cocoa",9,6.25,56.25,Card
COF-03077,2024-09-24,"Cocoa",8,6.25,50,Card
COF-03078,2024-05-11,"Cocoa",8,6.25,50,Card
COF-03079,2025-02-25,"Cocoa",7,6.25,43.75,Card
COF-03080,2025-03-29,"Cocoa",4,6.25,25,Card
COF-03081,2024-08-15,"Cocoa",8,6.25,50,Card
COF-03082,2024-03-15,"Cocoa",5,6.25,31.25,Card
COF-03083,2024-06-04,"Cocoa",2,6.25,12.5,Card
COF-03084,2024-10-09,"Cocoa",4,6.25,25,Card
COF-03085,2024-07-17,"Cocoa",8,6.25,50,Card
COF-03086,2024-03-05,"Cocoa",2,6.25,12.5,Card
COF-03087,2024-07-14,"Cocoa",4,6.25,25,Card
COF-03088,2024-12-14,"Cocoa",8,6.25,50,Card
COF-03089,2025-03-19,"Cocoa",3,6.25,18.75,Card
COF-03090,2024-08-25,"Cocoa",9,6.25,56.25,Card
COF-03091,2024-12-30,"Cocoa",8,6.25,50,Card
COF-03092,2024-08-22,"Cocoa",9,6.25,56.25,Card
COF-03093,2024-10-02,"Cocoa",7,6.25,43.75,Card
COF-03094,2024-05-02,"Cocoa",9,6.25,56.25,Card
COF-03095,2024-05-06,"Cocoa",9,6.25,56.25,Card
COF-03096,2024-06-16,"Cocoa",8,6.25,50,Card
COF-03097,2025-01-30,"Cocoa",9,6.25,56.25,Card
COF-03098,2024-12-29,"Cocoa",7,6.25,43.75,Cash
COF-03099,2024-07-06,"Cocoa",7,6.25,43.75,Card
COF-03100,2024-04-25,"Cocoa",2,6.25,12.5,Card
COF-03101,2024-04-25,"Cocoa",8,6.25,50,Card
COF-03102,2024-10-02,"Cocoa",8,6.25,50,Card
COF-03103,2024-10-25,"Cocoa",9,6.25,56.25,Card
COF-03104,2025-03-21,"Cocoa",5,6.25,31.25,Card
COF-03105,2024-11-12,"Cocoa",3,6.25,18.75,Card
COF-03106,2025-01-11,"Cocoa",6,6.25,37.5,Card
COF-03107,2025-03-03,"Cocoa",7,6.25,43.75,Card
COF-03108,2024-11-30,"Cocoa",6,6.25,37.5,Cash
COF-03109,2025-01-28,"Cocoa",2,6.25,12.5,Card
COF-03110,2024-11-25,"Cocoa",2,6.25,12.5,Card
COF-03111,2024-11-04,"Cocoa",5,6.25,31.25,Card
COF-03112,2024-09-16,"Cocoa",2,6.25,12.5,Card
COF-03113,2024-11-10,"Cocoa",6,6.25,37.5,Card
COF-03114,2025-03-03,"Cocoa",7,6.25,43.75,Card
COF-03115,2024-04-06,"Cocoa",8,6.25,50,Card
COF-03116,2024-04-25,"Cocoa",2,6.25,12.5,Card
COF-03117,2024-11-06,"Cocoa",6,6.25,37.5,Card
COF-03118,2024-05-27,"Cocoa",3,6.25,18.75,Card
COF-03119,2024-03-01,"Cocoa",5,6.25,31.25,Card
COF-03120,2024-05-18,"Cocoa",7,6.25,43.75,Card
COF-03121,2024-07-04,"Cocoa",9,6.25,56.25,Card
COF-03122,2024-12-03,"Cocoa",4,6.25,25,Card
COF-03123,2025-01-31,"Cocoa",3,6.25,18.75,Card
COF-03124,2024-06-01,"Cocoa",3,6.25,18.75,Card
COF-03125,2024-11-21,"Cocoa",2,6.25,12.5,Card
COF-03126,2024-08-02,"Cocoa",6,6.25,37.5,Card
COF-03127,2024-10-14,"Cocoa",7,6.25,43.75,Card
COF-03128,2024-12-15,"Cocoa",2,6.25,12.5,Card
COF-03129,2024-03-25,"Cocoa",5,6.25,31.25,Card
COF-03130,2024-05-29,"Cocoa",6,6.25,37.5,Card
COF-03131,2025-03-14,"Cocoa",5,6.25,31.25,Card
COF-03132,2024-07-27,"Cocoa",6,6.25,37.5,Card
COF-03133,2024-04-23,"Cocoa",5,6.25,31.25,Card
COF-03134,2024-07-24,"Cocoa",4,6.25,25,Card
COF-03135,2024-06-28,"Cocoa",5,6.25,31.25,Card
COF-03136,2024-05-17,"Cocoa",6,6.25,37.5,Card
COF-03137,2024-07-15,"Cocoa",6,6.25,37.5,Card
COF-03138,2024-09-01,"Cocoa",7,6.25,43.75,Cash
COF-03139,2025-02-24,"Cocoa",6,6.25,37.5,Card
COF-03140,2024-05-16,"Cocoa",7,6.25,43.75,Card
COF-03141,2025-02-09,"Cocoa",6,6.25,37.5,Card
COF-03142,2024-10-21,"Cocoa",4,6.25,25,Card
COF-03143,2024-03-08,"Cocoa",4,6.25,25,Card
COF-03144,2024-06-19,"Cocoa",4,6.25,25,Card
COF-03145,2024-05-17,"Cocoa",3,6.25,18.75,Card
COF-03146,2025-02-23,"Cocoa",5,6.25,31.25,Card
COF-03147,2024-05-30,"Cocoa",8,6.25,50,Card
COF-03148,2025-03-24,"Cocoa",9,6.25,56.25,Card
COF-03149,2024-12-14,"Cocoa",5,6.25,31.25,Card
COF-03150,2025-02-27,"Cocoa",5,6.25,31.25,Card
COF-03151,2025-02-10,"Cocoa",9,6.25,56.25,Card
COF-03152,2024-10-20,"Cocoa",5,6.25,31.25,Card
COF-03153,2024-07-11,"Cocoa",7,6.25,43.75,Card
COF-03154,2024-11-16,"Cocoa",3,6.25,18.75,Card
COF-03155,2025-01-19,"Cocoa",2,6.25,12.5,Card
COF-03156,2024-11-06,"Cortado",4,5.25,21,Card
COF-03157,2024-10-21,"Cortado",2,5.25,10.5,Card
COF-03158,2024-05-29,"Cortado",9,5.25,47.25,Card
COF-03159,2024-04-03,"Cortado",9,5.25,47.25,Card
COF-03160,2024-12-23,"Cortado",8,5.25,42,Card
COF-03161,2025-02-16,"Cortado",2,5.25,10.5,Card
COF-03162,2024-07-23,"Cortado",5,5.25,26.25,Card
COF-03163,2024-08-29,"Cortado",6,5.25,31.5,Card
COF-03164,2024-12-18,"Cortado",6,5.25,31.5,Card
COF-03165,2024-09-25,"Cortado",6,5.25,31.5,Card
COF-03166,2024-10-24,"Cortado",3,5.25,15.75,Card
COF-03167,2024-09-27,"Cortado",2,5.25,10.5,Card
COF-03168,2024-08-07,"Cortado",4,5.25,21,Card
COF-03169,2025-02-08,"Cortado",7,5.25,36.75,Card
COF-03170,2025-03-22,"Cortado",6,5.25,31.5,Card
COF-03171,2025-03-04,"Cortado",6,5.25,31.5,Card
COF-03172,2024-07-10,"Cortado",8,5.25,42,Card
COF-03173,2024-08-15,"Cortado",5,5.25,26.25,Card
COF-03174,2024-03-18,"Cortado",3,5.25,15.75,Card
COF-03175,2024-12-04,"Cortado",8,5.25,42,Card
COF-03176,2024-08-21,"Cortado",7,5.25,36.75,Card
COF-03177,2024-04-04,"Cortado",5,5.25,26.25,Card
COF-03178,2025-03-02,"Cortado",3,5.25,15.75,Card
COF-03179,2024-10-12,"Cortado",5,5.25,26.25,Card
COF-03180,2024-07-25,"Cortado",5,5.25,26.25,Card
COF-03181,2024-07-10,"Cortado",5,5.25,26.25,Card
COF-03182,2024-04-14,"Cortado",8,5.25,42,Card
COF-03183,2025-02-09,"Cortado",3,5.25,15.75,Card
COF-03184,2024-10-28,"Cortado",3,5.25,15.75,Card
COF-03185,2024-04-29,"Cortado",5,5.25,26.25,Card
COF-03186,2024-10-06,"Cortado",7,5.25,36.75,Card
COF-03187,2024-03-14,"Cortado",5,5.25,26.25,Card
COF-03188,2024-10-19,"Cortado",9,5.25,47.25,Cash
COF-03189,2025-02-09,"Cortado",2,5.25,10.5,Card
COF-03190,2024-03-31,"Cortado",8,5.25,42,Card
COF-03191,2024-06-29,"Cortado",2,5.25,10.5,Card
COF-03192,2025-02-24,"Cortado",7,5.25,36.75,Card
COF-03193,2024-10-10,"Cortado",6,5.25,31.5,Card
COF-03194,2024-08-20,"Cortado",6,5.25,31.5,Card
COF-03195,2024-10-20,"Cortado",5,5.25,26.25,Card
COF-03196,2024-03-08,"Cortado",8,5.25,42,Card
COF-03197,2025-01-30,"Cortado",2,5.25,10.5,Card
COF-03198,2024-06-27,"Cortado",4,5.25,21,Card
COF-03199,2025-01-12,"Cortado",7,5.25,36.75,Card
COF-03200,2024-03-31,"Cortado",3,5.25,15.75,Card
COF-03201,2024-11-05,"Cortado",8,5.25,42,Card
COF-03202,2024-09-24,"Cortado",4,5.25,21,Card
COF-03203,2024-12-22,"Cortado",3,5.25,15.75,Card
COF-03204,2024-05-31,"Cortado",9,5.25,47.25,Card
COF-03205,2024-08-16,"Cortado",6,5.25,31.5,Card
COF-03206,2024-08-26,"Cortado",9,5.25,47.25,Card
COF-03207,2024-12-08,"Cortado",8,5.25,42,Card
COF-03208,2024-11-05,"Cortado",3,5.25,15.75,Card
COF-03209,2024-09-10,"Cortado",2,5.25,10.5,Card
COF-03210,2025-02-19,"Cortado",2,5.25,10.5,Card
COF-03211,2024-04-09,"Cortado",5,5.25,26.25,Card
COF-03212,2024-06-06,"Cortado",8,5.25,42,Card
COF-03213,2024-03-28,"Cortado",2,5.25,10.5,Card
COF-03214,2024-05-13,"Cortado",4,5.25,21,Card
COF-03215,2025-03-15,"Cortado",6,5.25,31.5,Card
COF-03216,2024-11-25,"Cortado",8,5.25,42,Card
COF-03217,2024-05-16,"Cortado",4,5.25,21,Card
COF-03218,2024-05-10,"Cortado",4,5.25,21,Card
COF-03219,2024-10-11,"Cortado",9,5.25,47.25,Card
COF-03220,2024-11-27,"Cortado",2,5.25,10.5,Card
COF-03221,2024-08-08,"Cortado",8,5.25,42,Card
COF-03222,2025-01-15,"Cortado",3,5.25,15.75,Card
COF-03223,2024-12-26,"Cortado",3,5.25,15.75,Card
COF-03224,2024-04-10,"Cortado",5,5.25,26.25,Card
COF-03225,2024-06-06,"Cortado",6,5.25,31.5,Card
COF-03226,2024-12-02,"Cortado",7,5.25,36.75,Card
COF-03227,2024-12-12,"Cortado",8,5.25,42,Card
COF-03228,2025-03-24,"Cortado",7,5.25,36.75,Card
COF-03229,2024-05-25,"Cortado",9,5.25,47.25,Card
COF-03230,2025-03-17,"Cortado",7,5.25,36.75,Card
COF-03231,2024-05-18,"Cortado",5,5.25,26.25,Card
COF-03232,2025-02-07,"Cortado",8,5.25,42,Card
COF-03233,2024-08-06,"Cortado",3,5.25,15.75,Card
COF-03234,2024-09-23,"Cortado",9,5.25,47.25,Card
COF-03235,2025-03-10,"Cortado",2,5.25,10.5,Card
COF-03236,2025-01-19,"Cortado",9,5.25,47.25,Card
COF-03237,2025-01-13,"Cortado",8,5.25,42,Card
COF-03238,2025-03-14,"Cortado",9,5.25,47.25,Card
COF-03239,2024-05-07,"Cortado",5,5.25,26.25,Card
COF-03240,2024-07-28,"Cortado",6,5.25,31.5,Card
COF-03241,2024-07-29,"Cortado",8,5.25,42,Card
COF-03242,2025-03-25,"Cortado",9,5.25,47.25,Card
COF-03243,2025-02-19,"Cortado",5,5.25,26.25,Card
COF-03244,2024-05-03,"Cortado",4,5.25,21,Card
COF-03245,2024-04-20,"Cortado",3,5.25,15.75,Card
COF-03246,2024-08-21,"Cortado",2,5.25,10.5,Card
COF-03247,2025-01-05,"Cortado",5,5.25,26.25,Card
COF-03248,2024-06-22,"Cortado",3,5.25,15.75,Card
COF-03249,2024-09-06,"Cortado",3,5.25,15.75,Card
COF-03250,2025-01-14,"Cortado",7,5.25,36.75,Card
COF-03251,2024-06-18,"Cortado",2,5.25,10.5,Card
COF-03252,2024-06-18,"Cortado",3,5.25,15.75,Card
COF-03253,2024-05-16,"Cortado",9,5.25,47.25,Card
COF-03254,2025-03-22,"Cortado",9,5.25,47.25,Card
COF-03255,2024-04-03,"Cortado",7,5.25,36.75,Card
COF-03256,2025-01-15,"Cortado",8,5.25,42,Card
COF-03257,2024-07-14,"Cortado",7,5.25,36.75,Card
COF-03258,2024-09-27,"Cortado",6,5.25,31.5,Card
COF-03259,2024-05-26,"Cortado",2,5.25,10.5,Card
COF-03260,2024-11-28,"Cortado",6,5.25,31.5,Card
COF-03261,2024-10-14,"Cortado",2,5.25,10.5,Card
COF-03262,2024-08-03,"Cortado",9,5.25,47.25,Card
COF-03263,2025-03-17,"Cortado",8,5.25,42,Card
COF-03264,2024-12-25,"Cortado",3,5.25,15.75,Card
COF-03265,2024-08-17,"Cortado",8,5.25,42,Card
COF-03266,2024-08-21,"Cortado",3,5.25,15.75,Card
COF-03267,2024-06-04,"Cortado",7,5.25,36.75,Card
COF-03268,2024-11-17,"Cortado",5,5.25,26.25,Card
COF-03269,2025-03-19,"Cortado",7,5.25,36.75,Card
COF-03270,2024-07-23,"Cortado",2,5.25,10.5,Card
COF-03271,2024-09-11,"Cortado",6,5.25,31.5,Card
COF-03272,2024-09-23,"Cortado",5,5.25,26.25,Card
COF-03273,2025-02-08,"Cortado",7,5.25,36.75,Card
COF-03274,2024-06-25,"Cortado",8,5.25,42,Card
COF-03275,2024-12-03,"Cortado",6,5.25,31.5,Card
COF-03276,2024-07-04,"Cortado",2,5.25,10.5,Card
COF-03277,2024-12-08,"Cortado",8,5.25,42,Card
COF-03278,2024-04-19,"Cortado",5,5.25,26.25,Card
COF-03279,2024-06-08,"Cortado",9,5.25,47.25,Card
COF-03280,2024-12-12,"Cortado",5,5.25,26.25,Card
COF-03281,2025-01-30,"Cortado",6,5.25,31.5,Card
COF-03282,2024-03-06,"Cortado",4,5.25,21,Card
COF-03283,2024-10-29,"Cortado",9,5.25,47.25,Card
COF-03284,2024-11-13,"Cortado",6,5.25,31.5,Card
COF-03285,2024-12-23,"Cortado",9,5.25,47.25,Card
COF-03286,2024-08-19,"Cortado",9,5.25,47.25,Card
COF-03287,2024-09-03,"Cortado",7,5.25,36.75,Card
COF-03288,2024-11-09,"Cortado",7,5.25,36.75,Card
COF-03289,2024-05-01,"Cortado",4,5.25,21,Card
COF-03290,2024-11-02,"Cortado",4,5.25,21,Card
COF-03291,2024-05-18,"Cortado",3,5.25,15.75,Card
COF-03292,2024-11-03,"Cortado",5,5.25,26.25,Card
COF-03293,2024-05-11,"Cortado",7,5.25,36.75,Card
COF-03294,2024-12-23,"Cortado",7,5.25,36.75,Card
COF-03295,2024-07-30,"Cortado",2,5.25,10.5,Card
COF-03296,2024-07-30,"Cortado",4,5.25,21,Card
COF-03297,2024-03-05,"Cortado",8,5.25,42,Card
COF-03298,2024-12-23,"Cortado",4,5.25,21,Card
COF-03299,2024-09-12,"Cortado",3,5.25,15.75,Card
COF-03300,2024-09-24,"Cortado",8,5.25,42,Card
COF-03301,2024-11-25,"Cortado",9,5.25,47.25,Card
COF-03302,2025-02-27,"Cortado",5,5.25,26.25,Card
COF-03303,2024-06-04,"Cortado",3,5.25,15.75,Card
COF-03304,2024-10-14,"Cortado",4,5.25,21,Card
COF-03305,2024-10-07,"Cortado",7,5.25,36.75,Card
COF-03306,2024-08-25,"Cortado",4,5.25,21,Card
COF-03307,2024-03-24,"Cortado",8,5.25,42,Card
COF-03308,2024-10-09,"Cortado",6,5.25,31.5,Card
COF-03309,2024-09-27,"Cortado",5,5.25,26.25,Card
COF-03310,2024-09-12,"Cortado",3,5.25,15.75,Card
COF-03311,2024-06-28,"Cortado",7,5.25,36.75,Card
COF-03312,2024-08-15,"Cortado",2,5.25,10.5,Card
COF-03313,2024-10-08,"Cortado",5,5.25,26.25,Card
COF-03314,2025-01-09,"Cortado",3,5.25,15.75,Card
COF-03315,2025-03-28,"Cortado",5,5.25,26.25,Card
COF-03316,2024-11-25,"Cortado",3,5.25,15.75,Card
COF-03317,2025-01-23,"Cortado",2,5.25,10.5,Card
COF-03318,2024-07-20,"Cortado",5,5.25,26.25,Card
COF-03319,2025-02-22,"Cortado",2,5.25,10.5,Card
COF-03320,2024-05-12,"Cortado",5,5.25,26.25,Cash
COF-03321,2024-09-25,"Cortado",7,5.25,36.75,Card
COF-03322,2024-06-14,"Cortado",4,5.25,21,Card
COF-03323,2024-08-25,"Cortado",3,5.25,15.75,Card
COF-03324,2024-05-31,"Cortado",9,5.25,47.25,Card
COF-03325,2025-03-22,"Cortado",4,5.25,21,Card
COF-03326,2024-12-20,"Cortado",6,5.25,31.5,Card
COF-03327,2025-02-15,"Cortado",8,5.25,42,Card
COF-03328,2024-07-23,"Cortado",7,5.25,36.75,Card
COF-03329,2024-06-23,"Cortado",9,5.25,47.25,Card
COF-03330,2024-12-18,"Cortado",6,5.25,31.5,Card
COF-03331,2024-07-11,"Cortado",5,5.25,26.25,Card
COF-03332,2024-10-28,"Cortado",4,5.25,21,Card
COF-03333,2024-06-10,"Cortado",7,5.25,36.75,Card
COF-03334,2025-03-20,"Cortado",3,5.25,15.75,Card
COF-03335,2025-02-12,"Cortado",6,5.25,31.5,Card
COF-03336,2024-04-30,"Cortado",5,5.25,26.25,Card
COF-03337,2024-08-28,"Cortado",3,5.25,15.75,Card
COF-03338,2024-05-20,"Cortado",4,5.25,21,Card
COF-03339,2024-12-22,"Cortado",3,5.25,15.75,Card
COF-03340,2025-02-22,"Cortado",9,5.25,47.25,Card
COF-03341,2024-08-06,"Cortado",7,5.25,36.75,Card
COF-03342,2024-12-02,"Cortado",9,5.25,47.25,Card
COF-03343,2024-12-10,"Cortado",4,5.25,21,Card
COF-03344,2024-06-02,"Cortado",5,5.25,26.25,Card
COF-03345,2024-03-05,"Cortado",9,5.25,47.25,Card
COF-03346,2024-05-16,"Cortado",5,5.25,26.25,Card
COF-03347,2025-03-04,"Cortado",3,5.25,15.75,Card
COF-03348,2025-03-30,"Cortado",4,5.25,21,Card
COF-03349,2024-08-08,"Cortado",3,5.25,15.75,Card
COF-03350,2024-09-30,"Cortado",8,5.25,42,Card
COF-03351,2024-07-03,"Cortado",4,5.25,21,Card
COF-03352,2025-01-25,"Cortado",6,5.25,31.5,Card
COF-03353,2024-08-25,"Cortado",3,5.25,15.75,Card
COF-03354,2024-11-11,"Cortado",5,5.25,26.25,Cash
COF-03355,2024-05-19,"Cortado",3,5.25,15.75,Card
COF-03356,2024-12-04,"Cortado",3,5.25,15.75,Card
COF-03357,2025-02-28,"Cortado",6,5.25,31.5,Card
COF-03358,2024-03-06,"Cortado",9,5.25,47.25,Card
COF-03359,2024-12-29,"Cortado",5,5.25,26.25,Card
COF-03360,2024-06-09,"Cortado",4,5.25,21,Card
COF-03361,2024-08-18,"Cortado",3,5.25,15.75,Card
COF-03362,2025-02-16,"Cortado",9,5.25,47.25,Card
COF-03363,2024-04-08,"Cortado",3,5.25,15.75,Card
COF-03364,2024-04-06,"Cortado",7,5.25,36.75,Card
COF-03365,2024-07-23,"Cortado",4,5.25,21,Card
COF-03366,2024-10-04,"Cortado",8,5.25,42,Card
COF-03367,2024-11-27,"Cortado",7,5.25,36.75,Card
COF-03368,2024-12-04,"Cortado",6,5.25,31.5,Card
COF-03369,2024-08-19,"Cortado",4,5.25,21,Card
COF-03370,2025-02-22,"Cortado",2,5.25,10.5,Card
COF-03371,2024-04-09,"Cortado",3,5.25,15.75,Card
COF-03372,2025-03-07,"Cortado",3,5.25,15.75,Card
COF-03373,2024-09-17,"Cortado",4,5.25,21,Card
COF-03374,2024-09-28,"Cortado",6,5.25,31.5,Cash
COF-03375,2024-03-12,"Cortado",8,5.25,42,Card
COF-03376,2024-07-27,"Cortado",7,5.25,36.75,Card
COF-03377,2024-04-25,"Cortado",3,5.25,15.75,Card
COF-03378,2024-07-22,"Cortado",6,5.25,31.5,Card
COF-03379,2025-01-20,"Cortado",7,5.25,36.75,Card
COF-03380,2024-05-19,"Cortado",5,5.25,26.25,Card
COF-03381,2024-12-27,"Cortado",3,5.25,15.75,Card
COF-03382,2024-05-13,"Cortado",9,5.25,47.25,Card
COF-03383,2024-08-10,"Cortado",5,5.25,26.25,Card
COF-03384,2024-08-25,"Cortado",2,5.25,10.5,Card
COF-03385,2024-12-28,"Cortado",3,5.25,15.75,Card
COF-03386,2025-03-03,"Cortado",7,5.25,36.75,Card
COF-03387,2024-09-13,"Cortado",2,5.25,10.5,Card
COF-03388,2024-11-26,"Cortado",8,5.25,42,Card
COF-03389,2024-10-05,"Cortado",7,5.25,36.75,Card
COF-03390,2024-06-27,"Cortado",2,5.25,10.5,Card
COF-03391,2024-11-28,"Cortado",4,5.25,21,Card
COF-03392,2024-11-25,"Cortado",8,5.25,42,Card
COF-03393,2025-02-20,"Cortado",8,5.25,42,Card
COF-03394,2024-06-13,"Cortado",9,5.25,47.25,Card
COF-03395,2024-11-03,"Cortado",7,5.25,36.75,Card
COF-03396,2024-04-20,"Cortado",6,5.25,31.5,Card
COF-03397,2024-09-14,"Cortado",9,5.25,47.25,Card
COF-03398,2025-01-02,"Cortado",7,5.25,36.75,Card
COF-03399,2025-03-17,"Cortado",2,5.25,10.5,Card
COF-03400,2024-06-11,"Cortado",7,5.25,36.75,Card
COF-03401,2025-02-28,"Cortado",2,5.25,10.5,Card
COF-03402,2024-10-14,"Cortado",8,5.25,42,Card
COF-03403,2024-11-05,"Cortado",2,5.25,10.5,Card
COF-03404,2024-11-23,"Cortado",2,5.25,10.5,Card
COF-03405,2025-03-12,"Cortado",3,5.25,15.75,Card
COF-03406,2024-08-19,"Cortado",2,5.25,10.5,Card
COF-03407,2024-11-25,"Cortado",5,5.25,26.25,Card
COF-03408,2024-05-23,"Cortado",8,5.25,42,Card
COF-03409,2024-08-23,"Cortado",9,5.25,47.25,Card
COF-03410,2024-08-27,"Cortado",7,5.25,36.75,Card
COF-03411,2025-03-30,"Cortado",7,5.25,36.75,Card
COF-03412,2024-10-16,"Cortado",4,5.25,21,Card
COF-03413,2025-02-25,"Cortado",2,5.25,10.5,Card
COF-03414,2024-08-18,"Cortado",5,5.25,26.25,Card
COF-03415,2024-03-16,"Cortado",8,5.25,42,Card
COF-03416,2024-05-25,"Cortado",8,5.25,42,Card
COF-03417,2024-07-01,"Cortado",6,5.25,31.5,Cash
COF-03418,2024-07-15,"Cortado",6,5.25,31.5,Card
COF-03419,2024-04-16,"Cortado",7,5.25,36.75,Card
COF-03420,2024-04-03,"Cortado",3,5.25,15.75,Card
COF-03421,2024-04-25,"Cortado",3,5.25,15.75,Card
COF-03422,2024-11-26,"Cortado",7,5.25,36.75,Card
COF-03423,2024-11-03,"Cortado",4,5.25,21,Card
COF-03424,2024-06-02,"Cortado",6,5.25,31.5,Cash
COF-03425,2024-04-28,"Cortado",3,5.25,15.75,Card
COF-03426,2024-11-02,"Cortado",3,5.25,15.75,Card
COF-03427,2024-07-21,"Cortado",3,5.25,15.75,Card
COF-03428,2024-04-19,"Cortado",3,5.25,15.75,Card
COF-03429,2024-11-22,"Cortado",7,5.25,36.75,Card
COF-03430,2024-03-01,"Cortado",5,5.25,26.25,Card
COF-03431,2024-10-04,"Espresso",7,3.5,24.5,Card
COF-03432,2024-04-03,"Espresso",3,3.5,10.5,Card
COF-03433,2024-04-30,"Espresso",3,3.5,10.5,Card
COF-03434,2024-09-06,"Espresso",5,3.5,17.5,Card
COF-03435,2024-10-18,"Espresso",1,3.5,3.5,Cash
COF-03436,2024-03-05,"Espresso",2,3.5,7,Card
COF-03437,2024-06-21,"Espresso",4,3.5,14,Card
COF-03438,2024-07-08,"Espresso",6,3.5,21,Card
COF-03439,2024-12-26,"Espresso",1,3.5,3.5,Card
COF-03440,2024-05-10,"Espresso",1,3.5,3.5,Card
COF-03441,2024-07-07,"Espresso",5,3.5,17.5,Card
COF-03442,2024-06-08,"Espresso",6,3.5,21,Card
COF-03443,2024-04-06,"Espresso",1,3.5,3.5,Card
COF-03444,2024-10-25,"Espresso",4,3.5,14,Card
COF-03445,2025-01-27,"Espresso",8,3.5,28,Card
COF-03446,2024-11-08,"Espresso",5,3.5,17.5,Card
COF-03447,2024-05-08,"Espresso",6,3.5,21,Card
COF-03448,2024-12-14,"Espresso",6,3.5,21,Card
COF-03449,2024-04-10,"Espresso",2,3.5,7,Card
COF-03450,2024-03-06,"Espresso",3,3.5,10.5,Card
COF-03451,2024-06-24,"Espresso",8,3.5,28,Card
COF-03452,2024-04-13,"Espresso",2,3.5,7,Card
COF-03453,2024-10-01,"Espresso",3,3.5,10.5,Card
COF-03454,2024-07-06,"Espresso",8,3.5,28,Card
COF-03455,2024-07-27,"Espresso",6,3.5,21,Card
COF-03456,2024-12-09,"Espresso",4,3.5,14,Card
COF-03457,2024-06-14,"Espresso",1,3.5,3.5,Card
COF-03458,2025-03-16,"Espresso",1,3.5,3.5,Card
COF-03459,2024-10-16,"Espresso",5,3.5,17.5,Card
COF-03460,2025-03-10,"Espresso",2,3.5,7,Card
COF-03461,2024-10-19,"Espresso",1,3.5,3.5,Card
COF-03462,2024-11-26,"Espresso",3,3.5,10.5,Card
COF-03463,2024-09-05,"Espresso",6,3.5,21,Card
COF-03464,2024-11-22,"Espresso",1,3.5,3.5,Card
COF-03465,2024-11-27,"Espresso",7,3.5,24.5,Card
COF-03466,2024-07-04,"Espresso",3,3.5,10.5,Card
COF-03467,2025-03-06,"Espresso",4,3.5,14,Card
COF-03468,2024-06-11,"Espresso",6,3.5,21,Card
COF-03469,2025-01-11,"Espresso",3,3.5,10.5,Card
COF-03470,2025-03-31,"Espresso",5,3.5,17.5,Card
COF-03471,2024-03-23,"Espresso",5,3.5,17.5,Card
COF-03472,2025-03-01,"Espresso",6,3.5,21,Card
COF-03473,2024-08-05,"Espresso",6,3.5,21,Card
COF-03474,2024-09-27,"Espresso",2,3.5,7,Card
COF-03475,2024-04-16,"Espresso",5,3.5,17.5,Card
COF-03476,2024-06-15,"Espresso",3,3.5,10.5,Card
COF-03477,2024-10-25,"Espresso",3,3.5,10.5,Card
COF-03478,2025-02-10,"Espresso",1,3.5,3.5,Card
COF-03479,2024-12-13,"Espresso",3,3.5,10.5,Card
COF-03480,2024-09-27,"Espresso",8,3.5,28,Card
COF-03481,2024-09-26,"Espresso",4,3.5,14,Card
COF-03482,2024-05-07,"Espresso",5,3.5,17.5,Card
COF-03483,2024-03-10,"Espresso",7,3.5,24.5,Card
COF-03484,2025-02-21,"Espresso",8,3.5,28,Card
COF-03485,2024-11-19,"Espresso",4,3.5,14,Card
COF-03486,2025-03-25,"Espresso",2,3.5,7,Card
COF-03487,2024-05-11,"Espresso",5,3.5,17.5,Card
COF-03488,2025-01-15,"Espresso",4,3.5,14,Card
COF-03489,2024-07-02,"Espresso",2,3.5,7,Card
COF-03490,2024-08-13,"Espresso",2,3.5,7,Card
COF-03491,2024-09-19,"Espresso",7,3.5,24.5,Card
COF-03492,2024-08-01,"Espresso",1,3.5,3.5,Card
COF-03493,2024-10-04,"Espresso",8,3.5,28,Card
COF-03494,2024-09-24,"Espresso",2,3.5,7,Card
COF-03495,2024-03-18,"Espresso",6,3.5,21,Card
COF-03496,2024-10-17,"Espresso",2,3.5,7,Card
COF-03497,2024-10-30,"Espresso",6,3.5,21,Card
COF-03498,2024-05-10,"Espresso",3,3.5,10.5,Card
COF-03499,2025-03-03,"Espresso",6,3.5,21,Card
COF-03500,2025-03-07,"Espresso",7,3.5,24.5,Card
COF-03501,2025-02-27,"Espresso",5,3.5,17.5,Card
COF-03502,2024-12-04,"Espresso",4,3.5,14,Card
COF-03503,2025-02-02,"Espresso",3,3.5,10.5,Card
COF-03504,2024-07-31,"Espresso",4,3.5,14,Card
COF-03505,2024-05-08,"Espresso",6,3.5,21,Card
COF-03506,2024-09-30,"Espresso",7,3.5,24.5,Card
COF-03507,2025-02-28,"Espresso",6,3.5,21,Card
COF-03508,2025-03-23,"Espresso",7,3.5,24.5,Card
COF-03509,2024-05-28,"Espresso",3,3.5,10.5,Card
COF-03510,2024-08-27,"Espresso",4,3.5,14,Card
COF-03511,2024-11-25,"Espresso",5,3.5,17.5,Card
COF-03512,2024-10-04,"Espresso",5,3.5,17.5,Card
COF-03513,2025-03-11,"Espresso",3,3.5,10.5,Card
COF-03514,2024-06-23,"Espresso",6,3.5,21,Card
COF-03515,2024-05-21,"Espresso",2,3.5,7,Card
COF-03516,2025-03-27,"Espresso",1,3.5,3.5,Card
COF-03517,2024-03-28,"Espresso",4,3.5,14,Card
COF-03518,2024-07-31,"Espresso",1,3.5,3.5,Card
COF-03519,2024-08-29,"Espresso",8,3.5,28,Card
COF-03520,2024-04-14,"Espresso",4,3.5,14,Card
COF-03521,2024-10-02,"Espresso",4,3.5,14,Card
COF-03522,2024-04-17,"Espresso",6,3.5,21,Card
COF-03523,2024-04-13,"Espresso",5,3.5,17.5,Card
COF-03524,2024-11-12,"Espresso",5,3.5,17.5,Card
COF-03525,2024-08-01,"Espresso",6,3.5,21,Cash
COF-03526,2024-03-16,"Espresso",7,3.5,24.5,Card
COF-03527,2024-04-28,"Espresso",2,3.5,7,Card
COF-03528,2025-01-17,"Espresso",4,3.5,14,Card
COF-03529,2024-07-08,"Espresso",3,3.5,10.5,Card
COF-03530,2025-03-14,"Espresso",1,3.5,3.5,Card
COF-03531,2025-01-25,"Espresso",7,3.5,24.5,Card
COF-03532,2024-06-06,"Espresso",6,3.5,21,Card
COF-03533,2024-04-17,"Espresso",1,3.5,3.5,Card
COF-03534,2024-09-08,"Espresso",8,3.5,28,Card
COF-03535,2024-11-13,"Espresso",4,3.5,14,Card
COF-03536,2024-09-26,"Espresso",8,3.5,28,Card
COF-03537,2024-04-21,"Espresso",4,3.5,14,Card
COF-03538,2024-05-31,"Espresso",8,3.5,28,Card
COF-03539,2024-12-17,"Espresso",6,3.5,21,Cash
COF-03540,2024-12-20,"Espresso",7,3.5,24.5,Card
COF-03541,2024-05-31,"Espresso",2,3.5,7,Card
COF-03542,2024-07-29,"Espresso",7,3.5,24.5,Card
COF-03543,2024-10-10,"Espresso",2,3.5,7,Card
COF-03544,2024-11-22,"Espresso",8,3.5,28,Card
COF-03545,2024-03-18,"Espresso",6,3.5,21,Card
COF-03546,2025-03-08,"Espresso",2,3.5,7,Card
COF-03547,2024-06-18,"Espresso",7,3.5,24.5,Card
COF-03548,2024-05-21,"Espresso",7,3.5,24.5,Card
COF-03549,2024-09-15,"Espresso",5,3.5,17.5,Card
COF-03550,2024-10-31,"Espresso",5,3.5,17.5,Cash
COF-03551,2024-07-01,"Espresso",4,3.5,14,Card
COF-03552,2024-04-16,"Espresso",3,3.5,10.5,Card
COF-03553,2025-02-01,"Espresso",3,3.5,10.5,Card
COF-03554,2024-03-16,"Espresso",8,3.5,28,Card
COF-03555,2024-09-16,"Espresso",4,3.5,14,Card
COF-03556,2024-09-07,"Espresso",2,3.5,7,Card
COF-03557,2025-02-14,"Espresso",7,3.5,24.5,Card
COF-03558,2024-03-23,"Espresso",4,3.5,14,Card
COF-03559,2024-04-13,"Espresso",1,3.5,3.5,Card
COF-03560,2025-02-03,"Espresso",8,3.5,28,Card
COF-03561,2025-02-15,"Espresso",8,3.5,28,Card
COF-03562,2025-02-06,"Espresso",3,3.5,10.5,Card
COF-03563,2024-08-04,"Espresso",8,3.5,28,Card
COF-03564,2024-11-07,"Espresso",1,3.5,3.5,Card
COF-03565,2024-07-18,"Espresso",2,3.5,7,Card
COF-03566,2024-08-23,"Espresso",6,3.5,21,Card
COF-03567,2024-05-10,"Espresso",1,3.5,3.5,Card
COF-03568,2024-10-12,"Espresso",6,3.5,21,Card
COF-03569,2024-08-27,"Espresso",3,3.5,10.5,Card
COF-03570,2024-06-26,"Espresso",1,3.5,3.5,Card
COF-03571,2024-08-04,"Espresso",8,3.5,28,Card
COF-03572,2024-08-06,"Espresso",2,3.5,7,Cash
COF-03573,2024-05-27,"Espresso",6,3.5,21,Card
COF-03574,2025-03-12,"Espresso",1,3.5,3.5,Card
COF-03575,2025-02-16,"Espresso",2,3.5,7,Card
COF-03576,2024-11-20,"Espresso",6,3.5,21,Card
COF-03577,2024-05-05,"Espresso",6,3.5,21,Card
COF-03578,2025-03-15,"Espresso",6,3.5,21,Card
COF-03579,2025-01-07,"Espresso",3,3.5,10.5,Card
COF-03580,2025-02-28,"Espresso",4,3.5,14,Card
COF-03581,2024-11-06,"Espresso",1,3.5,3.5,Card
COF-03582,2024-05-11,"Espresso",2,3.5,7,Card
COF-03583,2024-09-18,"Espresso",8,3.5,28,Card
COF-03584,2025-01-17,"Espresso",2,3.5,7,Card
COF-03585,2024-06-18,"Espresso",2,3.5,7,Card
COF-03586,2024-05-03,"Espresso",6,3.5,21,Card
COF-03587,2024-03-04,"Espresso",7,3.5,24.5,Card
COF-03588,2024-11-26,"Espresso",2,3.5,7,Card
COF-03589,2025-02-23,"Espresso",4,3.5,14,Card
COF-03590,2024-09-26,"Espresso",5,3.5,17.5,Card
COF-03591,2025-01-12,"Espresso",3,3.5,10.5,Card
COF-03592,2025-03-26,"Espresso",3,3.5,10.5,Card
COF-03593,2024-07-12,"Espresso",6,3.5,21,Cash
COF-03594,2024-10-28,"Espresso",2,3.5,7,Card
COF-03595,2024-04-26,"Espresso",3,3.5,10.5,Card
COF-03596,2024-06-10,"Espresso",6,3.5,21,Card
COF-03597,2025-03-02,"Espresso",6,3.5,21,Card
COF-03598,2024-12-15,"Espresso",8,3.5,28,Card
COF-03599,2024-10-07,"Espresso",8,3.5,28,Card
COF-03600,2024-10-16,"Espresso",3,3.5,10.5,Card
COF-03601,2025-01-03,"Espresso",8,3.5,28,Card
COF-03602,2024-06-08,"Espresso",1,3.5,3.5,Card
COF-03603,2025-01-26,"Espresso",3,3.5,10.5,Card
COF-03604,2025-03-10,"Espresso",7,3.5,24.5,Card
COF-03605,2024-09-05,"Espresso",4,3.5,14,Card
COF-03606,2025-01-11,"Espresso",5,3.5,17.5,Card
COF-03607,2025-02-19,"Espresso",6,3.5,21,Card
COF-03608,2025-02-06,"Espresso",5,3.5,17.5,Card
COF-03609,2024-05-18,"Espresso",1,3.5,3.5,Card
COF-03610,2024-10-25,"Espresso",4,3.5,14,Card
COF-03611,2024-03-09,"Espresso",7,3.5,24.5,Card
COF-03612,2024-05-20,"Espresso",7,3.5,24.5,Card
COF-03613,2024-08-10,"Espresso",8,3.5,28,Card
COF-03614,2024-09-23,"Espresso",4,3.5,14,Card
COF-03615,2024-10-02,"Espresso",8,3.5,28,Card
COF-03616,2024-11-20,"Espresso",3,3.5,10.5,Card
COF-03617,2025-03-30,"Espresso",7,3.5,24.5,Card
COF-03618,2024-05-13,"Espresso",6,3.5,21,Card
COF-03619,2024-03-19,"Espresso",8,3.5,28,Card
COF-03620,2024-07-21,"Espresso",1,3.5,3.5,Card
COF-03621,2024-09-28,"Espresso",2,3.5,7,Card
COF-03622,2024-10-01,"Espresso",8,3.5,28,Card
COF-03623,2024-09-27,"Espresso",3,3.5,10.5,Card
COF-03624,2024-08-25,"Espresso",4,3.5,14,Card
COF-03625,2024-08-23,"Espresso",4,3.5,14,Card
COF-03626,2024-07-25,"Espresso",3,3.5,10.5,Card
COF-03627,2024-05-08,"Espresso",5,3.5,17.5,Card
COF-03628,2025-02-10,"Espresso",5,3.5,17.5,Card
COF-03629,2025-03-16,"Espresso",7,3.5,24.5,Card
COF-03630,2025-01-19,"Espresso",2,3.5,7,Card
COF-03631,2025-01-12,"Espresso",1,3.5,3.5,Card
COF-03632,2024-08-04,"Espresso",8,3.5,28,Card
COF-03633,2024-09-23,"Espresso",1,3.5,3.5,Card
COF-03634,2024-12-20,"Espresso",2,3.5,7,Card
COF-03635,2025-03-10,"Espresso",5,3.5,17.5,Card
COF-03636,2024-12-25,"Espresso",6,3.5,21,Card
